customer_id,first_name,last_name,email,phone,city,state,country,signup_date,customer_segment
CUST00001,Patricia,Smith,patricia.smith1@example.com,804-242-2679,Naperville,IL,United States,2023-05-17,Small Business
CUST00002,Daniel,Wilson,daniel.wilson2@example.com,804-338-9279,Los Angeles,CA,United States,2022-07-11,Small Business
CUST00003,Karen,Wilson,karen.wilson3@example.com,804-877-3615,San Antonio,TX,United States,2023-07-24,Small Business
CUST00004,Michael,Hernandez,michael.hernandez4@example.com,804-467-6635,Los Angeles,CA,United States,2024-02-18,Small Business
CUST00005,Thomas,Moore,thomas.moore5@example.com,804-400-6925,San Francisco,CA,United States,2022-06-11,Small Business
CUST00006,Linda,Martinez,linda.martinez6@example.com,804-384-8428,San Diego,CA,United States,2022-07-26,Small Business
CUST00007,Susan,Miller,susan.miller7@example.com,804-750-3803,Naperville,IL,United States,2022-05-27,Small Business
CUST00008,Joseph,Rodriguez,joseph.rodriguez8@example.com,804-334-1525,Springfield,IL,United States,2023-10-27,Corporate
CUST00009,Daniel,Hernandez,daniel.hernandez9@example.com,804-569-3340,San Antonio,TX,United States,2024-03-21,Corporate
CUST00010,Karen,Rodriguez,karen.rodriguez10@example.com,804-324-3266,Peoria,IL,United States,2024-03-28,Small Business
CUST00011,Patricia,Jones,patricia.jones11@example.com,804-165-7304,Springfield,IL,United States,2024-05-14,Corporate
CUST00012,William,Moore,william.moore12@example.com,804-868-5371,Seattle,WA,United States,2022-08-23,Small Business
CUST00013,Jennifer,Anderson,jennifer.anderson13@example.com,804-619-2743,San Jose,CA,United States,2024-10-22,Small Business
CUST00014,Nancy,Miller,nancy.miller14@example.com,804-897-9689,Austin,TX,United States,2022-11-27,Consumer
CUST00015,Patricia,Lopez,patricia.lopez15@example.com,804-346-2290,Spokane,WA,United States,2023-05-06,Consumer
CUST00016,Karen,Jones,karen.jones16@example.com,804-371-9645,San Antonio,TX,United States,2025-01-30,Small Business
CUST00017,Karen,Miller,karen.miller17@example.com,804-482-8177,Naperville,IL,United States,2024-03-28,Small Business
CUST00018,John,Hernandez,john.hernandez18@example.com,804-172-1964,San Diego,CA,United States,2023-03-28,Consumer
CUST00019,David,Williams,david.williams19@example.com,804-319-9834,Orlando,FL,United States,2023-07-25,Consumer
CUST00020,Daniel,Thomas,daniel.thomas20@example.com,804-196-2588,San Antonio,TX,United States,2024-04-13,Small Business
CUST00021,Thomas,Johnson,thomas.johnson21@example.com,804-845-6559,Chicago,IL,United States,2022-05-05,Consumer
CUST00022,Thomas,Jones,thomas.jones22@example.com,804-355-2235,Virginia Beach,VA,United States,2023-07-25,Corporate
CUST00023,Patricia,Johnson,patricia.johnson23@example.com,804-270-7658,Chicago,IL,United States,2022-07-11,Corporate
CUST00024,Mary,Garcia,mary.garcia24@example.com,804-902-8454,Richmond,VA,United States,2024-03-10,Corporate
CUST00025,Karen,Thomas,karen.thomas25@example.com,804-159-9883,Dallas,TX,United States,2023-08-31,Consumer
CUST00026,Daniel,Thomas,daniel.thomas26@example.com,804-182-4044,Orlando,FL,United States,2022-04-27,Consumer
CUST00027,Linda,Gonzalez,linda.gonzalez27@example.com,804-140-2343,San Diego,CA,United States,2025-03-31,Corporate
CUST00028,David,Rodriguez,david.rodriguez28@example.com,804-505-3144,Austin,TX,United States,2023-05-04,Small Business
CUST00029,John,Smith,john.smith29@example.com,804-318-9288,Richmond,VA,United States,2022-05-31,Corporate
CUST00030,John,Davis,john.davis30@example.com,804-953-9900,Albany,NY,United States,2022-11-20,Small Business
CUST00031,Charles,Smith,charles.smith31@example.com,804-370-2891,Naperville,IL,United States,2022-08-01,Consumer
CUST00032,Elizabeth,Martin,elizabeth.martin32@example.com,804-973-5325,Austin,TX,United States,2023-02-21,Small Business
CUST00033,Mary,Williams,mary.williams33@example.com,804-103-6464,Peoria,IL,United States,2023-07-21,Consumer
CUST00034,Thomas,Moore,thomas.moore34@example.com,804-214-2232,Peoria,IL,United States,2025-02-22,Small Business
CUST00035,Susan,Jackson,susan.jackson35@example.com,804-142-6050,Orlando,FL,United States,2024-05-30,Corporate
CUST00036,Mary,Lopez,mary.lopez36@example.com,804-898-7658,Dallas,TX,United States,2022-07-30,Small Business
CUST00037,Linda,Garcia,linda.garcia37@example.com,804-283-6442,Tacoma,WA,United States,2024-04-24,Corporate
CUST00038,Linda,Rodriguez,linda.rodriguez38@example.com,804-979-8711,Houston,TX,United States,2024-02-23,Consumer
CUST00039,Susan,Martinez,susan.martinez39@example.com,804-775-4164,Tacoma,WA,United States,2023-04-02,Corporate
CUST00040,William,Lopez,william.lopez40@example.com,804-128-2889,Peoria,IL,United States,2025-01-03,Corporate
CUST00041,William,Johnson,william.johnson41@example.com,804-546-9379,San Francisco,CA,United States,2023-12-09,Consumer
CUST00042,William,Johnson,william.johnson42@example.com,804-925-9821,Peoria,IL,United States,2022-01-04,Small Business
CUST00043,Michael,Lopez,michael.lopez43@example.com,804-421-3041,Richmond,VA,United States,2023-11-08,Small Business
CUST00044,Jessica,Hernandez,jessica.hernandez44@example.com,804-296-7888,Norfolk,VA,United States,2025-02-09,Small Business
CUST00045,Jennifer,Martin,jennifer.martin45@example.com,804-953-1006,Tampa,FL,United States,2024-04-11,Corporate
CUST00046,Daniel,Martin,daniel.martin46@example.com,804-552-4501,Naperville,IL,United States,2024-08-10,Small Business
CUST00047,Jennifer,Williams,jennifer.williams47@example.com,804-788-6085,Albany,NY,United States,2022-07-11,Consumer
CUST00048,Mary,Davis,mary.davis48@example.com,804-744-4185,Richmond,VA,United States,2024-07-21,Small Business
CUST00049,Linda,Jones,linda.jones49@example.com,804-324-3881,Chicago,IL,United States,2022-08-07,Small Business
CUST00050,Linda,Brown,linda.brown50@example.com,804-672-6198,Virginia Beach,VA,United States,2024-08-09,Corporate
CUST00051,Charles,Wilson,charles.wilson51@example.com,804-560-5246,Bellevue,WA,United States,2022-11-22,Consumer
CUST00052,Charles,Thomas,charles.thomas52@example.com,804-179-5681,Springfield,IL,United States,2023-07-17,Consumer
CUST00053,Karen,Williams,karen.williams53@example.com,804-810-3503,Dallas,TX,United States,2023-04-19,Small Business
CUST00054,David,Moore,david.moore54@example.com,804-952-7883,Alexandria,VA,United States,2022-05-08,Corporate
CUST00055,James,Jackson,james.jackson55@example.com,804-405-7389,Alexandria,VA,United States,2022-01-13,Corporate
CUST00056,Nancy,Davis,nancy.davis56@example.com,804-597-1475,Virginia Beach,VA,United States,2023-07-13,Corporate
CUST00057,Joseph,Garcia,joseph.garcia57@example.com,804-646-1441,Bellevue,WA,United States,2022-09-19,Corporate
CUST00058,John,Wilson,john.wilson58@example.com,804-366-7211,San Antonio,TX,United States,2023-01-08,Corporate
CUST00059,Joseph,Rodriguez,joseph.rodriguez59@example.com,804-581-1317,Bellevue,WA,United States,2023-06-01,Small Business
CUST00060,Susan,Davis,susan.davis60@example.com,804-353-4266,Chicago,IL,United States,2022-03-24,Consumer
CUST00061,Sarah,Brown,sarah.brown61@example.com,804-885-7043,Orlando,FL,United States,2024-08-10,Consumer
CUST00062,Patricia,Garcia,patricia.garcia62@example.com,804-419-7149,New York,NY,United States,2025-03-31,Corporate
CUST00063,Daniel,Davis,daniel.davis63@example.com,804-901-1672,San Jose,CA,United States,2022-09-05,Corporate
CUST00064,John,Taylor,john.taylor64@example.com,804-942-9031,Naperville,IL,United States,2022-01-26,Consumer
CUST00065,Thomas,Jones,thomas.jones65@example.com,804-376-9817,Virginia Beach,VA,United States,2024-12-04,Corporate
CUST00066,Daniel,Rodriguez,daniel.rodriguez66@example.com,804-561-4995,Buffalo,NY,United States,2022-06-27,Corporate
CUST00067,David,Smith,david.smith67@example.com,804-317-6813,Norfolk,VA,United States,2023-01-08,Corporate
CUST00068,William,Moore,william.moore68@example.com,804-837-7658,San Diego,CA,United States,2022-06-25,Corporate
CUST00069,Sarah,Thomas,sarah.thomas69@example.com,804-326-7625,Richmond,VA,United States,2022-07-10,Small Business
CUST00070,Susan,Thomas,susan.thomas70@example.com,804-438-6764,Tampa,FL,United States,2024-05-21,Small Business
CUST00071,Linda,Brown,linda.brown71@example.com,804-860-9779,Springfield,IL,United States,2023-10-09,Small Business
CUST00072,Sarah,Rodriguez,sarah.rodriguez72@example.com,804-403-4727,Naperville,IL,United States,2022-07-25,Corporate
CUST00073,Karen,Jones,karen.jones73@example.com,804-399-3068,New York,NY,United States,2022-04-22,Small Business
CUST00074,James,Jackson,james.jackson74@example.com,804-448-4020,Rochester,NY,United States,2024-09-07,Consumer
CUST00075,Patricia,Williams,patricia.williams75@example.com,804-744-1878,Alexandria,VA,United States,2022-06-01,Consumer
CUST00076,Elizabeth,Williams,elizabeth.williams76@example.com,804-720-4697,Houston,TX,United States,2025-02-16,Small Business
CUST00077,Elizabeth,Jackson,elizabeth.jackson77@example.com,804-161-2625,Norfolk,VA,United States,2025-03-10,Consumer
CUST00078,John,Garcia,john.garcia78@example.com,804-260-1043,Dallas,TX,United States,2025-02-04,Corporate
CUST00079,Elizabeth,Johnson,elizabeth.johnson79@example.com,804-172-4824,Austin,TX,United States,2023-08-03,Corporate
CUST00080,Michael,Wilson,michael.wilson80@example.com,804-946-3330,San Diego,CA,United States,2022-11-02,Consumer
CUST00081,Nancy,Jackson,nancy.jackson81@example.com,804-805-5982,Rochester,NY,United States,2022-09-12,Small Business
CUST00082,Karen,Thomas,karen.thomas82@example.com,804-852-6280,Richmond,VA,United States,2022-03-23,Small Business
CUST00083,Daniel,Jackson,daniel.jackson83@example.com,804-881-3870,San Jose,CA,United States,2025-03-26,Corporate
CUST00084,William,Garcia,william.garcia84@example.com,804-581-6700,Jacksonville,FL,United States,2024-10-04,Corporate
CUST00085,Jennifer,Hernandez,jennifer.hernandez85@example.com,804-933-1601,Alexandria,VA,United States,2023-08-14,Corporate
CUST00086,Patricia,Gonzalez,patricia.gonzalez86@example.com,804-523-1888,Seattle,WA,United States,2025-01-16,Consumer
CUST00087,Sarah,Anderson,sarah.anderson87@example.com,804-662-3146,Seattle,WA,United States,2023-02-21,Corporate
CUST00088,Patricia,Smith,patricia.smith88@example.com,804-664-1224,Springfield,IL,United States,2022-11-21,Small Business
CUST00089,Patricia,Anderson,patricia.anderson89@example.com,804-621-5479,San Diego,CA,United States,2024-10-17,Corporate
CUST00090,Linda,Anderson,linda.anderson90@example.com,804-713-9327,Orlando,FL,United States,2024-02-25,Small Business
CUST00091,William,Wilson,william.wilson91@example.com,804-843-5891,Albany,NY,United States,2022-01-06,Small Business
CUST00092,Robert,Anderson,robert.anderson92@example.com,804-665-9903,Jacksonville,FL,United States,2023-12-08,Corporate
CUST00093,Michael,Davis,michael.davis93@example.com,804-144-6213,Jacksonville,FL,United States,2023-04-24,Small Business
CUST00094,Joseph,Gonzalez,joseph.gonzalez94@example.com,804-229-9229,Springfield,IL,United States,2024-10-11,Small Business
CUST00095,Thomas,Brown,thomas.brown95@example.com,804-519-3529,Jacksonville,FL,United States,2022-02-01,Consumer
CUST00096,David,Martin,david.martin96@example.com,804-972-9742,Peoria,IL,United States,2022-06-14,Corporate
CUST00097,Sarah,Moore,sarah.moore97@example.com,804-800-5708,Los Angeles,CA,United States,2023-04-26,Consumer
CUST00098,Patricia,Brown,patricia.brown98@example.com,804-147-6314,Virginia Beach,VA,United States,2023-09-06,Consumer
CUST00099,Robert,Davis,robert.davis99@example.com,804-274-3868,Jacksonville,FL,United States,2025-03-05,Consumer
CUST00100,Linda,Thomas,linda.thomas100@example.com,804-753-5161,Orlando,FL,United States,2023-04-21,Corporate
CUST00101,Thomas,Martinez,thomas.martinez101@example.com,804-453-5901,Springfield,IL,United States,2022-06-01,Small Business
CUST00102,Thomas,Martinez,thomas.martinez102@example.com,804-342-7248,San Antonio,TX,United States,2024-09-16,Small Business
CUST00103,Elizabeth,Smith,elizabeth.smith103@example.com,804-679-1803,Bellevue,WA,United States,2023-07-17,Small Business
CUST00104,Elizabeth,Davis,elizabeth.davis104@example.com,804-294-5106,Tampa,FL,United States,2023-03-25,Small Business
CUST00105,Robert,Brown,robert.brown105@example.com,804-134-6977,Chicago,IL,United States,2023-09-25,Small Business
CUST00106,David,Wilson,david.wilson106@example.com,804-997-6994,Dallas,TX,United States,2022-09-28,Small Business
CUST00107,Jennifer,Rodriguez,jennifer.rodriguez107@example.com,804-923-2886,Bellevue,WA,United States,2023-08-28,Corporate
CUST00108,Linda,Gonzalez,linda.gonzalez108@example.com,804-114-5332,Spokane,WA,United States,2022-07-04,Small Business
CUST00109,William,Jackson,william.jackson109@example.com,804-582-1410,Norfolk,VA,United States,2022-08-10,Small Business
CUST00110,Nancy,Davis,nancy.davis110@example.com,804-764-7689,Chicago,IL,United States,2024-08-08,Consumer
CUST00111,Elizabeth,Thomas,elizabeth.thomas111@example.com,804-238-7367,Los Angeles,CA,United States,2023-04-26,Corporate
CUST00112,Karen,Wilson,karen.wilson112@example.com,804-201-9017,Orlando,FL,United States,2024-04-29,Small Business
CUST00113,Mary,Lopez,mary.lopez113@example.com,804-975-6942,San Antonio,TX,United States,2024-06-29,Consumer
CUST00114,Susan,Johnson,susan.johnson114@example.com,804-968-8450,Norfolk,VA,United States,2023-01-24,Consumer
CUST00115,Nancy,Smith,nancy.smith115@example.com,804-905-4362,San Jose,CA,United States,2023-05-14,Consumer
CUST00116,Daniel,Miller,daniel.miller116@example.com,804-907-1046,Tacoma,WA,United States,2023-11-04,Corporate
CUST00117,Robert,Moore,robert.moore117@example.com,804-234-1243,Buffalo,NY,United States,2022-08-14,Corporate
CUST00118,David,Smith,david.smith118@example.com,804-859-7897,Austin,TX,United States,2022-04-18,Small Business
CUST00119,Thomas,Lopez,thomas.lopez119@example.com,804-326-1710,Miami,FL,United States,2024-07-14,Small Business
CUST00120,Charles,Martinez,charles.martinez120@example.com,804-967-7580,Richmond,VA,United States,2022-05-05,Corporate
CUST00121,Thomas,Williams,thomas.williams121@example.com,804-229-5505,San Jose,CA,United States,2022-10-31,Small Business
CUST00122,David,Gonzalez,david.gonzalez122@example.com,804-719-8048,Tampa,FL,United States,2024-07-18,Consumer
CUST00123,Karen,Miller,karen.miller123@example.com,804-447-8430,Alexandria,VA,United States,2023-04-13,Corporate
CUST00124,Jessica,Hernandez,jessica.hernandez124@example.com,804-803-8770,Naperville,IL,United States,2024-02-06,Consumer
CUST00125,Jessica,Brown,jessica.brown125@example.com,804-161-6400,Naperville,IL,United States,2022-09-24,Small Business
CUST00126,Jessica,Johnson,jessica.johnson126@example.com,804-691-9313,Albany,NY,United States,2023-12-22,Consumer
CUST00127,Patricia,Lopez,patricia.lopez127@example.com,804-687-4705,Spokane,WA,United States,2022-08-24,Corporate
CUST00128,Nancy,Martin,nancy.martin128@example.com,804-284-5477,Chicago,IL,United States,2023-07-02,Small Business
CUST00129,Susan,Smith,susan.smith129@example.com,804-510-2140,Dallas,TX,United States,2025-03-05,Consumer
CUST00130,John,Taylor,john.taylor130@example.com,804-449-3578,San Antonio,TX,United States,2024-05-09,Corporate
CUST00131,Daniel,Martin,daniel.martin131@example.com,804-872-1815,Los Angeles,CA,United States,2022-11-15,Small Business
CUST00132,Jessica,Thomas,jessica.thomas132@example.com,804-320-9394,Jacksonville,FL,United States,2024-04-28,Consumer
CUST00133,Daniel,Thomas,daniel.thomas133@example.com,804-504-1897,Tampa,FL,United States,2022-04-04,Consumer
CUST00134,Robert,Rodriguez,robert.rodriguez134@example.com,804-609-8055,Albany,NY,United States,2022-09-03,Consumer
CUST00135,Linda,Taylor,linda.taylor135@example.com,804-982-1693,Tampa,FL,United States,2022-05-28,Corporate
CUST00136,David,Jackson,david.jackson136@example.com,804-217-7636,Alexandria,VA,United States,2024-05-05,Consumer
CUST00137,Nancy,Anderson,nancy.anderson137@example.com,804-964-2734,Spokane,WA,United States,2022-06-30,Consumer
CUST00138,John,Gonzalez,john.gonzalez138@example.com,804-441-3754,Spokane,WA,United States,2023-11-27,Consumer
CUST00139,Charles,Miller,charles.miller139@example.com,804-934-3419,Spokane,WA,United States,2023-12-21,Consumer
CUST00140,Jennifer,Martin,jennifer.martin140@example.com,804-605-8601,Houston,TX,United States,2022-12-29,Small Business
CUST00141,Daniel,Martin,daniel.martin141@example.com,804-169-8682,Albany,NY,United States,2022-11-06,Corporate
CUST00142,Daniel,Johnson,daniel.johnson142@example.com,804-562-1616,New York,NY,United States,2023-09-28,Consumer
CUST00143,John,Martin,john.martin143@example.com,804-667-1672,Jacksonville,FL,United States,2024-08-05,Corporate
CUST00144,Michael,Hernandez,michael.hernandez144@example.com,804-163-8381,Jacksonville,FL,United States,2024-10-23,Consumer
CUST00145,John,Taylor,john.taylor145@example.com,804-824-8172,Springfield,IL,United States,2022-03-22,Corporate
CUST00146,Susan,Lopez,susan.lopez146@example.com,804-795-1857,Rochester,NY,United States,2024-04-17,Small Business
CUST00147,Patricia,Moore,patricia.moore147@example.com,804-841-3463,Peoria,IL,United States,2023-08-05,Corporate
CUST00148,Susan,Martinez,susan.martinez148@example.com,804-825-2388,Peoria,IL,United States,2022-09-22,Corporate
CUST00149,David,Jones,david.jones149@example.com,804-470-1298,Chicago,IL,United States,2024-05-17,Corporate
CUST00150,David,Thomas,david.thomas150@example.com,804-179-5846,Dallas,TX,United States,2022-10-09,Consumer
CUST00151,Charles,Johnson,charles.johnson151@example.com,804-485-3527,Naperville,IL,United States,2022-09-26,Consumer
CUST00152,Nancy,Garcia,nancy.garcia152@example.com,804-473-4891,Peoria,IL,United States,2022-03-31,Corporate
CUST00153,Thomas,Davis,thomas.davis153@example.com,804-955-4178,Orlando,FL,United States,2023-09-26,Corporate
CUST00154,Thomas,Anderson,thomas.anderson154@example.com,804-640-7859,Spokane,WA,United States,2024-02-22,Consumer
CUST00155,Robert,Rodriguez,robert.rodriguez155@example.com,804-205-9452,San Francisco,CA,United States,2024-01-31,Consumer
CUST00156,William,Anderson,william.anderson156@example.com,804-327-8391,Orlando,FL,United States,2024-06-14,Corporate
CUST00157,Joseph,Taylor,joseph.taylor157@example.com,804-483-4678,Buffalo,NY,United States,2024-03-01,Consumer
CUST00158,David,Jones,david.jones158@example.com,804-812-3273,Houston,TX,United States,2023-08-11,Small Business
CUST00159,John,Smith,john.smith159@example.com,804-844-9647,Buffalo,NY,United States,2022-11-03,Corporate
CUST00160,Elizabeth,Brown,elizabeth.brown160@example.com,804-912-8489,San Diego,CA,United States,2024-05-09,Consumer
CUST00161,Nancy,Moore,nancy.moore161@example.com,804-539-1025,San Diego,CA,United States,2022-10-22,Small Business
CUST00162,Jennifer,Williams,jennifer.williams162@example.com,804-657-9312,Tampa,FL,United States,2022-05-19,Small Business
CUST00163,Sarah,Johnson,sarah.johnson163@example.com,804-865-1266,Peoria,IL,United States,2024-02-04,Corporate
CUST00164,Patricia,Jackson,patricia.jackson164@example.com,804-460-9945,Naperville,IL,United States,2022-10-01,Corporate
CUST00165,Thomas,Thomas,thomas.thomas165@example.com,804-833-8498,Springfield,IL,United States,2022-10-04,Consumer
CUST00166,Michael,Johnson,michael.johnson166@example.com,804-934-9897,Albany,NY,United States,2024-11-21,Corporate
CUST00167,Michael,Martinez,michael.martinez167@example.com,804-227-7029,New York,NY,United States,2023-11-11,Corporate
CUST00168,Joseph,Hernandez,joseph.hernandez168@example.com,804-916-9507,San Antonio,TX,United States,2024-10-15,Corporate
CUST00169,John,Wilson,john.wilson169@example.com,804-428-2680,Orlando,FL,United States,2025-01-22,Consumer
CUST00170,Thomas,Martin,thomas.martin170@example.com,804-459-8325,Peoria,IL,United States,2022-12-08,Consumer
CUST00171,Nancy,Wilson,nancy.wilson171@example.com,804-515-6952,New York,NY,United States,2022-06-03,Small Business
CUST00172,James,Jones,james.jones172@example.com,804-168-4866,Bellevue,WA,United States,2022-03-13,Small Business
CUST00173,Daniel,Johnson,daniel.johnson173@example.com,804-480-8273,Orlando,FL,United States,2024-07-10,Consumer
CUST00174,Joseph,Hernandez,joseph.hernandez174@example.com,804-126-4048,Naperville,IL,United States,2023-05-27,Corporate
CUST00175,Patricia,Rodriguez,patricia.rodriguez175@example.com,804-726-5678,Spokane,WA,United States,2024-07-02,Small Business
CUST00176,Patricia,Jones,patricia.jones176@example.com,804-830-8292,Seattle,WA,United States,2024-07-14,Consumer
CUST00177,David,Lopez,david.lopez177@example.com,804-397-5914,Chicago,IL,United States,2025-01-31,Consumer
CUST00178,Jennifer,Lopez,jennifer.lopez178@example.com,804-911-3275,Orlando,FL,United States,2022-09-06,Consumer
CUST00179,Karen,Jackson,karen.jackson179@example.com,804-726-2412,Rochester,NY,United States,2025-02-03,Consumer
CUST00180,Sarah,Taylor,sarah.taylor180@example.com,804-228-6194,Alexandria,VA,United States,2025-03-23,Small Business
CUST00181,Charles,Lopez,charles.lopez181@example.com,804-614-1907,Dallas,TX,United States,2022-09-22,Consumer
CUST00182,Jennifer,Hernandez,jennifer.hernandez182@example.com,804-390-2292,Springfield,IL,United States,2023-12-10,Corporate
CUST00183,William,Jones,william.jones183@example.com,804-614-3762,Naperville,IL,United States,2024-12-28,Small Business
CUST00184,Nancy,Martin,nancy.martin184@example.com,804-146-5336,New York,NY,United States,2022-02-28,Small Business
CUST00185,Nancy,Smith,nancy.smith185@example.com,804-350-7653,Norfolk,VA,United States,2023-09-11,Corporate
CUST00186,Jennifer,Anderson,jennifer.anderson186@example.com,804-448-3353,Alexandria,VA,United States,2024-08-09,Corporate
CUST00187,Susan,Gonzalez,susan.gonzalez187@example.com,804-208-6228,Austin,TX,United States,2024-11-20,Consumer
CUST00188,Linda,Jones,linda.jones188@example.com,804-984-7850,Los Angeles,CA,United States,2023-08-18,Consumer
CUST00189,David,Jackson,david.jackson189@example.com,804-610-9433,Naperville,IL,United States,2023-01-24,Corporate
CUST00190,James,Williams,james.williams190@example.com,804-697-6781,Alexandria,VA,United States,2023-05-09,Consumer
CUST00191,Sarah,Martinez,sarah.martinez191@example.com,804-237-5333,Miami,FL,United States,2022-08-09,Small Business
CUST00192,Mary,Gonzalez,mary.gonzalez192@example.com,804-395-2204,San Diego,CA,United States,2024-01-13,Corporate
CUST00193,William,Martin,william.martin193@example.com,804-503-7114,Chicago,IL,United States,2022-09-21,Corporate
CUST00194,Robert,Miller,robert.miller194@example.com,804-146-1637,Jacksonville,FL,United States,2024-10-21,Consumer
CUST00195,Charles,Anderson,charles.anderson195@example.com,804-426-3662,Dallas,TX,United States,2023-11-03,Corporate
CUST00196,Elizabeth,Jackson,elizabeth.jackson196@example.com,804-586-1272,Rochester,NY,United States,2025-02-26,Corporate
CUST00197,Jessica,Jackson,jessica.jackson197@example.com,804-771-4728,New York,NY,United States,2024-08-29,Small Business
CUST00198,Charles,Martin,charles.martin198@example.com,804-132-2800,Bellevue,WA,United States,2022-10-30,Consumer
CUST00199,Robert,Wilson,robert.wilson199@example.com,804-893-8726,Springfield,IL,United States,2024-04-20,Small Business
CUST00200,Charles,Miller,charles.miller200@example.com,804-485-6140,Tampa,FL,United States,2024-09-06,Consumer
CUST00201,Karen,Lopez,karen.lopez201@example.com,804-352-5571,Naperville,IL,United States,2024-09-18,Small Business
CUST00202,Elizabeth,Martinez,elizabeth.martinez202@example.com,804-591-6714,Springfield,IL,United States,2024-09-28,Small Business
CUST00203,William,Martinez,william.martinez203@example.com,804-891-3399,San Francisco,CA,United States,2024-03-19,Corporate
CUST00204,John,Lopez,john.lopez204@example.com,804-306-9824,Norfolk,VA,United States,2024-09-08,Corporate
CUST00205,Robert,Brown,robert.brown205@example.com,804-785-9700,Orlando,FL,United States,2023-05-12,Consumer
CUST00206,Jessica,Hernandez,jessica.hernandez206@example.com,804-105-3587,Peoria,IL,United States,2022-07-25,Corporate
CUST00207,Sarah,Thomas,sarah.thomas207@example.com,804-392-1969,Springfield,IL,United States,2023-08-12,Consumer
CUST00208,Mary,Garcia,mary.garcia208@example.com,804-906-9116,Virginia Beach,VA,United States,2022-03-16,Consumer
CUST00209,Elizabeth,Johnson,elizabeth.johnson209@example.com,804-209-6489,San Jose,CA,United States,2025-03-09,Corporate
CUST00210,Charles,Thomas,charles.thomas210@example.com,804-928-2845,San Antonio,TX,United States,2023-07-13,Corporate
CUST00211,William,Garcia,william.garcia211@example.com,804-790-4164,San Jose,CA,United States,2023-08-28,Consumer
CUST00212,Joseph,Wilson,joseph.wilson212@example.com,804-785-2562,Tampa,FL,United States,2022-06-27,Consumer
CUST00213,Linda,Smith,linda.smith213@example.com,804-871-5374,Rochester,NY,United States,2023-04-28,Corporate
CUST00214,James,Rodriguez,james.rodriguez214@example.com,804-783-2936,Naperville,IL,United States,2023-04-29,Corporate
CUST00215,Charles,Martinez,charles.martinez215@example.com,804-729-4618,Chicago,IL,United States,2023-08-28,Consumer
CUST00216,Thomas,Martin,thomas.martin216@example.com,804-875-9806,Rochester,NY,United States,2025-01-29,Small Business
CUST00217,Nancy,Williams,nancy.williams217@example.com,804-179-2838,Jacksonville,FL,United States,2024-12-17,Consumer
CUST00218,Michael,Jackson,michael.jackson218@example.com,804-974-9525,Orlando,FL,United States,2022-12-03,Corporate
CUST00219,Daniel,Thomas,daniel.thomas219@example.com,804-235-9409,San Francisco,CA,United States,2022-04-24,Corporate
CUST00220,Thomas,Martinez,thomas.martinez220@example.com,804-936-1049,Chicago,IL,United States,2024-03-21,Small Business
CUST00221,Jessica,Lopez,jessica.lopez221@example.com,804-170-8734,Chicago,IL,United States,2025-01-13,Consumer
CUST00222,Robert,Wilson,robert.wilson222@example.com,804-484-2314,Rochester,NY,United States,2024-07-07,Small Business
CUST00223,Robert,Lopez,robert.lopez223@example.com,804-641-3086,San Diego,CA,United States,2025-01-05,Small Business
CUST00224,James,Martinez,james.martinez224@example.com,804-943-4762,Alexandria,VA,United States,2024-12-25,Consumer
CUST00225,Michael,Brown,michael.brown225@example.com,804-311-2102,San Francisco,CA,United States,2022-02-02,Consumer
CUST00226,Mary,Davis,mary.davis226@example.com,804-339-9843,Chicago,IL,United States,2024-04-03,Consumer
CUST00227,Robert,Taylor,robert.taylor227@example.com,804-691-6253,Buffalo,NY,United States,2025-03-25,Consumer
CUST00228,Charles,Davis,charles.davis228@example.com,804-670-3869,Norfolk,VA,United States,2023-07-18,Small Business
CUST00229,Mary,Lopez,mary.lopez229@example.com,804-813-7821,Peoria,IL,United States,2024-12-10,Corporate
CUST00230,Karen,Thomas,karen.thomas230@example.com,804-925-8586,Dallas,TX,United States,2023-09-08,Consumer
CUST00231,Karen,Taylor,karen.taylor231@example.com,804-308-6411,San Antonio,TX,United States,2023-05-13,Small Business
CUST00232,Susan,Williams,susan.williams232@example.com,804-486-1647,Orlando,FL,United States,2022-04-16,Consumer
CUST00233,Karen,Miller,karen.miller233@example.com,804-115-4470,Virginia Beach,VA,United States,2023-11-13,Consumer
CUST00234,Sarah,Davis,sarah.davis234@example.com,804-665-6269,Springfield,IL,United States,2024-03-23,Corporate
CUST00235,Susan,Martinez,susan.martinez235@example.com,804-577-2615,Albany,NY,United States,2024-11-16,Small Business
CUST00236,Michael,Lopez,michael.lopez236@example.com,804-984-4625,Rochester,NY,United States,2022-04-04,Small Business
CUST00237,Daniel,Jackson,daniel.jackson237@example.com,804-300-6404,Peoria,IL,United States,2023-08-28,Consumer
CUST00238,Sarah,Moore,sarah.moore238@example.com,804-840-9037,Naperville,IL,United States,2023-06-12,Corporate
CUST00239,Jennifer,Jones,jennifer.jones239@example.com,804-757-1962,Peoria,IL,United States,2023-01-12,Small Business
CUST00240,Mary,Smith,mary.smith240@example.com,804-824-3474,Virginia Beach,VA,United States,2023-04-19,Consumer
CUST00241,Mary,Martin,mary.martin241@example.com,804-106-9719,Peoria,IL,United States,2024-09-26,Small Business
CUST00242,William,Moore,william.moore242@example.com,804-925-3937,New York,NY,United States,2024-10-25,Consumer
CUST00243,Linda,Miller,linda.miller243@example.com,804-914-7502,Tampa,FL,United States,2023-12-27,Consumer
CUST00244,Daniel,Davis,daniel.davis244@example.com,804-769-1519,Springfield,IL,United States,2023-09-07,Consumer
CUST00245,Sarah,Johnson,sarah.johnson245@example.com,804-611-8109,Chicago,IL,United States,2022-12-17,Small Business
CUST00246,Patricia,Taylor,patricia.taylor246@example.com,804-586-5441,San Diego,CA,United States,2023-03-09,Consumer
CUST00247,William,Moore,william.moore247@example.com,804-116-4394,Miami,FL,United States,2023-01-03,Small Business
CUST00248,Joseph,Williams,joseph.williams248@example.com,804-680-7375,Buffalo,NY,United States,2025-02-28,Small Business
CUST00249,Robert,Williams,robert.williams249@example.com,804-547-4803,Tampa,FL,United States,2022-04-20,Consumer
CUST00250,Nancy,Gonzalez,nancy.gonzalez250@example.com,804-379-8381,Spokane,WA,United States,2022-03-02,Corporate
CUST00251,Joseph,Wilson,joseph.wilson251@example.com,804-402-5037,San Antonio,TX,United States,2022-06-25,Small Business
CUST00252,Joseph,Jones,joseph.jones252@example.com,804-209-2499,Peoria,IL,United States,2023-10-11,Consumer
CUST00253,William,Brown,william.brown253@example.com,804-559-9395,Houston,TX,United States,2023-01-19,Corporate
CUST00254,Karen,Williams,karen.williams254@example.com,804-398-7779,Tampa,FL,United States,2024-02-28,Corporate
CUST00255,Karen,Davis,karen.davis255@example.com,804-242-5405,Orlando,FL,United States,2024-02-19,Corporate
CUST00256,Jennifer,Wilson,jennifer.wilson256@example.com,804-901-2260,Rochester,NY,United States,2023-09-06,Corporate
CUST00257,Sarah,Martin,sarah.martin257@example.com,804-238-5991,Orlando,FL,United States,2024-07-26,Consumer
CUST00258,Nancy,Gonzalez,nancy.gonzalez258@example.com,804-540-3230,Spokane,WA,United States,2024-06-20,Corporate
CUST00259,Michael,Thomas,michael.thomas259@example.com,804-398-9044,Buffalo,NY,United States,2024-03-26,Small Business
CUST00260,William,Gonzalez,william.gonzalez260@example.com,804-706-9939,New York,NY,United States,2025-02-28,Consumer
CUST00261,Thomas,Miller,thomas.miller261@example.com,804-789-9180,Norfolk,VA,United States,2022-05-22,Consumer
CUST00262,Robert,Wilson,robert.wilson262@example.com,804-712-8851,Bellevue,WA,United States,2022-06-01,Small Business
CUST00263,Jessica,Moore,jessica.moore263@example.com,804-753-2392,San Jose,CA,United States,2025-01-04,Consumer
CUST00264,Susan,Garcia,susan.garcia264@example.com,804-793-7547,Chicago,IL,United States,2025-02-27,Corporate
CUST00265,James,Brown,james.brown265@example.com,804-671-4621,Buffalo,NY,United States,2024-11-11,Corporate
CUST00266,Daniel,Taylor,daniel.taylor266@example.com,804-207-5840,Austin,TX,United States,2022-02-20,Corporate
CUST00267,Robert,Lopez,robert.lopez267@example.com,804-633-8912,Albany,NY,United States,2024-07-21,Corporate
CUST00268,Thomas,Hernandez,thomas.hernandez268@example.com,804-123-6620,San Jose,CA,United States,2022-04-02,Small Business
CUST00269,Linda,Taylor,linda.taylor269@example.com,804-536-8570,Dallas,TX,United States,2023-11-09,Consumer
CUST00270,Jennifer,Wilson,,804-706-8037,Richmond,VA,United States,2023-02-09,Corporate
CUST00271,William,Williams,william.williams271@example.com,804-474-6340,Miami,FL,United States,2025-01-04,Consumer
CUST00272,Sarah,Taylor,sarah.taylor272@example.com,804-501-2871,Naperville,IL,United States,2024-03-06,Corporate
CUST00273,Jennifer,Martinez,jennifer.martinez273@example.com,804-220-4908,Miami,FL,United States,2022-10-02,Corporate
CUST00274,Robert,Taylor,robert.taylor274@example.com,804-492-7931,Alexandria,VA,United States,2022-10-10,Consumer
CUST00275,Jennifer,Moore,jennifer.moore275@example.com,804-291-6154,San Antonio,TX,United States,2023-08-15,Corporate
CUST00276,James,Thomas,james.thomas276@example.com,804-617-9109,Dallas,TX,United States,2024-02-26,Corporate
CUST00277,Thomas,Thomas,thomas.thomas277@example.com,804-914-4613,Houston,TX,United States,2025-03-03,Corporate
CUST00278,Elizabeth,Garcia,elizabeth.garcia278@example.com,804-662-9369,Bellevue,WA,United States,2025-03-04,Consumer
CUST00279,Karen,Lopez,karen.lopez279@example.com,804-323-7965,Miami,FL,United States,2024-06-22,Consumer
CUST00280,Linda,Martinez,linda.martinez280@example.com,804-456-2425,Seattle,WA,United States,2024-07-10,Corporate
CUST00281,Linda,Miller,linda.miller281@example.com,804-730-3281,Spokane,WA,United States,2024-05-26,Consumer
CUST00282,Daniel,Lopez,daniel.lopez282@example.com,804-431-5794,Tampa,FL,United States,2025-01-08,Corporate
CUST00283,Charles,Brown,charles.brown283@example.com,804-987-3078,San Antonio,TX,United States,2022-05-02,Small Business
CUST00284,David,Davis,david.davis284@example.com,804-691-5402,Bellevue,WA,United States,2024-09-29,Small Business
CUST00285,John,Gonzalez,,804-599-6362,Tampa,FL,United States,2024-01-26,Small Business
CUST00286,John,Anderson,john.anderson286@example.com,804-507-4568,Naperville,IL,United States,2022-05-10,Corporate
CUST00287,David,Martinez,david.martinez287@example.com,804-907-6631,Buffalo,NY,United States,2025-03-05,Small Business
CUST00288,Thomas,Smith,thomas.smith288@example.com,804-100-8009,San Diego,CA,United States,2024-06-22,Consumer
CUST00289,Elizabeth,Garcia,elizabeth.garcia289@example.com,804-469-5102,Spokane,WA,United States,2022-07-11,Consumer
CUST00290,Jennifer,Johnson,jennifer.johnson290@example.com,804-771-2494,Norfolk,VA,United States,2023-04-25,Small Business
CUST00291,John,Jones,john.jones291@example.com,804-109-1132,Orlando,FL,United States,2024-11-29,Small Business
CUST00292,Jessica,Jones,jessica.jones292@example.com,804-191-2678,Richmond,VA,United States,2023-04-14,Consumer
CUST00293,Robert,Gonzalez,robert.gonzalez293@example.com,804-643-1138,Tacoma,WA,United States,2022-10-20,Small Business
CUST00294,Michael,Jones,michael.jones294@example.com,804-202-3293,Alexandria,VA,United States,2023-03-21,Consumer
CUST00295,Jessica,Hernandez,jessica.hernandez295@example.com,804-760-2380,Tacoma,WA,United States,2023-05-23,Consumer
CUST00296,Nancy,Martinez,nancy.martinez296@example.com,804-630-9348,Seattle,WA,United States,2023-09-10,Consumer
CUST00297,Mary,Davis,mary.davis297@example.com,804-611-2163,Alexandria,VA,United States,2022-08-19,Small Business
CUST00298,Susan,Hernandez,susan.hernandez298@example.com,804-474-9951,San Antonio,TX,United States,2025-03-10,Small Business
CUST00299,John,Smith,john.smith299@example.com,804-320-1652,Miami,FL,United States,2022-01-29,Consumer
CUST00300,Elizabeth,Taylor,elizabeth.taylor300@example.com,804-184-9791,Bellevue,WA,United States,2024-05-17,Small Business
CUST00301,Elizabeth,Williams,elizabeth.williams301@example.com,804-434-7401,Orlando,FL,United States,2022-11-15,Small Business
CUST00302,John,Martinez,john.martinez302@example.com,804-350-2412,Peoria,IL,United States,2023-05-04,Corporate
CUST00303,Mary,Martinez,mary.martinez303@example.com,804-824-3248,Springfield,IL,United States,2022-09-02,Small Business
CUST00304,Susan,Taylor,susan.taylor304@example.com,804-229-5403,Tampa,FL,United States,2022-12-08,Small Business
CUST00305,James,Hernandez,james.hernandez305@example.com,804-165-5308,Bellevue,WA,United States,2023-07-12,Small Business
CUST00306,Sarah,Anderson,sarah.anderson306@example.com,804-979-3734,Tampa,FL,United States,2022-04-24,Corporate
CUST00307,Daniel,Brown,daniel.brown307@example.com,804-350-1753,Houston,TX,United States,2022-04-01,Corporate
CUST00308,Jennifer,Johnson,jennifer.johnson308@example.com,804-354-7819,Jacksonville,FL,United States,2023-04-05,Small Business
CUST00309,Daniel,Lopez,daniel.lopez309@example.com,804-923-9450,Los Angeles,CA,United States,2023-01-03,Consumer
CUST00310,Thomas,Martinez,thomas.martinez310@example.com,804-666-8483,Spokane,WA,United States,2023-11-02,Consumer
CUST00311,Elizabeth,Martin,elizabeth.martin311@example.com,804-605-4201,San Antonio,TX,United States,2024-01-25,Small Business
CUST00312,Linda,Jones,linda.jones312@example.com,804-654-6675,San Francisco,CA,United States,2022-02-18,Small Business
CUST00313,David,Smith,david.smith313@example.com,804-310-9680,Bellevue,WA,United States,2023-09-22,Consumer
CUST00314,Robert,Rodriguez,robert.rodriguez314@example.com,804-522-7102,Los Angeles,CA,United States,2023-04-20,Corporate
CUST00315,Patricia,Taylor,patricia.taylor315@example.com,804-681-2020,San Antonio,TX,United States,2022-06-03,Corporate
CUST00316,Elizabeth,Rodriguez,elizabeth.rodriguez316@example.com,804-425-8417,Spokane,WA,United States,2024-03-15,Corporate
CUST00317,Robert,Jackson,robert.jackson317@example.com,804-560-8635,San Diego,CA,United States,2022-08-05,Corporate
CUST00318,Michael,Anderson,michael.anderson318@example.com,804-192-3582,Rochester,NY,United States,2023-06-27,Small Business
CUST00319,Nancy,Johnson,nancy.johnson319@example.com,804-828-5066,Austin,TX,United States,2022-10-31,Corporate
CUST00320,Elizabeth,Rodriguez,elizabeth.rodriguez320@example.com,804-975-8408,Tacoma,WA,United States,2022-03-05,Small Business
CUST00321,Thomas,Brown,thomas.brown321@example.com,804-163-4641,Tacoma,WA,United States,2022-09-06,Consumer
CUST00322,John,Jackson,john.jackson322@example.com,804-166-4239,Tampa,FL,United States,2022-06-03,Small Business
CUST00323,David,Brown,david.brown323@example.com,804-687-8096,San Francisco,CA,United States,2022-04-14,Small Business
CUST00324,Jessica,Garcia,jessica.garcia324@example.com,804-386-8307,Buffalo,NY,United States,2023-01-19,Consumer
CUST00325,Linda,Martinez,linda.martinez325@example.com,804-162-2437,Alexandria,VA,United States,2025-02-01,Corporate
CUST00326,Charles,Davis,charles.davis326@example.com,804-591-9921,Chicago,IL,United States,2024-02-23,Corporate
CUST00327,David,Gonzalez,david.gonzalez327@example.com,804-711-4588,Buffalo,NY,United States,2022-02-23,Consumer
CUST00328,Mary,Thomas,mary.thomas328@example.com,804-202-5060,Tampa,FL,United States,2023-04-22,Small Business
CUST00329,Mary,Davis,mary.davis329@example.com,804-280-4875,Jacksonville,FL,United States,2023-12-28,Small Business
CUST00330,Susan,Jackson,susan.jackson330@example.com,804-245-4084,San Jose,CA,United States,2025-03-08,Corporate
CUST00331,Mary,Williams,mary.williams331@example.com,804-639-8831,San Diego,CA,United States,2023-03-25,Consumer
CUST00332,Robert,Hernandez,robert.hernandez332@example.com,804-122-3420,Springfield,IL,United States,2023-10-25,Small Business
CUST00333,Patricia,Taylor,patricia.taylor333@example.com,804-821-7481,Spokane,WA,United States,2022-05-29,Small Business
CUST00334,Robert,Garcia,robert.garcia334@example.com,804-424-3854,Peoria,IL,United States,2024-09-24,Small Business
CUST00335,Nancy,Lopez,nancy.lopez335@example.com,,Dallas,TX,United States,2024-02-14,Consumer
CUST00336,Daniel,Gonzalez,daniel.gonzalez336@example.com,804-425-4619,Seattle,WA,United States,2023-01-08,Small Business
CUST00337,Robert,Hernandez,robert.hernandez337@example.com,804-427-3750,Chicago,IL,United States,2023-05-03,Small Business
CUST00338,David,Anderson,david.anderson338@example.com,804-809-2110,San Jose,CA,United States,2023-03-06,Corporate
CUST00339,James,Johnson,james.johnson339@example.com,804-523-9078,Alexandria,VA,United States,2024-05-09,Corporate
CUST00340,Sarah,Jackson,sarah.jackson340@example.com,804-175-1547,Springfield,IL,United States,2022-11-30,Corporate
CUST00341,Patricia,Williams,patricia.williams341@example.com,804-849-2228,Buffalo,NY,United States,2024-02-08,Small Business
CUST00342,David,Martin,david.martin342@example.com,804-769-3703,Jacksonville,FL,United States,2022-03-05,Small Business
CUST00343,Patricia,Hernandez,patricia.hernandez343@example.com,804-839-9849,Dallas,TX,United States,2024-04-18,Corporate
CUST00344,Patricia,Johnson,patricia.johnson344@example.com,804-469-1062,Alexandria,VA,United States,2022-11-11,Corporate
CUST00345,Nancy,Thomas,nancy.thomas345@example.com,804-274-5781,Houston,TX,United States,2022-02-22,Consumer
CUST00346,Joseph,Thomas,joseph.thomas346@example.com,804-657-7349,Norfolk,VA,United States,2022-07-06,Consumer
CUST00347,Jennifer,Anderson,jennifer.anderson347@example.com,804-369-4706,San Jose,CA,United States,2024-06-19,Corporate
CUST00348,Patricia,Williams,patricia.williams348@example.com,804-874-4727,Naperville,IL,United States,2025-01-13,Small Business
CUST00349,Charles,Wilson,charles.wilson349@example.com,804-587-5896,Jacksonville,FL,United States,2025-03-18,Consumer
CUST00350,Mary,Taylor,mary.taylor350@example.com,804-277-3738,Orlando,FL,United States,2022-09-04,Consumer
CUST00351,Jessica,Williams,jessica.williams351@example.com,804-251-5225,Peoria,IL,United States,2023-02-18,Corporate
CUST00352,John,Williams,john.williams352@example.com,804-977-5525,Alexandria,VA,United States,2025-02-04,Small Business
CUST00353,Nancy,Jackson,nancy.jackson353@example.com,804-253-3428,Jacksonville,FL,United States,2022-08-19,Small Business
CUST00354,Patricia,Brown,patricia.brown354@example.com,804-452-7732,Miami,FL,United States,2023-08-09,Corporate
CUST00355,Nancy,Thomas,nancy.thomas355@example.com,804-247-7581,San Diego,CA,United States,2023-07-19,Consumer
CUST00356,Linda,Johnson,linda.johnson356@example.com,804-120-6535,Peoria,IL,United States,2023-07-05,Corporate
CUST00357,Patricia,Davis,patricia.davis357@example.com,804-375-7828,Austin,TX,United States,2024-06-26,Small Business
CUST00358,Michael,Wilson,michael.wilson358@example.com,804-940-1920,Peoria,IL,United States,2024-11-23,Small Business
CUST00359,Charles,Gonzalez,charles.gonzalez359@example.com,804-996-4288,Houston,TX,United States,2022-12-22,Consumer
CUST00360,Susan,Miller,susan.miller360@example.com,804-506-3029,Albany,NY,United States,2024-08-08,Small Business
CUST00361,Nancy,Anderson,nancy.anderson361@example.com,804-452-3679,San Antonio,TX,United States,2025-02-03,Corporate
CUST00362,Elizabeth,Smith,elizabeth.smith362@example.com,804-898-4511,Richmond,VA,United States,2022-11-30,Consumer
CUST00363,William,Wilson,william.wilson363@example.com,804-235-3837,Miami,FL,United States,2022-01-19,Small Business
CUST00364,Nancy,Martinez,nancy.martinez364@example.com,804-972-6713,Naperville,IL,United States,2024-05-17,Corporate
CUST00365,Charles,Martin,charles.martin365@example.com,804-778-7131,Richmond,VA,United States,2022-01-16,Small Business
CUST00366,Elizabeth,Brown,elizabeth.brown366@example.com,804-755-6327,Richmond,VA,United States,2023-11-20,Corporate
CUST00367,Elizabeth,Miller,elizabeth.miller367@example.com,804-513-6236,Dallas,TX,United States,2022-04-27,Small Business
CUST00368,Sarah,Martinez,sarah.martinez368@example.com,804-854-1578,Rochester,NY,United States,2024-04-08,Small Business
CUST00369,Michael,Hernandez,michael.hernandez369@example.com,804-903-8794,Springfield,IL,United States,2024-12-30,Small Business
CUST00370,Jennifer,Moore,jennifer.moore370@example.com,804-231-5237,Austin,TX,United States,2022-07-19,Small Business
CUST00371,Jennifer,Hernandez,jennifer.hernandez371@example.com,804-328-6031,Chicago,IL,United States,2023-04-01,Corporate
CUST00372,William,Jackson,william.jackson372@example.com,804-154-2166,Rochester,NY,United States,2022-08-30,Corporate
CUST00373,Joseph,Taylor,joseph.taylor373@example.com,804-240-4281,Rochester,NY,United States,2022-04-21,Corporate
CUST00374,Thomas,Jones,thomas.jones374@example.com,,Buffalo,NY,United States,2022-06-15,Corporate
CUST00375,William,Miller,william.miller375@example.com,804-601-2442,Tacoma,WA,United States,2025-03-26,Consumer
CUST00376,Joseph,Wilson,joseph.wilson376@example.com,804-646-4267,Alexandria,VA,United States,2022-01-10,Small Business
CUST00377,David,Taylor,david.taylor377@example.com,804-851-5076,Houston,TX,United States,2022-01-09,Consumer
CUST00378,Robert,Brown,robert.brown378@example.com,804-943-1749,Norfolk,VA,United States,2022-12-09,Corporate
CUST00379,Charles,Martin,charles.martin379@example.com,804-450-9031,Tampa,FL,United States,2024-06-07,Corporate
CUST00380,Joseph,Smith,joseph.smith380@example.com,804-851-1359,Dallas,TX,United States,2022-09-26,Small Business
CUST00381,Mary,Gonzalez,mary.gonzalez381@example.com,804-149-1785,Naperville,IL,United States,2024-12-31,Small Business
CUST00382,Mary,Brown,mary.brown382@example.com,804-660-5140,Alexandria,VA,United States,2024-02-18,Corporate
CUST00383,James,Martinez,james.martinez383@example.com,804-737-3247,Richmond,VA,United States,2024-12-01,Corporate
CUST00384,Nancy,Brown,nancy.brown384@example.com,804-303-4272,New York,NY,United States,2022-08-06,Corporate
CUST00385,Susan,Wilson,susan.wilson385@example.com,804-608-4402,Buffalo,NY,United States,2022-03-22,Small Business
CUST00386,James,Smith,james.smith386@example.com,804-785-9095,Chicago,IL,United States,2022-08-15,Consumer
CUST00387,John,Brown,john.brown387@example.com,804-370-8606,Buffalo,NY,United States,2024-07-24,Consumer
CUST00388,Mary,Martinez,mary.martinez388@example.com,804-197-1751,Albany,NY,United States,2024-05-22,Consumer
CUST00389,Jennifer,Hernandez,jennifer.hernandez389@example.com,804-481-6615,Rochester,NY,United States,2023-07-04,Consumer
CUST00390,Thomas,Rodriguez,thomas.rodriguez390@example.com,804-764-3732,Bellevue,WA,United States,2024-09-06,Consumer
CUST00391,Jennifer,Brown,jennifer.brown391@example.com,804-285-7221,Alexandria,VA,United States,2025-03-11,Corporate
CUST00392,Robert,Thomas,robert.thomas392@example.com,804-147-2037,Richmond,VA,United States,2024-04-22,Corporate
CUST00393,Charles,Jackson,charles.jackson393@example.com,804-635-2560,Springfield,IL,United States,2023-11-24,Corporate
CUST00394,Susan,Gonzalez,susan.gonzalez394@example.com,804-260-9283,Houston,TX,United States,2022-01-24,Corporate
CUST00395,John,Thomas,john.thomas395@example.com,804-151-9305,Buffalo,NY,United States,2023-11-09,Consumer
CUST00396,Linda,Williams,linda.williams396@example.com,804-190-9166,Alexandria,VA,United States,2025-03-19,Corporate
CUST00397,James,Brown,james.brown397@example.com,804-662-1002,Alexandria,VA,United States,2022-03-15,Consumer
CUST00398,Elizabeth,Taylor,elizabeth.taylor398@example.com,804-472-1889,Orlando,FL,United States,2024-07-23,Consumer
CUST00399,Nancy,Martin,nancy.martin399@example.com,804-199-4633,Norfolk,VA,United States,2024-07-15,Consumer
CUST00400,Elizabeth,Moore,elizabeth.moore400@example.com,804-268-9067,Tampa,FL,United States,2022-08-06,Consumer
CUST00401,Jessica,Brown,jessica.brown401@example.com,804-972-7437,Buffalo,NY,United States,2023-01-20,Consumer
CUST00402,David,Brown,david.brown402@example.com,804-957-3018,Bellevue,WA,United States,2022-04-06,Corporate
CUST00403,Charles,Jones,charles.jones403@example.com,804-666-8091,Richmond,VA,United States,2024-12-22,Small Business
CUST00404,Jennifer,Jackson,jennifer.jackson404@example.com,804-773-6273,Dallas,TX,United States,2022-08-01,Small Business
CUST00405,Nancy,Davis,nancy.davis405@example.com,804-563-3185,Rochester,NY,United States,2023-12-04,Consumer
CUST00406,Charles,Martinez,charles.martinez406@example.com,804-322-4291,Spokane,WA,United States,2025-02-07,Consumer
CUST00407,Susan,Jones,susan.jones407@example.com,804-810-6281,Springfield,IL,United States,2024-10-28,Small Business
CUST00408,Sarah,Jackson,sarah.jackson408@example.com,804-998-7920,Jacksonville,FL,United States,2024-12-29,Consumer
CUST00409,Robert,Johnson,robert.johnson409@example.com,804-868-3636,Chicago,IL,United States,2023-02-14,Corporate
CUST00410,Mary,Martinez,mary.martinez410@example.com,804-204-4675,Houston,TX,United States,2024-01-05,Small Business
CUST00411,Charles,Martinez,charles.martinez411@example.com,804-526-6122,Chicago,IL,United States,2024-02-21,Small Business
CUST00412,Michael,Martin,michael.martin412@example.com,804-821-7025,Bellevue,WA,United States,2023-04-07,Small Business
CUST00413,Michael,Martinez,michael.martinez413@example.com,804-277-9418,Virginia Beach,VA,United States,2022-06-02,Consumer
CUST00414,Karen,Rodriguez,karen.rodriguez414@example.com,804-438-8640,Dallas,TX,United States,2023-06-07,Small Business
CUST00415,David,Martin,david.martin415@example.com,804-663-6866,San Jose,CA,United States,2024-10-01,Consumer
CUST00416,Linda,Garcia,linda.garcia416@example.com,804-525-9897,Miami,FL,United States,2024-10-31,Small Business
CUST00417,Michael,Hernandez,michael.hernandez417@example.com,804-870-9691,Albany,NY,United States,2023-08-25,Corporate
CUST00418,James,Brown,james.brown418@example.com,804-757-4994,Naperville,IL,United States,2024-07-01,Consumer
CUST00419,Patricia,Gonzalez,patricia.gonzalez419@example.com,804-941-7143,Albany,NY,United States,2022-02-20,Small Business
CUST00420,Mary,Martinez,mary.martinez420@example.com,804-184-2572,Springfield,IL,United States,2023-10-19,Consumer
CUST00421,Karen,Smith,karen.smith421@example.com,804-892-4492,Chicago,IL,United States,2023-03-08,Small Business
CUST00422,Karen,Wilson,karen.wilson422@example.com,804-570-6434,Chicago,IL,United States,2022-11-11,Consumer
CUST00423,William,Moore,william.moore423@example.com,804-497-8391,San Diego,CA,United States,2023-06-14,Small Business
CUST00424,Joseph,Brown,joseph.brown424@example.com,804-146-2189,Miami,FL,United States,2022-05-10,Corporate
CUST00425,Elizabeth,Martin,elizabeth.martin425@example.com,804-504-1504,San Jose,CA,United States,2024-06-15,Corporate
CUST00426,Joseph,Moore,joseph.moore426@example.com,804-482-1182,Buffalo,NY,United States,2023-09-03,Small Business
CUST00427,Mary,Smith,mary.smith427@example.com,804-187-5992,Jacksonville,FL,United States,2025-01-05,Consumer
CUST00428,Susan,Miller,susan.miller428@example.com,804-326-5140,Virginia Beach,VA,United States,2022-11-26,Consumer
CUST00429,Daniel,Johnson,daniel.johnson429@example.com,804-397-2103,Bellevue,WA,United States,2025-01-30,Corporate
CUST00430,Sarah,Hernandez,sarah.hernandez430@example.com,804-391-2143,Buffalo,NY,United States,2023-04-26,Consumer
CUST00431,Nancy,Martinez,nancy.martinez431@example.com,804-473-6182,Springfield,IL,United States,2025-03-04,Corporate
CUST00432,Linda,Wilson,linda.wilson432@example.com,804-998-8863,Albany,NY,United States,2022-10-03,Corporate
CUST00433,Sarah,Moore,sarah.moore433@example.com,804-979-3293,San Diego,CA,United States,2022-06-17,Small Business
CUST00434,John,Williams,john.williams434@example.com,804-887-4485,Los Angeles,CA,United States,2025-03-31,Consumer
CUST00435,Karen,Thomas,karen.thomas435@example.com,804-328-5767,Springfield,IL,United States,2024-01-20,Consumer
CUST00436,Joseph,Lopez,joseph.lopez436@example.com,804-800-3717,Miami,FL,United States,2023-05-05,Small Business
CUST00437,Daniel,Jackson,daniel.jackson437@example.com,804-141-4585,Springfield,IL,United States,2024-09-17,Corporate
CUST00438,Linda,Johnson,linda.johnson438@example.com,804-497-8695,Springfield,IL,United States,2024-11-26,Corporate
CUST00439,David,Brown,david.brown439@example.com,804-657-3848,Naperville,IL,United States,2023-06-24,Corporate
CUST00440,John,Taylor,john.taylor440@example.com,804-515-6781,Rochester,NY,United States,2023-04-02,Corporate
CUST00441,Nancy,Smith,nancy.smith441@example.com,804-335-2263,Orlando,FL,United States,2024-06-19,Small Business
CUST00442,Jennifer,Garcia,jennifer.garcia442@example.com,804-930-6410,New York,NY,United States,2023-04-17,Small Business
CUST00443,Sarah,Miller,sarah.miller443@example.com,804-349-1706,Orlando,FL,United States,2024-04-21,Consumer
CUST00444,Charles,Johnson,charles.johnson444@example.com,804-364-3949,Orlando,FL,United States,2022-04-25,Small Business
CUST00445,Daniel,Smith,daniel.smith445@example.com,804-559-8723,Naperville,IL,United States,2022-06-25,Corporate
CUST00446,Nancy,Jones,nancy.jones446@example.com,804-271-6614,Tacoma,WA,United States,2024-11-12,Corporate
CUST00447,Joseph,Gonzalez,joseph.gonzalez447@example.com,804-635-9263,Houston,TX,United States,2022-02-03,Small Business
CUST00448,Patricia,Garcia,patricia.garcia448@example.com,804-870-2925,Richmond,VA,United States,2024-12-24,Consumer
CUST00449,Nancy,Moore,nancy.moore449@example.com,804-530-7068,Seattle,WA,United States,2024-06-02,Consumer
CUST00450,Sarah,Gonzalez,sarah.gonzalez450@example.com,804-360-8817,New York,NY,United States,2024-05-21,Consumer
CUST00451,Nancy,Moore,nancy.moore451@example.com,804-826-1116,Norfolk,VA,United States,2023-01-23,Small Business
CUST00452,Joseph,Miller,joseph.miller452@example.com,804-209-3535,Naperville,IL,United States,2024-04-17,Corporate
CUST00453,Karen,Wilson,karen.wilson453@example.com,804-873-4337,Tampa,FL,United States,2023-07-19,Corporate
CUST00454,Jennifer,Lopez,jennifer.lopez454@example.com,804-691-6641,Jacksonville,FL,United States,2023-06-04,Small Business
CUST00455,Patricia,Davis,patricia.davis455@example.com,804-620-7562,Virginia Beach,VA,United States,2022-07-25,Corporate
CUST00456,Mary,Garcia,mary.garcia456@example.com,804-582-8133,Richmond,VA,United States,2022-07-06,Consumer
CUST00457,John,Martin,john.martin457@example.com,804-771-9536,San Francisco,CA,United States,2024-03-31,Corporate
CUST00458,Jennifer,Thomas,jennifer.thomas458@example.com,804-923-9489,Richmond,VA,United States,2023-02-18,Corporate
CUST00459,Charles,Taylor,,804-468-4919,Springfield,IL,United States,2022-12-14,Small Business
CUST00460,William,Gonzalez,william.gonzalez460@example.com,804-305-9482,Rochester,NY,United States,2024-04-10,Consumer
CUST00461,John,Moore,john.moore461@example.com,804-331-4187,Albany,NY,United States,2023-12-13,Corporate
CUST00462,William,Garcia,william.garcia462@example.com,804-615-5821,Richmond,VA,United States,2025-02-18,Corporate
CUST00463,William,Moore,william.moore463@example.com,804-676-8923,Spokane,WA,United States,2024-06-25,Consumer
CUST00464,Thomas,Anderson,thomas.anderson464@example.com,804-364-2106,Miami,FL,United States,2024-09-14,Corporate
CUST00465,Linda,Hernandez,linda.hernandez465@example.com,804-109-5314,Norfolk,VA,United States,2024-11-23,Consumer
CUST00466,David,Williams,david.williams466@example.com,804-462-4580,Orlando,FL,United States,2024-09-02,Small Business
CUST00467,Michael,Thomas,michael.thomas467@example.com,804-993-5348,Springfield,IL,United States,2023-04-26,Consumer
CUST00468,Nancy,Lopez,nancy.lopez468@example.com,804-792-9071,Houston,TX,United States,2022-09-03,Small Business
CUST00469,Mary,Thomas,mary.thomas469@example.com,804-989-5501,Albany,NY,United States,2024-10-05,Corporate
CUST00470,Charles,Rodriguez,charles.rodriguez470@example.com,804-155-9613,Virginia Beach,VA,United States,2025-03-27,Corporate
CUST00471,Charles,Lopez,charles.lopez471@example.com,804-815-9490,Virginia Beach,VA,United States,2024-07-25,Corporate
CUST00472,Michael,Gonzalez,michael.gonzalez472@example.com,804-727-5254,Miami,FL,United States,2023-10-29,Consumer
CUST00473,Sarah,Martin,sarah.martin473@example.com,804-534-4449,Albany,NY,United States,2023-01-12,Corporate
CUST00474,Joseph,Rodriguez,joseph.rodriguez474@example.com,804-689-4744,Virginia Beach,VA,United States,2025-03-16,Consumer
CUST00475,Karen,Wilson,karen.wilson475@example.com,804-919-3450,Bellevue,WA,United States,2023-02-06,Corporate
CUST00476,Sarah,Jones,sarah.jones476@example.com,804-356-1781,Spokane,WA,United States,2024-09-23,Corporate
CUST00477,Michael,Rodriguez,michael.rodriguez477@example.com,804-366-6914,Richmond,VA,United States,2024-07-10,Corporate
CUST00478,William,Lopez,william.lopez478@example.com,804-988-4259,San Francisco,CA,United States,2022-09-06,Small Business
CUST00479,Jennifer,Martinez,jennifer.martinez479@example.com,804-893-8322,Albany,NY,United States,2024-11-11,Consumer
CUST00480,Robert,Garcia,robert.garcia480@example.com,804-727-7631,Naperville,IL,United States,2024-05-13,Consumer
CUST00481,David,Hernandez,david.hernandez481@example.com,804-760-7479,Naperville,IL,United States,2023-07-02,Corporate
CUST00482,Susan,Jackson,susan.jackson482@example.com,804-288-1378,Jacksonville,FL,United States,2024-04-27,Consumer
CUST00483,John,Miller,john.miller483@example.com,804-165-8752,San Antonio,TX,United States,2022-07-30,Small Business
CUST00484,Charles,Williams,charles.williams484@example.com,804-770-7387,San Jose,CA,United States,2022-11-15,Corporate
CUST00485,Thomas,Jones,thomas.jones485@example.com,804-779-6846,Dallas,TX,United States,2022-02-28,Corporate
CUST00486,Karen,Rodriguez,karen.rodriguez486@example.com,804-281-8480,Jacksonville,FL,United States,2022-10-04,Small Business
CUST00487,Jessica,Taylor,jessica.taylor487@example.com,804-652-4721,Naperville,IL,United States,2023-12-13,Consumer
CUST00488,William,Jones,william.jones488@example.com,804-934-3233,New York,NY,United States,2022-01-01,Corporate
CUST00489,Sarah,Thomas,sarah.thomas489@example.com,804-711-4788,New York,NY,United States,2024-05-31,Consumer
CUST00490,Karen,Wilson,karen.wilson490@example.com,804-499-7199,Virginia Beach,VA,United States,2022-12-01,Consumer
CUST00491,Linda,Taylor,linda.taylor491@example.com,804-860-9715,Spokane,WA,United States,2023-08-07,Corporate
CUST00492,Jennifer,Jones,jennifer.jones492@example.com,804-563-5458,New York,NY,United States,2024-07-21,Small Business
CUST00493,James,Jones,james.jones493@example.com,804-388-5410,Los Angeles,CA,United States,2023-01-16,Consumer
CUST00494,Linda,Williams,linda.williams494@example.com,804-450-7885,Houston,TX,United States,2024-10-07,Corporate
CUST00495,Susan,Anderson,susan.anderson495@example.com,804-963-3393,Chicago,IL,United States,2023-11-08,Consumer
CUST00496,Karen,Thomas,karen.thomas496@example.com,804-948-1206,Dallas,TX,United States,2023-05-28,Consumer
CUST00497,Joseph,Anderson,joseph.anderson497@example.com,804-852-2539,Houston,TX,United States,2023-02-12,Small Business
CUST00498,Joseph,Martinez,joseph.martinez498@example.com,804-633-3001,Buffalo,NY,United States,2022-03-28,Corporate
CUST00499,Susan,Johnson,susan.johnson499@example.com,804-748-8113,Tacoma,WA,United States,2022-08-20,Corporate
CUST00500,Daniel,Brown,daniel.brown500@example.com,804-695-8786,Virginia Beach,VA,United States,2022-01-19,Small Business
CUST00501,John,Davis,john.davis501@example.com,804-446-1983,San Antonio,TX,United States,2022-07-07,Consumer
CUST00502,Karen,Brown,karen.brown502@example.com,804-671-6690,San Antonio,TX,United States,2023-04-22,Corporate
CUST00503,Joseph,Lopez,joseph.lopez503@example.com,804-596-8168,Springfield,IL,United States,2023-05-29,Small Business
CUST00504,Michael,Jackson,michael.jackson504@example.com,804-381-3627,Austin,TX,United States,2023-10-25,Consumer
CUST00505,William,Moore,william.moore505@example.com,804-618-7210,Rochester,NY,United States,2022-01-02,Small Business
CUST00506,Susan,Martin,susan.martin506@example.com,804-651-7348,Austin,TX,United States,2022-05-10,Consumer
CUST00507,Karen,Jones,karen.jones507@example.com,804-756-6276,Tampa,FL,United States,2023-10-23,Consumer
CUST00508,Mary,Jones,mary.jones508@example.com,804-597-4139,Houston,TX,United States,2023-02-18,Consumer
CUST00509,Joseph,Thomas,joseph.thomas509@example.com,804-326-2161,Tampa,FL,United States,2022-04-11,Consumer
CUST00510,Sarah,Williams,sarah.williams510@example.com,804-861-7814,Richmond,VA,United States,2024-01-10,Corporate
CUST00511,Nancy,Rodriguez,nancy.rodriguez511@example.com,804-179-4537,Miami,FL,United States,2022-05-25,Small Business
CUST00512,Karen,Gonzalez,karen.gonzalez512@example.com,804-354-3931,Dallas,TX,United States,2024-12-13,Small Business
CUST00513,Patricia,Jackson,patricia.jackson513@example.com,804-270-3955,Rochester,NY,United States,2024-05-24,Small Business
CUST00514,Jennifer,Moore,jennifer.moore514@example.com,804-663-6319,Jacksonville,FL,United States,2023-12-23,Corporate
CUST00515,David,Martin,david.martin515@example.com,804-862-5162,Dallas,TX,United States,2024-02-08,Corporate
CUST00516,Joseph,Smith,joseph.smith516@example.com,804-116-9480,Chicago,IL,United States,2023-08-06,Consumer
CUST00517,Elizabeth,Davis,elizabeth.davis517@example.com,804-666-9376,Austin,TX,United States,2022-02-14,Small Business
CUST00518,Patricia,Johnson,patricia.johnson518@example.com,804-371-7014,Norfolk,VA,United States,2022-11-16,Small Business
CUST00519,Elizabeth,Williams,elizabeth.williams519@example.com,804-851-2264,Jacksonville,FL,United States,2025-03-11,Small Business
CUST00520,Sarah,Jackson,sarah.jackson520@example.com,804-848-7251,Seattle,WA,United States,2023-09-08,Consumer
CUST00521,David,Lopez,david.lopez521@example.com,804-990-4714,Bellevue,WA,United States,2024-05-03,Small Business
CUST00522,James,Gonzalez,james.gonzalez522@example.com,804-426-9846,San Jose,CA,United States,2024-12-09,Small Business
CUST00523,Linda,Jones,linda.jones523@example.com,804-689-9269,San Francisco,CA,United States,2024-07-01,Consumer
CUST00524,Joseph,Jones,joseph.jones524@example.com,804-685-1807,Austin,TX,United States,2022-06-19,Small Business
CUST00525,Charles,Wilson,charles.wilson525@example.com,804-672-4245,Tacoma,WA,United States,2022-10-04,Corporate
CUST00526,Karen,Martin,karen.martin526@example.com,804-372-8046,Springfield,IL,United States,2023-05-12,Corporate
CUST00527,Patricia,Wilson,patricia.wilson527@example.com,804-428-6644,Norfolk,VA,United States,2023-12-15,Small Business
CUST00528,Jennifer,Lopez,jennifer.lopez528@example.com,804-145-4825,Jacksonville,FL,United States,2022-10-26,Consumer
CUST00529,John,Brown,john.brown529@example.com,804-251-5713,Chicago,IL,United States,2023-05-13,Consumer
CUST00530,Elizabeth,Anderson,elizabeth.anderson530@example.com,804-857-9814,Richmond,VA,United States,2023-11-11,Consumer
CUST00531,William,Moore,william.moore531@example.com,804-696-9631,Virginia Beach,VA,United States,2022-02-07,Consumer
CUST00532,Michael,Martin,michael.martin532@example.com,804-108-2091,New York,NY,United States,2024-08-10,Corporate
CUST00533,Susan,Brown,susan.brown533@example.com,804-489-9331,San Jose,CA,United States,2024-03-02,Small Business
CUST00534,Nancy,Moore,nancy.moore534@example.com,804-568-1352,San Diego,CA,United States,2023-02-12,Consumer
CUST00535,David,Thomas,david.thomas535@example.com,804-800-6765,Virginia Beach,VA,United States,2022-02-07,Corporate
CUST00536,Charles,Rodriguez,charles.rodriguez536@example.com,804-934-1482,Seattle,WA,United States,2023-06-12,Small Business
CUST00537,David,Gonzalez,david.gonzalez537@example.com,804-633-4726,Springfield,IL,United States,2022-06-29,Corporate
CUST00538,Elizabeth,Martin,elizabeth.martin538@example.com,804-311-3270,Rochester,NY,United States,2025-01-15,Small Business
CUST00539,Robert,Martinez,robert.martinez539@example.com,804-771-3589,Springfield,IL,United States,2024-05-30,Corporate
CUST00540,Patricia,Garcia,patricia.garcia540@example.com,804-523-7737,Buffalo,NY,United States,2022-03-02,Corporate
CUST00541,William,Jones,william.jones541@example.com,804-289-1429,Tacoma,WA,United States,2022-08-07,Small Business
CUST00542,Nancy,Davis,nancy.davis542@example.com,804-467-2302,Orlando,FL,United States,2023-04-18,Small Business
CUST00543,Nancy,Thomas,nancy.thomas543@example.com,804-603-8763,Naperville,IL,United States,2023-01-12,Consumer
CUST00544,Jessica,Smith,jessica.smith544@example.com,804-875-4351,Rochester,NY,United States,2023-04-01,Consumer
CUST00545,Thomas,Martin,thomas.martin545@example.com,804-537-7633,Norfolk,VA,United States,2024-07-26,Consumer
CUST00546,David,Gonzalez,david.gonzalez546@example.com,804-562-8485,Miami,FL,United States,2024-12-02,Consumer
CUST00547,Karen,Gonzalez,karen.gonzalez547@example.com,804-628-1807,Chicago,IL,United States,2025-02-16,Consumer
CUST00548,Elizabeth,Martinez,elizabeth.martinez548@example.com,804-727-1893,Virginia Beach,VA,United States,2024-05-15,Small Business
CUST00549,Thomas,Williams,thomas.williams549@example.com,804-812-9952,Chicago,IL,United States,2023-01-04,Consumer
CUST00550,James,Garcia,james.garcia550@example.com,804-356-6309,Virginia Beach,VA,United States,2024-07-20,Small Business
CUST00551,Jennifer,Brown,jennifer.brown551@example.com,804-471-2397,Los Angeles,CA,United States,2024-07-09,Small Business
CUST00552,Charles,Martin,charles.martin552@example.com,804-144-3799,San Antonio,TX,United States,2025-02-01,Corporate
CUST00553,Robert,Garcia,robert.garcia553@example.com,804-529-6047,Tacoma,WA,United States,2023-01-02,Corporate
CUST00554,Elizabeth,Garcia,elizabeth.garcia554@example.com,804-737-5146,San Diego,CA,United States,2023-02-20,Consumer
CUST00555,Karen,Smith,karen.smith555@example.com,804-702-8794,Jacksonville,FL,United States,2023-05-03,Corporate
CUST00556,Nancy,Smith,nancy.smith556@example.com,804-150-4028,Austin,TX,United States,2025-02-15,Consumer
CUST00557,Robert,Johnson,robert.johnson557@example.com,804-150-2784,Naperville,IL,United States,2023-11-10,Corporate
CUST00558,Elizabeth,Martin,elizabeth.martin558@example.com,804-468-1587,Springfield,IL,United States,2024-07-21,Consumer
CUST00559,Joseph,Williams,joseph.williams559@example.com,804-399-8713,Bellevue,WA,United States,2025-02-01,Consumer
CUST00560,David,Taylor,david.taylor560@example.com,804-159-2790,Virginia Beach,VA,United States,2023-03-05,Small Business
CUST00561,John,Thomas,john.thomas561@example.com,804-968-6185,Naperville,IL,United States,2024-05-24,Corporate
CUST00562,Susan,Jones,susan.jones562@example.com,804-609-9069,Jacksonville,FL,United States,2024-11-30,Consumer
CUST00563,Elizabeth,Miller,elizabeth.miller563@example.com,804-740-2932,Los Angeles,CA,United States,2022-02-19,Small Business
CUST00564,Jessica,Wilson,jessica.wilson564@example.com,804-925-4478,San Jose,CA,United States,2023-12-18,Consumer
CUST00565,William,Williams,william.williams565@example.com,804-431-1100,Albany,NY,United States,2024-11-03,Consumer
CUST00566,Daniel,Martin,daniel.martin566@example.com,804-953-6536,San Diego,CA,United States,2023-02-02,Small Business
CUST00567,Mary,Jones,mary.jones567@example.com,804-443-8577,Virginia Beach,VA,United States,2024-08-01,Corporate
CUST00568,Charles,Martinez,charles.martinez568@example.com,804-119-4412,Tampa,FL,United States,2025-02-11,Small Business
CUST00569,Susan,Williams,susan.williams569@example.com,804-484-9753,Austin,TX,United States,2022-03-05,Consumer
CUST00570,Nancy,Brown,nancy.brown570@example.com,804-378-7780,Spokane,WA,United States,2023-10-07,Consumer
CUST00571,Thomas,Martinez,thomas.martinez571@example.com,804-483-1612,Austin,TX,United States,2022-12-25,Consumer
CUST00572,James,Thomas,james.thomas572@example.com,804-595-9579,Orlando,FL,United States,2023-01-25,Corporate
CUST00573,Patricia,Taylor,patricia.taylor573@example.com,804-570-7350,Springfield,IL,United States,2023-02-25,Small Business
CUST00574,Elizabeth,Johnson,elizabeth.johnson574@example.com,804-147-2689,Chicago,IL,United States,2023-11-14,Small Business
CUST00575,James,Jackson,james.jackson575@example.com,804-305-4154,Spokane,WA,United States,2023-03-06,Corporate
CUST00576,Thomas,Brown,thomas.brown576@example.com,804-217-1249,Buffalo,NY,United States,2022-11-19,Small Business
CUST00577,Karen,Lopez,karen.lopez577@example.com,804-821-5641,Tampa,FL,United States,2023-07-10,Small Business
CUST00578,Nancy,Hernandez,nancy.hernandez578@example.com,804-129-8712,Jacksonville,FL,United States,2022-04-14,Small Business
CUST00579,John,Wilson,john.wilson579@example.com,804-464-6119,Virginia Beach,VA,United States,2024-07-02,Corporate
CUST00580,Karen,Williams,karen.williams580@example.com,804-195-8672,Bellevue,WA,United States,2025-03-08,Consumer
CUST00581,Thomas,Thomas,thomas.thomas581@example.com,804-364-6954,Dallas,TX,United States,2022-10-22,Corporate
CUST00582,David,Hernandez,david.hernandez582@example.com,804-586-2849,Alexandria,VA,United States,2022-03-03,Corporate
CUST00583,Elizabeth,Lopez,elizabeth.lopez583@example.com,804-515-2752,Orlando,FL,United States,2024-11-06,Corporate
CUST00584,Elizabeth,Moore,elizabeth.moore584@example.com,804-735-4992,Alexandria,VA,United States,2024-04-26,Small Business
CUST00585,John,Hernandez,john.hernandez585@example.com,804-906-6606,San Antonio,TX,United States,2024-06-10,Small Business
CUST00586,John,Jackson,john.jackson586@example.com,804-710-8584,Bellevue,WA,United States,2022-08-23,Corporate
CUST00587,Jennifer,Martinez,jennifer.martinez587@example.com,804-889-7208,Richmond,VA,United States,2022-08-11,Corporate
CUST00588,John,Miller,john.miller588@example.com,804-776-3444,Tacoma,WA,United States,2022-01-01,Corporate
CUST00589,Daniel,Anderson,daniel.anderson589@example.com,804-683-5989,Dallas,TX,United States,2023-10-11,Corporate
CUST00590,John,Jackson,john.jackson590@example.com,,San Francisco,CA,United States,2022-09-19,Small Business
CUST00591,Karen,Lopez,karen.lopez591@example.com,804-542-7459,San Jose,CA,United States,2022-03-05,Small Business
CUST00592,Joseph,Wilson,joseph.wilson592@example.com,804-242-4083,Orlando,FL,United States,2022-12-22,Small Business
CUST00593,Jessica,Jones,jessica.jones593@example.com,804-173-1257,Buffalo,NY,United States,2022-10-03,Consumer
CUST00594,Jessica,Jones,jessica.jones594@example.com,804-907-7974,San Diego,CA,United States,2024-05-01,Small Business
CUST00595,Karen,Anderson,karen.anderson595@example.com,804-534-1121,Norfolk,VA,United States,2023-04-08,Small Business
CUST00596,Charles,Rodriguez,charles.rodriguez596@example.com,804-681-8917,Norfolk,VA,United States,2022-03-10,Small Business
CUST00597,John,Jones,john.jones597@example.com,804-180-9574,Naperville,IL,United States,2024-08-10,Small Business
CUST00598,John,Moore,john.moore598@example.com,804-647-1176,Spokane,WA,United States,2022-04-19,Corporate
CUST00599,Daniel,Hernandez,daniel.hernandez599@example.com,804-271-1578,Norfolk,VA,United States,2023-08-27,Small Business
CUST00600,Daniel,Rodriguez,daniel.rodriguez600@example.com,804-686-1845,San Francisco,CA,United States,2025-03-30,Small Business
CUST00601,Nancy,Smith,nancy.smith601@example.com,804-617-2259,Rochester,NY,United States,2022-06-18,Corporate
CUST00602,William,Rodriguez,william.rodriguez602@example.com,804-856-3476,Los Angeles,CA,United States,2022-12-24,Small Business
CUST00603,William,Davis,william.davis603@example.com,804-451-2382,Virginia Beach,VA,United States,2024-12-16,Consumer
CUST00604,Sarah,Wilson,sarah.wilson604@example.com,804-843-3740,Bellevue,WA,United States,2023-05-03,Consumer
CUST00605,Mary,Rodriguez,mary.rodriguez605@example.com,804-575-7533,Seattle,WA,United States,2022-04-18,Corporate
CUST00606,Karen,Davis,karen.davis606@example.com,804-248-9690,Alexandria,VA,United States,2024-08-29,Corporate
CUST00607,Thomas,Gonzalez,thomas.gonzalez607@example.com,804-199-9704,Naperville,IL,United States,2024-12-21,Small Business
CUST00608,Nancy,Rodriguez,nancy.rodriguez608@example.com,804-361-7408,Albany,NY,United States,2023-07-01,Corporate
CUST00609,Daniel,Miller,daniel.miller609@example.com,804-660-1173,Tampa,FL,United States,2023-01-04,Small Business
CUST00610,Jessica,Brown,jessica.brown610@example.com,804-324-5641,Miami,FL,United States,2024-07-02,Corporate
CUST00611,John,Johnson,john.johnson611@example.com,804-188-3128,Orlando,FL,United States,2022-09-07,Corporate
CUST00612,Daniel,Garcia,daniel.garcia612@example.com,804-578-2240,San Diego,CA,United States,2023-06-03,Small Business
CUST00613,Jessica,Hernandez,jessica.hernandez613@example.com,804-895-2022,Buffalo,NY,United States,2022-06-01,Corporate
CUST00614,William,Rodriguez,william.rodriguez614@example.com,804-305-7432,San Antonio,TX,United States,2022-05-23,Consumer
CUST00615,Karen,Wilson,karen.wilson615@example.com,804-205-1571,Houston,TX,United States,2024-06-23,Consumer
CUST00616,Thomas,Smith,thomas.smith616@example.com,804-780-7397,Virginia Beach,VA,United States,2022-01-02,Corporate
CUST00617,Joseph,Jackson,joseph.jackson617@example.com,804-513-2148,San Francisco,CA,United States,2024-09-06,Small Business
CUST00618,Sarah,Brown,sarah.brown618@example.com,804-510-1904,Tampa,FL,United States,2023-11-14,Small Business
CUST00619,Susan,Moore,susan.moore619@example.com,804-878-5750,Spokane,WA,United States,2022-06-14,Small Business
CUST00620,Joseph,Miller,joseph.miller620@example.com,804-805-6886,Rochester,NY,United States,2022-08-07,Corporate
CUST00621,Michael,Jones,michael.jones621@example.com,804-344-9015,San Diego,CA,United States,2022-02-21,Corporate
CUST00622,Elizabeth,Thomas,elizabeth.thomas622@example.com,804-447-1918,Jacksonville,FL,United States,2022-02-03,Corporate
CUST00623,Patricia,Miller,patricia.miller623@example.com,804-858-4817,Bellevue,WA,United States,2025-01-03,Consumer
CUST00624,James,Thomas,james.thomas624@example.com,804-233-1235,Miami,FL,United States,2023-05-13,Consumer
CUST00625,Patricia,Anderson,patricia.anderson625@example.com,804-216-9145,Orlando,FL,United States,2022-05-11,Small Business
CUST00626,Michael,Wilson,michael.wilson626@example.com,804-800-9943,Rochester,NY,United States,2023-10-27,Consumer
CUST00627,Michael,Johnson,michael.johnson627@example.com,804-223-5487,Orlando,FL,United States,2023-11-19,Consumer
CUST00628,Susan,Moore,susan.moore628@example.com,804-141-3185,San Antonio,TX,United States,2023-05-14,Consumer
CUST00629,Joseph,Garcia,joseph.garcia629@example.com,804-107-3939,San Francisco,CA,United States,2022-06-15,Consumer
CUST00630,Elizabeth,Wilson,elizabeth.wilson630@example.com,804-246-5439,Peoria,IL,United States,2022-09-17,Small Business
CUST00631,Jennifer,Martin,jennifer.martin631@example.com,804-726-2442,Chicago,IL,United States,2023-01-04,Small Business
CUST00632,Jessica,Smith,jessica.smith632@example.com,804-642-2567,Orlando,FL,United States,2023-01-29,Small Business
CUST00633,Karen,Taylor,karen.taylor633@example.com,804-154-4173,San Antonio,TX,United States,2023-03-03,Consumer
CUST00634,Sarah,Thomas,sarah.thomas634@example.com,804-760-6966,Dallas,TX,United States,2022-03-30,Corporate
CUST00635,Nancy,Anderson,nancy.anderson635@example.com,804-280-3589,Los Angeles,CA,United States,2022-04-18,Consumer
CUST00636,Linda,Anderson,linda.anderson636@example.com,804-865-6336,Tampa,FL,United States,2024-05-08,Consumer
CUST00637,Patricia,Davis,patricia.davis637@example.com,804-325-2204,Peoria,IL,United States,2023-02-14,Corporate
CUST00638,Jessica,Jones,jessica.jones638@example.com,804-482-3234,San Antonio,TX,United States,2022-12-31,Corporate
CUST00639,William,Miller,william.miller639@example.com,804-161-5597,Buffalo,NY,United States,2022-03-07,Consumer
CUST00640,Jessica,Garcia,jessica.garcia640@example.com,804-718-3568,Spokane,WA,United States,2023-03-27,Small Business
CUST00641,Daniel,Moore,daniel.moore641@example.com,804-977-9548,Tacoma,WA,United States,2022-06-27,Corporate
CUST00642,Sarah,Anderson,sarah.anderson642@example.com,804-353-6362,New York,NY,United States,2024-05-26,Corporate
CUST00643,Daniel,Jones,daniel.jones643@example.com,804-141-8711,Miami,FL,United States,2024-05-05,Small Business
CUST00644,Charles,Gonzalez,charles.gonzalez644@example.com,804-346-2361,Richmond,VA,United States,2024-07-15,Small Business
CUST00645,Jessica,Miller,jessica.miller645@example.com,804-763-2486,Austin,TX,United States,2023-08-29,Consumer
CUST00646,Thomas,Jackson,thomas.jackson646@example.com,804-890-3271,Chicago,IL,United States,2024-07-20,Small Business
CUST00647,Susan,Anderson,susan.anderson647@example.com,804-807-6454,Chicago,IL,United States,2022-05-25,Small Business
CUST00648,William,Martin,william.martin648@example.com,804-443-1898,Orlando,FL,United States,2022-06-15,Small Business
CUST00649,Mary,Brown,mary.brown649@example.com,804-141-6989,Norfolk,VA,United States,2024-08-11,Corporate
CUST00650,John,Moore,john.moore650@example.com,804-344-9841,Springfield,IL,United States,2022-10-11,Consumer
CUST00651,Daniel,Miller,daniel.miller651@example.com,804-373-9250,Tacoma,WA,United States,2023-10-19,Small Business
CUST00652,Susan,Lopez,susan.lopez652@example.com,804-949-3010,Alexandria,VA,United States,2024-10-23,Corporate
CUST00653,Karen,Martinez,karen.martinez653@example.com,804-568-2430,Norfolk,VA,United States,2022-05-15,Consumer
CUST00654,John,Brown,john.brown654@example.com,804-608-3465,Austin,TX,United States,2022-08-18,Consumer
CUST00655,Elizabeth,Wilson,elizabeth.wilson655@example.com,804-530-8272,Springfield,IL,United States,2024-08-28,Small Business
CUST00656,John,Smith,john.smith656@example.com,804-443-7745,Tacoma,WA,United States,2024-11-30,Small Business
CUST00657,David,Thomas,david.thomas657@example.com,804-680-3161,Jacksonville,FL,United States,2024-07-26,Corporate
CUST00658,Sarah,Lopez,sarah.lopez658@example.com,804-391-8469,New York,NY,United States,2022-10-31,Consumer
CUST00659,Karen,Martinez,karen.martinez659@example.com,804-343-2915,Dallas,TX,United States,2022-11-11,Consumer
CUST00660,Thomas,Rodriguez,thomas.rodriguez660@example.com,804-824-1568,Buffalo,NY,United States,2023-02-25,Small Business
CUST00661,Susan,Anderson,susan.anderson661@example.com,804-224-1408,Orlando,FL,United States,2024-12-28,Corporate
CUST00662,Thomas,Hernandez,thomas.hernandez662@example.com,804-439-5842,Houston,TX,United States,2025-01-23,Corporate
CUST00663,Daniel,Jones,daniel.jones663@example.com,804-849-8847,Bellevue,WA,United States,2023-11-25,Consumer
CUST00664,Elizabeth,Smith,elizabeth.smith664@example.com,804-194-6347,Virginia Beach,VA,United States,2024-07-02,Consumer
CUST00665,Charles,Davis,charles.davis665@example.com,804-185-9821,Spokane,WA,United States,2023-02-05,Corporate
CUST00666,Charles,Gonzalez,charles.gonzalez666@example.com,804-719-9381,San Antonio,TX,United States,2023-10-13,Consumer
CUST00667,Robert,Wilson,robert.wilson667@example.com,804-391-6651,Rochester,NY,United States,2024-02-03,Corporate
CUST00668,Karen,Williams,karen.williams668@example.com,804-395-3683,San Antonio,TX,United States,2024-05-01,Small Business
CUST00669,Jessica,Jones,jessica.jones669@example.com,804-410-8776,Seattle,WA,United States,2022-10-22,Small Business
CUST00670,Daniel,Gonzalez,daniel.gonzalez670@example.com,804-379-7791,Los Angeles,CA,United States,2024-04-18,Consumer
CUST00671,Robert,Miller,robert.miller671@example.com,804-602-1691,San Antonio,TX,United States,2023-08-16,Corporate
CUST00672,Karen,Anderson,karen.anderson672@example.com,804-368-5917,Houston,TX,United States,2022-01-06,Small Business
CUST00673,Elizabeth,Wilson,elizabeth.wilson673@example.com,804-222-5541,San Antonio,TX,United States,2023-05-17,Corporate
CUST00674,Susan,Jackson,susan.jackson674@example.com,804-802-8799,Alexandria,VA,United States,2023-06-13,Small Business
CUST00675,Daniel,Smith,daniel.smith675@example.com,804-159-3394,Spokane,WA,United States,2022-11-30,Corporate
CUST00676,Susan,Garcia,susan.garcia676@example.com,804-751-6832,San Jose,CA,United States,2024-01-10,Consumer
CUST00677,John,Taylor,john.taylor677@example.com,804-870-3738,Dallas,TX,United States,2022-07-13,Small Business
CUST00678,Elizabeth,Rodriguez,elizabeth.rodriguez678@example.com,804-693-6761,Naperville,IL,United States,2022-07-16,Consumer
CUST00679,Susan,Thomas,susan.thomas679@example.com,804-323-3532,Norfolk,VA,United States,2022-11-30,Small Business
CUST00680,Karen,Martin,karen.martin680@example.com,804-178-2909,Chicago,IL,United States,2024-05-04,Consumer
CUST00681,Elizabeth,Lopez,elizabeth.lopez681@example.com,804-276-5991,San Antonio,TX,United States,2024-12-07,Consumer
CUST00682,Robert,Jones,robert.jones682@example.com,804-314-3133,Springfield,IL,United States,2023-09-22,Consumer
CUST00683,Patricia,Williams,patricia.williams683@example.com,804-301-2766,San Francisco,CA,United States,2024-06-02,Consumer
CUST00684,Mary,Thomas,mary.thomas684@example.com,804-408-1168,San Jose,CA,United States,2022-03-30,Consumer
CUST00685,Michael,Jackson,michael.jackson685@example.com,804-192-3384,Dallas,TX,United States,2023-12-21,Small Business
CUST00686,Susan,Lopez,susan.lopez686@example.com,804-169-2623,Dallas,TX,United States,2024-10-31,Small Business
CUST00687,Michael,Martinez,michael.martinez687@example.com,804-616-8777,Houston,TX,United States,2022-07-22,Corporate
CUST00688,Patricia,Garcia,patricia.garcia688@example.com,804-319-9425,Spokane,WA,United States,2024-02-17,Consumer
CUST00689,David,Brown,david.brown689@example.com,804-607-6918,Richmond,VA,United States,2024-11-30,Small Business
CUST00690,John,Hernandez,john.hernandez690@example.com,804-567-6111,Richmond,VA,United States,2024-02-28,Small Business
CUST00691,Karen,Wilson,karen.wilson691@example.com,804-961-8793,Rochester,NY,United States,2023-01-22,Small Business
CUST00692,Sarah,Brown,sarah.brown692@example.com,804-792-2392,Alexandria,VA,United States,2024-12-06,Consumer
CUST00693,Daniel,Brown,daniel.brown693@example.com,804-303-6548,Springfield,IL,United States,2022-05-13,Consumer
CUST00694,Patricia,Davis,patricia.davis694@example.com,804-883-5472,Bellevue,WA,United States,2024-10-19,Small Business
CUST00695,Nancy,Gonzalez,nancy.gonzalez695@example.com,804-210-3001,Norfolk,VA,United States,2022-10-29,Corporate
CUST00696,Robert,Smith,robert.smith696@example.com,804-794-1438,Los Angeles,CA,United States,2022-05-20,Consumer
CUST00697,Robert,Martinez,robert.martinez697@example.com,804-885-9064,Miami,FL,United States,2022-06-06,Corporate
CUST00698,Sarah,Taylor,sarah.taylor698@example.com,804-118-1517,Albany,NY,United States,2025-01-12,Corporate
CUST00699,Thomas,Hernandez,thomas.hernandez699@example.com,804-136-1538,Bellevue,WA,United States,2024-06-25,Consumer
CUST00700,Elizabeth,Garcia,elizabeth.garcia700@example.com,804-832-7374,Alexandria,VA,United States,2022-10-03,Corporate
CUST00701,Sarah,Moore,sarah.moore701@example.com,804-974-3560,Peoria,IL,United States,2024-09-01,Small Business
CUST00702,Daniel,Gonzalez,daniel.gonzalez702@example.com,804-162-1461,Tampa,FL,United States,2023-08-06,Small Business
CUST00703,Susan,Jackson,susan.jackson703@example.com,804-538-6654,San Jose,CA,United States,2024-02-19,Corporate
CUST00704,Linda,Davis,linda.davis704@example.com,804-989-5995,Austin,TX,United States,2022-06-23,Consumer
CUST00705,David,Johnson,david.johnson705@example.com,804-531-5368,Alexandria,VA,United States,2025-03-09,Consumer
CUST00706,David,Gonzalez,david.gonzalez706@example.com,804-200-9001,Jacksonville,FL,United States,2023-10-23,Consumer
CUST00707,Sarah,Taylor,sarah.taylor707@example.com,804-406-6952,Spokane,WA,United States,2022-12-08,Corporate
CUST00708,John,Moore,john.moore708@example.com,804-404-7586,Austin,TX,United States,2023-06-28,Consumer
CUST00709,Daniel,Brown,daniel.brown709@example.com,804-680-9700,Tampa,FL,United States,2023-07-14,Corporate
CUST00710,John,Martinez,john.martinez710@example.com,804-420-4278,Tampa,FL,United States,2024-06-05,Corporate
CUST00711,Thomas,Moore,thomas.moore711@example.com,804-690-9178,Houston,TX,United States,2024-11-23,Consumer
CUST00712,Thomas,Rodriguez,thomas.rodriguez712@example.com,804-161-9556,Peoria,IL,United States,2025-03-05,Consumer
CUST00713,Robert,Martinez,robert.martinez713@example.com,804-980-2055,Bellevue,WA,United States,2024-04-20,Small Business
CUST00714,Elizabeth,Garcia,elizabeth.garcia714@example.com,804-216-3456,Buffalo,NY,United States,2024-04-11,Consumer
CUST00715,Elizabeth,Anderson,elizabeth.anderson715@example.com,804-137-4309,Alexandria,VA,United States,2024-05-14,Consumer
CUST00716,William,Moore,william.moore716@example.com,804-156-2375,Houston,TX,United States,2024-09-22,Corporate
CUST00717,Jessica,Lopez,jessica.lopez717@example.com,804-341-2833,Chicago,IL,United States,2024-03-23,Small Business
CUST00718,Charles,Jackson,charles.jackson718@example.com,804-343-3003,Spokane,WA,United States,2024-10-13,Corporate
CUST00719,Joseph,Davis,joseph.davis719@example.com,804-279-4507,Virginia Beach,VA,United States,2022-10-23,Corporate
CUST00720,Daniel,Johnson,daniel.johnson720@example.com,804-658-7943,Norfolk,VA,United States,2022-08-20,Corporate
CUST00721,Robert,Lopez,robert.lopez721@example.com,804-760-1570,Norfolk,VA,United States,2023-09-24,Small Business
CUST00722,Linda,Rodriguez,linda.rodriguez722@example.com,804-817-6945,Jacksonville,FL,United States,2023-09-26,Small Business
CUST00723,Thomas,Gonzalez,thomas.gonzalez723@example.com,804-192-4857,San Francisco,CA,United States,2023-06-08,Corporate
CUST00724,Thomas,Hernandez,thomas.hernandez724@example.com,804-987-2312,Bellevue,WA,United States,2022-03-11,Corporate
CUST00725,David,Wilson,david.wilson725@example.com,804-618-2087,Seattle,WA,United States,2022-11-25,Corporate
CUST00726,Karen,Hernandez,karen.hernandez726@example.com,804-756-4010,Richmond,VA,United States,2022-04-17,Small Business
CUST00727,James,Gonzalez,james.gonzalez727@example.com,804-184-2815,Austin,TX,United States,2023-10-05,Consumer
CUST00728,Robert,Martin,robert.martin728@example.com,804-589-3187,Peoria,IL,United States,2023-10-17,Corporate
CUST00729,David,Martinez,david.martinez729@example.com,804-286-7447,Houston,TX,United States,2024-04-28,Corporate
CUST00730,Linda,Smith,linda.smith730@example.com,804-303-5289,San Diego,CA,United States,2022-07-02,Small Business
CUST00731,Nancy,Wilson,nancy.wilson731@example.com,804-476-3787,Tampa,FL,United States,2022-11-02,Small Business
CUST00732,Jessica,Anderson,jessica.anderson732@example.com,804-830-4328,Bellevue,WA,United States,2022-08-31,Consumer
CUST00733,William,Martinez,william.martinez733@example.com,804-541-4385,Peoria,IL,United States,2024-02-22,Small Business
CUST00734,Michael,Wilson,michael.wilson734@example.com,804-397-5289,San Antonio,TX,United States,2022-10-26,Consumer
CUST00735,Susan,Jackson,susan.jackson735@example.com,804-580-3182,Peoria,IL,United States,2022-06-25,Corporate
CUST00736,Michael,Gonzalez,michael.gonzalez736@example.com,804-197-1962,Peoria,IL,United States,2023-06-09,Consumer
CUST00737,Susan,Martin,susan.martin737@example.com,804-616-7241,Chicago,IL,United States,2022-01-11,Corporate
CUST00738,Robert,Moore,robert.moore738@example.com,804-615-9074,San Diego,CA,United States,2023-06-18,Corporate
CUST00739,David,Taylor,david.taylor739@example.com,804-420-1723,Virginia Beach,VA,United States,2023-06-18,Consumer
CUST00740,William,Lopez,william.lopez740@example.com,804-949-5321,Norfolk,VA,United States,2023-06-24,Small Business
CUST00741,David,Thomas,david.thomas741@example.com,804-751-8208,Tacoma,WA,United States,2025-02-12,Consumer
CUST00742,Jennifer,Johnson,jennifer.johnson742@example.com,804-546-2900,Norfolk,VA,United States,2022-12-01,Corporate
CUST00743,Karen,Thomas,karen.thomas743@example.com,804-226-6727,Alexandria,VA,United States,2022-08-19,Consumer
CUST00744,Jennifer,Taylor,jennifer.taylor744@example.com,804-317-1067,Spokane,WA,United States,2025-02-27,Small Business
CUST00745,John,Davis,john.davis745@example.com,804-126-5657,Bellevue,WA,United States,2022-07-13,Small Business
CUST00746,Susan,Jackson,susan.jackson746@example.com,804-183-8540,San Jose,CA,United States,2022-11-11,Small Business
CUST00747,William,Martin,william.martin747@example.com,804-771-8423,Chicago,IL,United States,2023-11-06,Corporate
CUST00748,Daniel,Jones,daniel.jones748@example.com,804-917-1909,Houston,TX,United States,2023-08-03,Small Business
CUST00749,Joseph,Williams,joseph.williams749@example.com,804-889-7535,Norfolk,VA,United States,2022-12-31,Consumer
CUST00750,Joseph,Gonzalez,joseph.gonzalez750@example.com,804-602-8083,Buffalo,NY,United States,2022-09-04,Small Business
CUST00751,Nancy,Jones,nancy.jones751@example.com,804-304-9021,New York,NY,United States,2024-01-23,Corporate
CUST00752,Daniel,Martin,daniel.martin752@example.com,804-728-4053,Richmond,VA,United States,2024-05-15,Corporate
CUST00753,Charles,Hernandez,charles.hernandez753@example.com,804-639-9596,Virginia Beach,VA,United States,2022-11-14,Consumer
CUST00754,Sarah,Martinez,sarah.martinez754@example.com,804-635-8007,Dallas,TX,United States,2023-09-08,Corporate
CUST00755,Mary,Taylor,mary.taylor755@example.com,804-575-5151,San Francisco,CA,United States,2024-04-25,Corporate
CUST00756,Charles,Smith,charles.smith756@example.com,804-963-7438,San Francisco,CA,United States,2023-01-03,Consumer
CUST00757,Elizabeth,Hernandez,elizabeth.hernandez757@example.com,804-927-5342,Jacksonville,FL,United States,2024-07-10,Corporate
CUST00758,Jennifer,Miller,jennifer.miller758@example.com,804-544-9755,Houston,TX,United States,2023-06-16,Consumer
CUST00759,Jennifer,Thomas,jennifer.thomas759@example.com,804-733-6910,Alexandria,VA,United States,2024-09-23,Small Business
CUST00760,Joseph,Martinez,joseph.martinez760@example.com,804-295-2833,San Diego,CA,United States,2022-10-04,Consumer
CUST00761,James,Miller,james.miller761@example.com,804-962-9824,Virginia Beach,VA,United States,2023-05-11,Consumer
CUST00762,Robert,Thomas,robert.thomas762@example.com,804-256-8295,Richmond,VA,United States,2022-08-27,Corporate
CUST00763,Daniel,Davis,daniel.davis763@example.com,804-152-6469,Austin,TX,United States,2025-03-12,Consumer
CUST00764,Jessica,Wilson,jessica.wilson764@example.com,804-848-5764,Bellevue,WA,United States,2025-03-31,Consumer
CUST00765,Daniel,Martin,daniel.martin765@example.com,804-640-1311,Peoria,IL,United States,2023-04-20,Corporate
CUST00766,William,Wilson,william.wilson766@example.com,804-761-6681,Richmond,VA,United States,2024-10-10,Corporate
CUST00767,Elizabeth,Miller,elizabeth.miller767@example.com,804-619-4599,Norfolk,VA,United States,2024-06-16,Small Business
CUST00768,Nancy,Anderson,nancy.anderson768@example.com,804-953-6902,Austin,TX,United States,2024-03-10,Corporate
CUST00769,Nancy,Miller,nancy.miller769@example.com,804-277-4268,New York,NY,United States,2024-09-15,Consumer
CUST00770,Jessica,Thomas,jessica.thomas770@example.com,804-148-1297,Buffalo,NY,United States,2023-03-05,Corporate
CUST00771,Jennifer,Garcia,jennifer.garcia771@example.com,804-540-2867,Seattle,WA,United States,2022-05-11,Small Business
CUST00772,Sarah,Rodriguez,sarah.rodriguez772@example.com,804-373-3476,Albany,NY,United States,2022-04-06,Small Business
CUST00773,Patricia,Johnson,patricia.johnson773@example.com,804-900-2669,Alexandria,VA,United States,2022-08-16,Small Business
CUST00774,Patricia,Miller,patricia.miller774@example.com,804-880-9288,Buffalo,NY,United States,2023-08-22,Corporate
CUST00775,Susan,Hernandez,susan.hernandez775@example.com,804-549-7811,Tacoma,WA,United States,2022-09-09,Consumer
CUST00776,David,Martinez,david.martinez776@example.com,804-481-7799,Orlando,FL,United States,2022-06-24,Corporate
CUST00777,Charles,Wilson,charles.wilson777@example.com,804-523-7706,Tacoma,WA,United States,2022-10-10,Corporate
CUST00778,Susan,Smith,susan.smith778@example.com,804-171-2389,Virginia Beach,VA,United States,2022-01-21,Corporate
CUST00779,Jennifer,Wilson,jennifer.wilson779@example.com,804-254-1947,San Francisco,CA,United States,2022-03-17,Small Business
CUST00780,Charles,Martinez,charles.martinez780@example.com,804-838-6139,Alexandria,VA,United States,2025-02-07,Corporate
CUST00781,Charles,Martin,charles.martin781@example.com,804-310-9919,San Antonio,TX,United States,2024-07-02,Small Business
CUST00782,Susan,Gonzalez,susan.gonzalez782@example.com,804-137-9805,Tacoma,WA,United States,2023-09-10,Corporate
CUST00783,Robert,Taylor,robert.taylor783@example.com,804-623-6115,Tampa,FL,United States,2023-03-14,Small Business
CUST00784,James,Smith,james.smith784@example.com,804-843-7926,Spokane,WA,United States,2023-05-10,Small Business
CUST00785,Susan,Rodriguez,susan.rodriguez785@example.com,804-874-3043,Naperville,IL,United States,2022-09-11,Corporate
CUST00786,Thomas,Hernandez,thomas.hernandez786@example.com,804-391-3293,Dallas,TX,United States,2023-12-19,Small Business
CUST00787,Patricia,Hernandez,patricia.hernandez787@example.com,804-200-3401,Orlando,FL,United States,2024-01-10,Small Business
CUST00788,John,Johnson,john.johnson788@example.com,804-556-2279,Virginia Beach,VA,United States,2024-09-02,Corporate
CUST00789,Karen,Taylor,karen.taylor789@example.com,804-610-7937,Bellevue,WA,United States,2023-06-25,Corporate
CUST00790,Jessica,Garcia,jessica.garcia790@example.com,804-232-9408,Dallas,TX,United States,2024-09-19,Small Business
CUST00791,Sarah,Johnson,sarah.johnson791@example.com,804-221-7694,Springfield,IL,United States,2025-02-18,Consumer
CUST00792,Mary,Taylor,mary.taylor792@example.com,804-483-5968,Houston,TX,United States,2024-01-31,Corporate
CUST00793,Robert,Jackson,robert.jackson793@example.com,804-320-3999,Richmond,VA,United States,2023-09-17,Small Business
CUST00794,Susan,Williams,susan.williams794@example.com,804-686-6074,Seattle,WA,United States,2024-05-05,Small Business
CUST00795,Joseph,Thomas,joseph.thomas795@example.com,804-751-8551,Tacoma,WA,United States,2022-10-11,Corporate
CUST00796,David,Williams,david.williams796@example.com,804-504-6554,Bellevue,WA,United States,2024-03-04,Small Business
CUST00797,Thomas,Rodriguez,thomas.rodriguez797@example.com,804-685-6060,Chicago,IL,United States,2022-12-06,Small Business
CUST00798,John,Miller,john.miller798@example.com,804-293-8796,Miami,FL,United States,2025-03-13,Small Business
CUST00799,Karen,Garcia,karen.garcia799@example.com,804-949-8278,San Jose,CA,United States,2023-02-26,Consumer
CUST00800,Joseph,Jackson,joseph.jackson800@example.com,804-547-3957,San Francisco,CA,United States,2022-02-17,Corporate
CUST00801,Joseph,Rodriguez,joseph.rodriguez801@example.com,804-272-5675,Los Angeles,CA,United States,2022-07-23,Consumer
CUST00802,Robert,Martinez,robert.martinez802@example.com,804-433-3973,Virginia Beach,VA,United States,2022-05-01,Consumer
CUST00803,Patricia,Hernandez,patricia.hernandez803@example.com,804-484-2981,San Antonio,TX,United States,2023-10-26,Consumer
CUST00804,Daniel,Davis,daniel.davis804@example.com,804-162-6215,Alexandria,VA,United States,2022-08-24,Corporate
CUST00805,James,Wilson,james.wilson805@example.com,804-667-2663,Springfield,IL,United States,2022-02-08,Consumer
CUST00806,Robert,Martinez,robert.martinez806@example.com,804-966-9199,Jacksonville,FL,United States,2024-07-02,Consumer
CUST00807,Karen,Garcia,,804-668-8401,Tacoma,WA,United States,2025-01-05,Consumer
CUST00808,Nancy,Martinez,nancy.martinez808@example.com,804-593-5477,Springfield,IL,United States,2022-01-02,Small Business
CUST00809,Susan,Miller,susan.miller809@example.com,804-856-9750,Tampa,FL,United States,2022-04-04,Small Business
CUST00810,Patricia,Jones,patricia.jones810@example.com,804-725-9270,Naperville,IL,United States,2024-06-03,Corporate
CUST00811,William,Anderson,william.anderson811@example.com,804-315-8533,Buffalo,NY,United States,2023-10-21,Small Business
CUST00812,Robert,Smith,robert.smith812@example.com,804-788-3843,Jacksonville,FL,United States,2022-01-09,Corporate
CUST00813,Sarah,Gonzalez,sarah.gonzalez813@example.com,804-131-8293,Miami,FL,United States,2022-06-08,Small Business
CUST00814,Joseph,Martin,joseph.martin814@example.com,804-227-8580,Rochester,NY,United States,2022-12-29,Corporate
CUST00815,Linda,Smith,linda.smith815@example.com,804-192-5967,Spokane,WA,United States,2024-01-03,Small Business
CUST00816,Susan,Johnson,susan.johnson816@example.com,804-300-7489,Rochester,NY,United States,2023-03-05,Consumer
CUST00817,Sarah,Garcia,sarah.garcia817@example.com,804-678-3875,Orlando,FL,United States,2025-03-04,Consumer
CUST00818,Robert,Rodriguez,robert.rodriguez818@example.com,804-296-1378,Orlando,FL,United States,2024-12-07,Small Business
CUST00819,Karen,Anderson,karen.anderson819@example.com,804-542-7666,San Francisco,CA,United States,2022-04-17,Corporate
CUST00820,Sarah,Lopez,sarah.lopez820@example.com,804-384-7882,Miami,FL,United States,2023-04-05,Small Business
CUST00821,Michael,Hernandez,michael.hernandez821@example.com,804-176-5095,Los Angeles,CA,United States,2023-04-08,Consumer
CUST00822,Patricia,Smith,patricia.smith822@example.com,804-916-6477,Alexandria,VA,United States,2022-02-19,Corporate
CUST00823,David,Johnson,david.johnson823@example.com,804-174-8184,Spokane,WA,United States,2024-11-30,Consumer
CUST00824,John,Johnson,john.johnson824@example.com,804-901-3089,San Francisco,CA,United States,2023-10-04,Consumer
CUST00825,Elizabeth,Martin,elizabeth.martin825@example.com,804-793-1914,Peoria,IL,United States,2022-05-15,Small Business
CUST00826,Joseph,Brown,joseph.brown826@example.com,804-906-1173,Jacksonville,FL,United States,2023-04-23,Corporate
CUST00827,Nancy,Martin,nancy.martin827@example.com,804-629-6377,San Jose,CA,United States,2022-02-23,Small Business
CUST00828,Nancy,Williams,nancy.williams828@example.com,804-752-9337,Orlando,FL,United States,2025-03-19,Corporate
CUST00829,Nancy,Anderson,nancy.anderson829@example.com,804-161-3091,Dallas,TX,United States,2022-10-09,Corporate
CUST00830,Susan,Martinez,susan.martinez830@example.com,804-416-6618,Orlando,FL,United States,2022-10-29,Corporate
CUST00831,Daniel,Jones,daniel.jones831@example.com,804-979-1894,San Diego,CA,United States,2024-11-04,Corporate
CUST00832,Michael,Williams,michael.williams832@example.com,804-714-6425,Buffalo,NY,United States,2024-09-01,Small Business
CUST00833,Elizabeth,Wilson,elizabeth.wilson833@example.com,,Buffalo,NY,United States,2022-08-03,Corporate
CUST00834,Linda,Davis,linda.davis834@example.com,804-852-6431,Virginia Beach,VA,United States,2023-05-05,Small Business
CUST00835,James,Lopez,james.lopez835@example.com,804-668-2887,Los Angeles,CA,United States,2024-01-03,Consumer
CUST00836,Daniel,Lopez,daniel.lopez836@example.com,804-390-3853,Los Angeles,CA,United States,2023-02-12,Consumer
CUST00837,David,Moore,david.moore837@example.com,804-280-5289,Dallas,TX,United States,2023-02-06,Consumer
CUST00838,Joseph,Brown,joseph.brown838@example.com,804-345-7056,Buffalo,NY,United States,2023-09-17,Corporate
CUST00839,Nancy,Wilson,nancy.wilson839@example.com,804-233-4107,Chicago,IL,United States,2022-08-31,Consumer
CUST00840,David,Martin,david.martin840@example.com,804-701-4098,Virginia Beach,VA,United States,2022-04-05,Small Business
CUST00841,Linda,Johnson,linda.johnson841@example.com,804-698-9011,Naperville,IL,United States,2022-09-16,Consumer
CUST00842,Nancy,Williams,nancy.williams842@example.com,804-610-9501,San Antonio,TX,United States,2024-11-08,Corporate
CUST00843,Charles,Thomas,charles.thomas843@example.com,804-695-7569,Peoria,IL,United States,2024-08-28,Small Business
CUST00844,Mary,Miller,mary.miller844@example.com,804-505-4581,Dallas,TX,United States,2024-07-14,Corporate
CUST00845,Jennifer,Lopez,jennifer.lopez845@example.com,804-402-8282,New York,NY,United States,2022-10-03,Small Business
CUST00846,Thomas,Taylor,thomas.taylor846@example.com,804-578-8086,Tampa,FL,United States,2024-05-22,Corporate
CUST00847,William,Gonzalez,william.gonzalez847@example.com,804-371-2243,San Diego,CA,United States,2024-06-23,Corporate
CUST00848,Charles,Taylor,charles.taylor848@example.com,804-200-2942,Miami,FL,United States,2023-07-21,Consumer
CUST00849,David,Miller,david.miller849@example.com,804-863-5496,Naperville,IL,United States,2023-05-28,Consumer
CUST00850,Karen,Rodriguez,karen.rodriguez850@example.com,804-901-7616,San Jose,CA,United States,2023-08-01,Corporate
CUST00851,James,Thomas,james.thomas851@example.com,804-332-4438,Springfield,IL,United States,2024-03-25,Corporate
CUST00852,Karen,Anderson,karen.anderson852@example.com,804-420-4077,Peoria,IL,United States,2023-11-29,Corporate
CUST00853,Michael,Anderson,michael.anderson853@example.com,804-691-3102,Richmond,VA,United States,2024-02-07,Corporate
CUST00854,Susan,Hernandez,susan.hernandez854@example.com,804-881-9808,San Antonio,TX,United States,2024-05-21,Corporate
CUST00855,Mary,Jones,mary.jones855@example.com,804-918-7404,Austin,TX,United States,2025-03-09,Corporate
CUST00856,Karen,Gonzalez,karen.gonzalez856@example.com,804-683-8397,San Antonio,TX,United States,2022-08-11,Small Business
CUST00857,Patricia,Moore,patricia.moore857@example.com,804-291-4260,Houston,TX,United States,2024-09-27,Consumer
CUST00858,Michael,Davis,michael.davis858@example.com,804-477-9495,New York,NY,United States,2024-07-20,Consumer
CUST00859,Jessica,Gonzalez,jessica.gonzalez859@example.com,804-528-8835,Houston,TX,United States,2022-09-22,Small Business
CUST00860,Michael,Jones,michael.jones860@example.com,804-937-8778,Tacoma,WA,United States,2023-09-27,Consumer
CUST00861,Daniel,Miller,daniel.miller861@example.com,804-107-3337,Jacksonville,FL,United States,2023-07-19,Corporate
CUST00862,Linda,Taylor,linda.taylor862@example.com,804-689-1640,Rochester,NY,United States,2024-07-31,Small Business
CUST00863,Thomas,Lopez,thomas.lopez863@example.com,804-943-3869,Naperville,IL,United States,2024-03-11,Corporate
CUST00864,Jessica,Anderson,jessica.anderson864@example.com,804-502-1715,Virginia Beach,VA,United States,2025-03-10,Consumer
CUST00865,Karen,Martinez,karen.martinez865@example.com,804-521-2986,Chicago,IL,United States,2023-03-21,Corporate
CUST00866,David,Wilson,david.wilson866@example.com,804-618-1731,Virginia Beach,VA,United States,2023-06-02,Corporate
CUST00867,Thomas,Gonzalez,thomas.gonzalez867@example.com,804-138-1175,Rochester,NY,United States,2023-02-03,Corporate
CUST00868,David,Anderson,david.anderson868@example.com,804-661-4969,Alexandria,VA,United States,2022-05-20,Small Business
CUST00869,William,Garcia,william.garcia869@example.com,804-401-3034,Houston,TX,United States,2022-07-25,Small Business
CUST00870,James,Rodriguez,james.rodriguez870@example.com,804-321-1564,San Antonio,TX,United States,2024-01-04,Small Business
CUST00871,Mary,Taylor,,804-554-1858,Chicago,IL,United States,2024-03-10,Small Business
CUST00872,Michael,Davis,michael.davis872@example.com,804-116-7908,Buffalo,NY,United States,2023-02-14,Consumer
CUST00873,Michael,Williams,michael.williams873@example.com,804-145-7810,Houston,TX,United States,2022-12-10,Small Business
CUST00874,Karen,Miller,karen.miller874@example.com,804-538-2979,Orlando,FL,United States,2025-01-14,Consumer
CUST00875,Jennifer,Smith,jennifer.smith875@example.com,804-317-8516,Norfolk,VA,United States,2022-01-25,Consumer
CUST00876,Nancy,Lopez,nancy.lopez876@example.com,804-408-9185,Los Angeles,CA,United States,2023-03-24,Consumer
CUST00877,Daniel,Garcia,daniel.garcia877@example.com,804-813-7366,New York,NY,United States,2023-10-27,Small Business
CUST00878,Robert,Hernandez,robert.hernandez878@example.com,804-443-1289,Austin,TX,United States,2024-09-14,Small Business
CUST00879,Charles,Davis,charles.davis879@example.com,804-731-3032,Miami,FL,United States,2023-04-22,Corporate
CUST00880,Linda,Martin,linda.martin880@example.com,804-610-5859,Los Angeles,CA,United States,2022-10-09,Consumer
CUST00881,Mary,Davis,mary.davis881@example.com,804-384-6202,Peoria,IL,United States,2023-11-05,Small Business
CUST00882,Jessica,Martinez,jessica.martinez882@example.com,804-450-4969,Seattle,WA,United States,2023-04-15,Consumer
CUST00883,Linda,Davis,linda.davis883@example.com,804-287-8247,Jacksonville,FL,United States,2024-12-03,Small Business
CUST00884,John,Miller,john.miller884@example.com,804-193-3845,San Diego,CA,United States,2023-02-23,Small Business
CUST00885,Michael,Davis,michael.davis885@example.com,804-418-3689,Miami,FL,United States,2024-05-22,Small Business
CUST00886,Nancy,Davis,nancy.davis886@example.com,804-750-4299,Albany,NY,United States,2025-03-26,Corporate
CUST00887,Susan,Gonzalez,susan.gonzalez887@example.com,804-532-9278,Virginia Beach,VA,United States,2024-08-22,Small Business
CUST00888,Sarah,Smith,sarah.smith888@example.com,804-877-5918,Bellevue,WA,United States,2024-05-25,Small Business
CUST00889,Jennifer,Rodriguez,jennifer.rodriguez889@example.com,804-390-7146,Alexandria,VA,United States,2023-09-19,Small Business
CUST00890,Robert,Thomas,robert.thomas890@example.com,804-113-9203,Dallas,TX,United States,2023-01-24,Small Business
CUST00891,Jessica,Gonzalez,jessica.gonzalez891@example.com,804-415-2167,Naperville,IL,United States,2024-02-26,Corporate
CUST00892,Patricia,Gonzalez,patricia.gonzalez892@example.com,804-361-6711,Orlando,FL,United States,2023-02-02,Small Business
CUST00893,Susan,Johnson,susan.johnson893@example.com,804-348-8827,Peoria,IL,United States,2024-05-18,Consumer
CUST00894,James,Jones,james.jones894@example.com,804-353-3644,Rochester,NY,United States,2022-10-29,Consumer
CUST00895,Joseph,Gonzalez,joseph.gonzalez895@example.com,804-997-7929,Chicago,IL,United States,2024-11-27,Consumer
CUST00896,Elizabeth,Taylor,elizabeth.taylor896@example.com,804-870-2456,Jacksonville,FL,United States,2023-09-23,Consumer
CUST00897,Susan,Jones,,804-106-3759,Buffalo,NY,United States,2024-03-26,Corporate
CUST00898,Jessica,Taylor,jessica.taylor898@example.com,804-280-7138,Norfolk,VA,United States,2024-06-01,Consumer
CUST00899,Jennifer,Taylor,jennifer.taylor899@example.com,804-290-4292,San Francisco,CA,United States,2025-03-07,Consumer
CUST00900,Michael,Rodriguez,michael.rodriguez900@example.com,804-739-2789,Bellevue,WA,United States,2024-06-21,Small Business
CUST00901,Joseph,Brown,joseph.brown901@example.com,804-699-4846,New York,NY,United States,2023-12-02,Corporate
CUST00902,James,Johnson,james.johnson902@example.com,804-316-9557,New York,NY,United States,2022-03-27,Consumer
CUST00903,William,Thomas,william.thomas903@example.com,804-479-6620,Norfolk,VA,United States,2024-05-29,Corporate
CUST00904,Joseph,Gonzalez,joseph.gonzalez904@example.com,804-925-2641,Miami,FL,United States,2023-12-31,Consumer
CUST00905,Robert,Smith,robert.smith905@example.com,804-816-5072,Miami,FL,United States,2024-12-22,Corporate
CUST00906,Sarah,Taylor,sarah.taylor906@example.com,804-932-6278,Virginia Beach,VA,United States,2022-01-07,Consumer
CUST00907,David,Anderson,david.anderson907@example.com,804-913-2333,San Antonio,TX,United States,2024-03-30,Corporate
CUST00908,Sarah,Brown,sarah.brown908@example.com,804-299-3345,Peoria,IL,United States,2023-08-25,Small Business
CUST00909,Charles,Johnson,charles.johnson909@example.com,804-952-9990,San Antonio,TX,United States,2022-06-28,Corporate
CUST00910,Patricia,Thomas,patricia.thomas910@example.com,804-274-2465,Springfield,IL,United States,2023-05-14,Consumer
CUST00911,Jennifer,Hernandez,jennifer.hernandez911@example.com,804-781-8803,Norfolk,VA,United States,2023-03-28,Small Business
CUST00912,Karen,Thomas,karen.thomas912@example.com,804-884-2059,San Jose,CA,United States,2023-04-04,Small Business
CUST00913,Joseph,Moore,joseph.moore913@example.com,804-365-2895,Bellevue,WA,United States,2023-04-23,Corporate
CUST00914,Daniel,Miller,daniel.miller914@example.com,,Chicago,IL,United States,2025-03-19,Corporate
CUST00915,Mary,Jackson,mary.jackson915@example.com,804-427-6980,Orlando,FL,United States,2024-03-05,Small Business
CUST00916,Nancy,Jackson,nancy.jackson916@example.com,804-651-8546,Houston,TX,United States,2024-03-20,Corporate
CUST00917,Linda,Thomas,linda.thomas917@example.com,804-390-3389,Peoria,IL,United States,2022-10-29,Small Business
CUST00918,Mary,Martin,mary.martin918@example.com,804-380-8836,Albany,NY,United States,2024-10-25,Small Business
CUST00919,Joseph,Johnson,joseph.johnson919@example.com,804-968-4687,Spokane,WA,United States,2022-11-09,Small Business
CUST00920,Jennifer,Thomas,jennifer.thomas920@example.com,804-122-9977,Peoria,IL,United States,2023-09-05,Corporate
CUST00921,Susan,Gonzalez,susan.gonzalez921@example.com,804-389-4196,Richmond,VA,United States,2024-12-17,Small Business
CUST00922,Robert,Hernandez,robert.hernandez922@example.com,804-770-3681,Seattle,WA,United States,2023-09-15,Small Business
CUST00923,Elizabeth,Jones,elizabeth.jones923@example.com,804-109-6934,Dallas,TX,United States,2023-02-05,Small Business
CUST00924,Robert,Gonzalez,robert.gonzalez924@example.com,804-464-8763,Virginia Beach,VA,United States,2022-04-26,Consumer
CUST00925,Charles,Hernandez,charles.hernandez925@example.com,804-839-7619,Jacksonville,FL,United States,2022-11-01,Consumer
CUST00926,Sarah,Martinez,sarah.martinez926@example.com,804-191-8596,Springfield,IL,United States,2024-02-08,Small Business
CUST00927,Thomas,Lopez,thomas.lopez927@example.com,804-224-9015,Los Angeles,CA,United States,2022-08-27,Small Business
CUST00928,James,Jackson,james.jackson928@example.com,804-913-3967,Jacksonville,FL,United States,2023-07-15,Corporate
CUST00929,Jessica,Martinez,jessica.martinez929@example.com,804-165-9806,Orlando,FL,United States,2022-07-23,Consumer
CUST00930,Joseph,Moore,joseph.moore930@example.com,804-957-9830,Bellevue,WA,United States,2022-05-11,Small Business
CUST00931,Michael,Brown,michael.brown931@example.com,804-557-6149,Dallas,TX,United States,2022-01-11,Consumer
CUST00932,Jennifer,Williams,jennifer.williams932@example.com,804-227-9292,Tampa,FL,United States,2022-03-13,Corporate
CUST00933,Jessica,Smith,jessica.smith933@example.com,804-901-5807,Austin,TX,United States,2022-04-05,Small Business
CUST00934,Sarah,Hernandez,sarah.hernandez934@example.com,804-314-2622,Tampa,FL,United States,2025-01-07,Small Business
CUST00935,Michael,Jones,michael.jones935@example.com,804-665-4539,Buffalo,NY,United States,2022-10-02,Small Business
CUST00936,Nancy,Wilson,nancy.wilson936@example.com,804-765-3675,San Jose,CA,United States,2023-06-18,Corporate
CUST00937,Jessica,Jones,jessica.jones937@example.com,804-850-5413,Orlando,FL,United States,2022-05-25,Small Business
CUST00938,Susan,Jackson,susan.jackson938@example.com,804-423-8104,Springfield,IL,United States,2024-05-09,Corporate
CUST00939,John,Rodriguez,john.rodriguez939@example.com,804-167-6396,Los Angeles,CA,United States,2025-01-28,Small Business
CUST00940,William,Jones,william.jones940@example.com,804-200-7179,Tacoma,WA,United States,2023-07-15,Consumer
CUST00941,Patricia,Garcia,patricia.garcia941@example.com,804-641-6716,Tampa,FL,United States,2024-09-29,Small Business
CUST00942,William,Martin,william.martin942@example.com,804-869-7382,Los Angeles,CA,United States,2022-12-16,Consumer
CUST00943,Karen,Moore,karen.moore943@example.com,804-230-5244,Jacksonville,FL,United States,2024-09-03,Consumer
CUST00944,Robert,Jones,robert.jones944@example.com,804-479-5081,Norfolk,VA,United States,2022-04-19,Small Business
CUST00945,Jennifer,Anderson,jennifer.anderson945@example.com,804-382-8008,Rochester,NY,United States,2024-10-25,Small Business
CUST00946,Linda,Martinez,linda.martinez946@example.com,804-889-6123,Chicago,IL,United States,2023-09-18,Consumer
CUST00947,Linda,Williams,linda.williams947@example.com,804-667-9074,Houston,TX,United States,2022-06-23,Consumer
CUST00948,Charles,Jones,charles.jones948@example.com,804-814-3042,Alexandria,VA,United States,2024-11-20,Corporate
CUST00949,James,Wilson,james.wilson949@example.com,804-800-1693,Naperville,IL,United States,2023-05-16,Small Business
CUST00950,Charles,Davis,charles.davis950@example.com,804-626-6788,Houston,TX,United States,2024-01-22,Consumer
CUST00951,Susan,Brown,susan.brown951@example.com,804-397-5901,Buffalo,NY,United States,2025-01-09,Corporate
CUST00952,Daniel,Gonzalez,daniel.gonzalez952@example.com,804-574-8999,Austin,TX,United States,2024-11-21,Consumer
CUST00953,David,Martinez,david.martinez953@example.com,804-839-4050,New York,NY,United States,2022-01-11,Corporate
CUST00954,Sarah,Miller,sarah.miller954@example.com,804-599-1113,San Diego,CA,United States,2024-04-21,Consumer
CUST00955,Sarah,Gonzalez,sarah.gonzalez955@example.com,804-286-9788,Albany,NY,United States,2024-01-17,Corporate
CUST00956,Thomas,Garcia,thomas.garcia956@example.com,804-467-4251,Austin,TX,United States,2024-06-07,Consumer
CUST00957,Joseph,Wilson,joseph.wilson957@example.com,804-782-4260,Naperville,IL,United States,2022-03-06,Corporate
CUST00958,Patricia,Wilson,patricia.wilson958@example.com,804-869-7551,Alexandria,VA,United States,2022-09-18,Small Business
CUST00959,Joseph,Jones,joseph.jones959@example.com,804-259-6638,Los Angeles,CA,United States,2022-02-13,Small Business
CUST00960,Mary,Hernandez,mary.hernandez960@example.com,804-396-5623,Richmond,VA,United States,2024-06-08,Corporate
CUST00961,Nancy,Jones,nancy.jones961@example.com,804-885-2884,Springfield,IL,United States,2023-05-26,Corporate
CUST00962,Jessica,Miller,jessica.miller962@example.com,804-285-4091,Richmond,VA,United States,2024-10-25,Small Business
CUST00963,Patricia,Jones,patricia.jones963@example.com,804-249-7984,Richmond,VA,United States,2023-07-15,Consumer
CUST00964,Mary,Gonzalez,mary.gonzalez964@example.com,804-444-7980,Norfolk,VA,United States,2023-04-19,Corporate
CUST00965,Mary,Martinez,mary.martinez965@example.com,804-459-7849,San Jose,CA,United States,2024-01-15,Consumer
CUST00966,Mary,Smith,mary.smith966@example.com,804-583-5590,San Jose,CA,United States,2023-03-11,Small Business
CUST00967,Sarah,Lopez,sarah.lopez967@example.com,804-785-1223,Albany,NY,United States,2022-08-17,Small Business
CUST00968,David,Lopez,david.lopez968@example.com,804-480-4903,Naperville,IL,United States,2024-12-19,Small Business
CUST00969,John,Brown,john.brown969@example.com,804-770-4120,Houston,TX,United States,2022-03-26,Consumer
CUST00970,John,Moore,john.moore970@example.com,804-879-4309,Tampa,FL,United States,2023-09-10,Small Business
CUST00971,Michael,Wilson,michael.wilson971@example.com,804-474-8347,Tampa,FL,United States,2025-02-21,Small Business
CUST00972,John,Thomas,john.thomas972@example.com,804-380-3112,Richmond,VA,United States,2022-12-08,Corporate
CUST00973,Michael,Gonzalez,michael.gonzalez973@example.com,804-868-9344,Richmond,VA,United States,2022-12-05,Corporate
CUST00974,Nancy,Rodriguez,nancy.rodriguez974@example.com,804-685-4568,Dallas,TX,United States,2022-01-08,Small Business
CUST00975,Charles,Anderson,charles.anderson975@example.com,804-403-5399,Tampa,FL,United States,2023-09-14,Small Business
CUST00976,Karen,Davis,karen.davis976@example.com,804-236-5430,New York,NY,United States,2022-10-31,Consumer
CUST00977,Michael,Moore,michael.moore977@example.com,804-719-7047,Los Angeles,CA,United States,2023-12-13,Corporate
CUST00978,Karen,Rodriguez,karen.rodriguez978@example.com,804-401-6318,Springfield,IL,United States,2024-04-16,Consumer
CUST00979,Susan,Davis,susan.davis979@example.com,804-116-9804,Naperville,IL,United States,2022-12-28,Small Business
CUST00980,Daniel,Brown,daniel.brown980@example.com,804-749-4377,Peoria,IL,United States,2023-06-12,Corporate
CUST00981,Daniel,Gonzalez,daniel.gonzalez981@example.com,804-477-3430,San Antonio,TX,United States,2023-04-20,Corporate
CUST00982,Jennifer,Garcia,jennifer.garcia982@example.com,804-388-1344,San Antonio,TX,United States,2023-01-05,Corporate
CUST00983,Joseph,Martin,joseph.martin983@example.com,804-536-5018,Houston,TX,United States,2022-10-21,Corporate
CUST00984,Patricia,Taylor,patricia.taylor984@example.com,804-493-1339,Houston,TX,United States,2022-07-24,Consumer
CUST00985,Mary,Jones,mary.jones985@example.com,804-742-1221,Houston,TX,United States,2023-07-03,Consumer
CUST00986,David,Williams,david.williams986@example.com,804-554-3672,Dallas,TX,United States,2024-09-10,Corporate
CUST00987,Mary,Moore,mary.moore987@example.com,804-121-1729,Naperville,IL,United States,2025-01-18,Consumer
CUST00988,Jessica,Jones,jessica.jones988@example.com,804-537-7314,San Diego,CA,United States,2022-02-19,Consumer
CUST00989,Joseph,Brown,joseph.brown989@example.com,804-204-5617,Virginia Beach,VA,United States,2022-08-14,Corporate
CUST00990,Susan,Williams,susan.williams990@example.com,804-643-6486,San Diego,CA,United States,2022-12-31,Small Business
CUST00991,Elizabeth,Martin,elizabeth.martin991@example.com,804-377-9179,Spokane,WA,United States,2023-12-15,Small Business
CUST00992,John,Smith,john.smith992@example.com,804-251-7399,Tacoma,WA,United States,2022-10-28,Corporate
CUST00993,Sarah,Williams,sarah.williams993@example.com,804-192-6292,San Francisco,CA,United States,2023-07-25,Consumer
CUST00994,David,Thomas,david.thomas994@example.com,804-912-6463,Alexandria,VA,United States,2024-04-27,Consumer
CUST00995,Linda,Gonzalez,linda.gonzalez995@example.com,804-604-9724,Alexandria,VA,United States,2025-01-08,Small Business
CUST00996,Daniel,Wilson,daniel.wilson996@example.com,804-470-1046,Orlando,FL,United States,2022-06-28,Consumer
CUST00997,Karen,Thomas,karen.thomas997@example.com,804-469-3283,Houston,TX,United States,2022-05-03,Corporate
CUST00998,Karen,Wilson,karen.wilson998@example.com,804-864-3257,Dallas,TX,United States,2023-04-05,Consumer
CUST00999,Joseph,Smith,joseph.smith999@example.com,804-818-2736,Peoria,IL,United States,2024-02-01,Small Business
CUST01000,Nancy,Garcia,nancy.garcia1000@example.com,804-180-5014,San Diego,CA,United States,2024-01-19,Consumer
CUST01001,Jessica,Jones,jessica.jones1001@example.com,804-866-9641,Tacoma,WA,United States,2024-08-20,Small Business
CUST01002,David,Anderson,david.anderson1002@example.com,804-259-1983,Seattle,WA,United States,2023-08-11,Small Business
CUST01003,Charles,Garcia,charles.garcia1003@example.com,804-667-5227,San Francisco,CA,United States,2024-05-17,Small Business
CUST01004,Jessica,Garcia,jessica.garcia1004@example.com,804-228-4471,New York,NY,United States,2024-12-04,Corporate
CUST01005,Jennifer,Moore,jennifer.moore1005@example.com,804-420-7637,Miami,FL,United States,2024-08-17,Corporate
CUST01006,Jessica,Miller,jessica.miller1006@example.com,804-471-6496,New York,NY,United States,2022-08-02,Consumer
CUST01007,Patricia,Williams,patricia.williams1007@example.com,804-664-4305,Houston,TX,United States,2023-09-26,Small Business
CUST01008,John,Jackson,john.jackson1008@example.com,804-146-1787,Miami,FL,United States,2025-02-28,Corporate
CUST01009,Susan,Martinez,susan.martinez1009@example.com,804-843-6830,Virginia Beach,VA,United States,2023-10-07,Consumer
CUST01010,Jessica,Taylor,jessica.taylor1010@example.com,804-915-7260,San Diego,CA,United States,2022-02-18,Corporate
CUST01011,Elizabeth,Garcia,elizabeth.garcia1011@example.com,804-195-4794,San Antonio,TX,United States,2022-06-11,Consumer
CUST01012,Jennifer,Taylor,jennifer.taylor1012@example.com,804-447-5765,Tampa,FL,United States,2024-07-05,Corporate
CUST01013,Mary,Gonzalez,mary.gonzalez1013@example.com,804-680-9151,Dallas,TX,United States,2022-06-03,Consumer
CUST01014,Elizabeth,Moore,elizabeth.moore1014@example.com,804-565-6139,Seattle,WA,United States,2024-10-18,Consumer
CUST01015,William,Jackson,william.jackson1015@example.com,804-283-8548,Albany,NY,United States,2022-07-02,Corporate
CUST01016,Thomas,Jones,thomas.jones1016@example.com,804-979-5696,San Francisco,CA,United States,2022-03-23,Corporate
CUST01017,Robert,Anderson,robert.anderson1017@example.com,804-798-7769,Albany,NY,United States,2024-02-05,Small Business
CUST01018,Mary,Martin,mary.martin1018@example.com,804-108-3532,Chicago,IL,United States,2023-05-17,Consumer
CUST01019,Joseph,Williams,joseph.williams1019@example.com,804-457-8632,San Antonio,TX,United States,2024-08-04,Corporate
CUST01020,Thomas,Brown,thomas.brown1020@example.com,804-886-8096,San Diego,CA,United States,2022-08-10,Consumer
CUST01021,David,Martin,david.martin1021@example.com,804-385-8447,Virginia Beach,VA,United States,2024-09-02,Consumer
CUST01022,Robert,Miller,robert.miller1022@example.com,804-927-6922,New York,NY,United States,2024-02-18,Corporate
CUST01023,Michael,Smith,michael.smith1023@example.com,804-750-3885,Bellevue,WA,United States,2023-07-07,Consumer
CUST01024,John,Martinez,john.martinez1024@example.com,804-319-5250,Bellevue,WA,United States,2024-05-09,Consumer
CUST01025,Jessica,Hernandez,jessica.hernandez1025@example.com,804-457-7866,Spokane,WA,United States,2022-12-03,Corporate
CUST01026,Jennifer,Wilson,jennifer.wilson1026@example.com,804-901-4253,Rochester,NY,United States,2022-01-21,Consumer
CUST01027,Robert,Hernandez,robert.hernandez1027@example.com,804-569-3416,Naperville,IL,United States,2022-01-30,Corporate
CUST01028,Jessica,Rodriguez,jessica.rodriguez1028@example.com,804-749-8361,Miami,FL,United States,2024-07-11,Small Business
CUST01029,Michael,Miller,michael.miller1029@example.com,804-456-4436,Virginia Beach,VA,United States,2024-02-13,Consumer
CUST01030,James,Lopez,james.lopez1030@example.com,804-414-9226,Spokane,WA,United States,2022-02-03,Consumer
CUST01031,Thomas,Wilson,thomas.wilson1031@example.com,804-536-9571,Norfolk,VA,United States,2023-12-23,Corporate
CUST01032,Jessica,Lopez,jessica.lopez1032@example.com,804-490-5669,Dallas,TX,United States,2025-01-16,Small Business
CUST01033,Elizabeth,Martin,elizabeth.martin1033@example.com,804-191-1269,Seattle,WA,United States,2022-06-29,Small Business
CUST01034,Nancy,Moore,nancy.moore1034@example.com,804-925-1534,San Francisco,CA,United States,2024-10-27,Small Business
CUST01035,Linda,Anderson,linda.anderson1035@example.com,804-976-8693,Jacksonville,FL,United States,2022-08-23,Consumer
CUST01036,Thomas,Wilson,thomas.wilson1036@example.com,804-900-4668,Bellevue,WA,United States,2022-01-16,Small Business
CUST01037,William,Martinez,william.martinez1037@example.com,804-524-1535,Bellevue,WA,United States,2023-05-10,Consumer
CUST01038,Charles,Martin,charles.martin1038@example.com,804-540-4962,Albany,NY,United States,2022-12-16,Small Business
CUST01039,Joseph,Johnson,joseph.johnson1039@example.com,804-499-3846,Bellevue,WA,United States,2022-09-21,Corporate
CUST01040,Jessica,Davis,jessica.davis1040@example.com,804-746-7422,San Diego,CA,United States,2024-10-29,Small Business
CUST01041,Jennifer,Hernandez,jennifer.hernandez1041@example.com,804-547-1189,Houston,TX,United States,2022-07-11,Small Business
CUST01042,Nancy,Moore,nancy.moore1042@example.com,804-564-6867,San Francisco,CA,United States,2022-02-21,Consumer
CUST01043,Elizabeth,Miller,elizabeth.miller1043@example.com,804-775-1847,Orlando,FL,United States,2024-02-14,Corporate
CUST01044,James,Jackson,james.jackson1044@example.com,804-710-3010,Seattle,WA,United States,2022-08-16,Consumer
CUST01045,Jennifer,Williams,jennifer.williams1045@example.com,804-500-2649,San Francisco,CA,United States,2024-01-11,Corporate
CUST01046,Sarah,Williams,sarah.williams1046@example.com,804-748-8387,San Antonio,TX,United States,2024-02-08,Consumer
CUST01047,Jennifer,Jackson,jennifer.jackson1047@example.com,804-455-8928,Chicago,IL,United States,2022-08-29,Small Business
CUST01048,Charles,Rodriguez,charles.rodriguez1048@example.com,804-123-9486,San Diego,CA,United States,2022-03-02,Small Business
CUST01049,Susan,Brown,susan.brown1049@example.com,804-325-2367,Houston,TX,United States,2023-11-02,Small Business
CUST01050,William,Thomas,william.thomas1050@example.com,804-767-5822,Houston,TX,United States,2023-12-15,Corporate
CUST01051,Charles,Gonzalez,charles.gonzalez1051@example.com,804-803-5605,Austin,TX,United States,2022-12-21,Corporate
CUST01052,Daniel,Martinez,daniel.martinez1052@example.com,804-556-7942,Dallas,TX,United States,2024-09-26,Small Business
CUST01053,Nancy,Brown,nancy.brown1053@example.com,804-680-6782,Jacksonville,FL,United States,2024-05-29,Corporate
CUST01054,Thomas,Garcia,thomas.garcia1054@example.com,804-718-9691,San Jose,CA,United States,2024-04-19,Corporate
CUST01055,David,Wilson,david.wilson1055@example.com,804-174-4525,Tacoma,WA,United States,2024-01-03,Small Business
CUST01056,David,Brown,david.brown1056@example.com,804-318-8624,San Jose,CA,United States,2022-01-23,Small Business
CUST01057,Karen,Williams,karen.williams1057@example.com,804-322-2686,Norfolk,VA,United States,2023-03-11,Small Business
CUST01058,John,Jackson,john.jackson1058@example.com,804-932-6244,Peoria,IL,United States,2024-06-10,Consumer
CUST01059,Sarah,Johnson,sarah.johnson1059@example.com,804-563-3803,Rochester,NY,United States,2022-09-02,Small Business
CUST01060,Daniel,Smith,daniel.smith1060@example.com,804-572-5659,New York,NY,United States,2025-03-25,Consumer
CUST01061,Karen,Taylor,karen.taylor1061@example.com,804-581-2558,San Jose,CA,United States,2022-02-03,Corporate
CUST01062,Susan,Gonzalez,susan.gonzalez1062@example.com,804-148-7444,San Jose,CA,United States,2024-10-08,Corporate
CUST01063,Patricia,Lopez,patricia.lopez1063@example.com,804-148-1170,Miami,FL,United States,2022-03-01,Consumer
CUST01064,Jessica,Davis,jessica.davis1064@example.com,804-935-9807,Houston,TX,United States,2023-01-27,Consumer
CUST01065,William,Johnson,william.johnson1065@example.com,804-370-6395,Los Angeles,CA,United States,2023-09-16,Small Business
CUST01066,William,Garcia,william.garcia1066@example.com,804-426-3424,San Antonio,TX,United States,2022-09-03,Small Business
CUST01067,Jessica,Anderson,jessica.anderson1067@example.com,804-346-8830,Chicago,IL,United States,2024-12-04,Small Business
CUST01068,Sarah,Davis,sarah.davis1068@example.com,804-461-4971,San Jose,CA,United States,2023-08-30,Small Business
CUST01069,John,Williams,john.williams1069@example.com,804-786-4541,Richmond,VA,United States,2023-03-12,Corporate
CUST01070,Patricia,Hernandez,patricia.hernandez1070@example.com,804-771-3523,Austin,TX,United States,2023-10-01,Small Business
CUST01071,Susan,Gonzalez,susan.gonzalez1071@example.com,804-170-5552,Virginia Beach,VA,United States,2024-03-30,Corporate
CUST01072,Daniel,Brown,daniel.brown1072@example.com,804-346-1271,San Antonio,TX,United States,2022-08-08,Corporate
CUST01073,Charles,Anderson,charles.anderson1073@example.com,804-186-6806,Albany,NY,United States,2022-08-31,Corporate
CUST01074,Jessica,Taylor,jessica.taylor1074@example.com,804-478-2602,New York,NY,United States,2024-06-22,Consumer
CUST01075,Jessica,Miller,jessica.miller1075@example.com,804-708-5520,Buffalo,NY,United States,2024-04-04,Small Business
CUST01076,Patricia,Johnson,patricia.johnson1076@example.com,804-217-1870,Springfield,IL,United States,2022-08-16,Consumer
CUST01077,Karen,Brown,karen.brown1077@example.com,804-502-2659,Buffalo,NY,United States,2024-04-08,Consumer
CUST01078,William,Thomas,william.thomas1078@example.com,804-752-5718,Dallas,TX,United States,2023-02-21,Small Business
CUST01079,Patricia,Garcia,patricia.garcia1079@example.com,804-274-6162,Jacksonville,FL,United States,2023-09-18,Small Business
CUST01080,Thomas,Jones,thomas.jones1080@example.com,804-121-3908,San Francisco,CA,United States,2024-05-26,Corporate
CUST01081,James,Martin,james.martin1081@example.com,804-994-5055,Rochester,NY,United States,2022-01-03,Corporate
CUST01082,Daniel,Martinez,daniel.martinez1082@example.com,804-271-3401,Tacoma,WA,United States,2024-12-11,Consumer
CUST01083,David,Anderson,david.anderson1083@example.com,804-779-8970,Norfolk,VA,United States,2025-01-22,Corporate
CUST01084,Susan,Martinez,susan.martinez1084@example.com,804-595-2847,Naperville,IL,United States,2024-11-26,Corporate
CUST01085,James,Jones,james.jones1085@example.com,804-609-1506,Virginia Beach,VA,United States,2022-10-18,Consumer
CUST01086,Jessica,Lopez,jessica.lopez1086@example.com,804-754-2768,Houston,TX,United States,2023-02-01,Corporate
CUST01087,Thomas,Taylor,thomas.taylor1087@example.com,804-500-7836,Austin,TX,United States,2023-12-16,Corporate
CUST01088,Charles,Hernandez,charles.hernandez1088@example.com,804-680-6685,Seattle,WA,United States,2024-06-06,Corporate
CUST01089,Robert,Anderson,robert.anderson1089@example.com,804-738-3664,Springfield,IL,United States,2024-12-07,Corporate
CUST01090,Elizabeth,Smith,elizabeth.smith1090@example.com,804-945-3022,Richmond,VA,United States,2023-03-22,Consumer
CUST01091,Susan,Smith,susan.smith1091@example.com,804-999-5641,San Jose,CA,United States,2022-10-10,Small Business
CUST01092,Robert,Williams,robert.williams1092@example.com,804-542-2322,Naperville,IL,United States,2022-10-20,Corporate
CUST01093,Susan,Davis,susan.davis1093@example.com,804-200-5280,Bellevue,WA,United States,2024-05-15,Corporate
CUST01094,Jessica,Hernandez,jessica.hernandez1094@example.com,804-238-7820,Tacoma,WA,United States,2023-02-13,Small Business
CUST01095,Elizabeth,Jackson,elizabeth.jackson1095@example.com,804-484-8158,Peoria,IL,United States,2025-01-22,Consumer
CUST01096,David,Taylor,david.taylor1096@example.com,804-537-8643,Naperville,IL,United States,2024-08-17,Corporate
CUST01097,Karen,Smith,karen.smith1097@example.com,804-729-5954,Bellevue,WA,United States,2022-07-01,Consumer
CUST01098,Nancy,Moore,nancy.moore1098@example.com,804-228-7601,Tampa,FL,United States,2022-04-20,Small Business
CUST01099,Charles,Anderson,charles.anderson1099@example.com,804-376-2753,Seattle,WA,United States,2022-06-23,Corporate
CUST01100,Daniel,Thomas,daniel.thomas1100@example.com,804-858-9369,Naperville,IL,United States,2022-05-05,Small Business
CUST01101,Charles,Jones,charles.jones1101@example.com,804-791-3535,Jacksonville,FL,United States,2022-10-07,Corporate
CUST01102,James,Thomas,james.thomas1102@example.com,804-100-3507,Orlando,FL,United States,2022-08-23,Small Business
CUST01103,Linda,Miller,linda.miller1103@example.com,804-554-7401,San Francisco,CA,United States,2022-02-20,Consumer
CUST01104,Sarah,Garcia,sarah.garcia1104@example.com,804-941-8194,Tacoma,WA,United States,2025-01-24,Small Business
CUST01105,James,Garcia,james.garcia1105@example.com,804-859-9956,Dallas,TX,United States,2022-12-16,Consumer
CUST01106,Patricia,Jackson,patricia.jackson1106@example.com,804-495-2758,Norfolk,VA,United States,2023-07-18,Corporate
CUST01107,James,Martinez,james.martinez1107@example.com,804-111-5960,Richmond,VA,United States,2025-03-01,Consumer
CUST01108,Nancy,Anderson,nancy.anderson1108@example.com,804-840-8509,San Jose,CA,United States,2022-10-13,Corporate
CUST01109,Charles,Taylor,charles.taylor1109@example.com,804-625-2028,Austin,TX,United States,2024-12-11,Consumer
CUST01110,Daniel,Hernandez,daniel.hernandez1110@example.com,804-410-7454,Virginia Beach,VA,United States,2023-07-25,Consumer
CUST01111,Joseph,Thomas,joseph.thomas1111@example.com,804-894-9608,Orlando,FL,United States,2025-03-25,Corporate
CUST01112,Daniel,Lopez,daniel.lopez1112@example.com,804-130-3607,Jacksonville,FL,United States,2022-05-19,Consumer
CUST01113,Sarah,Hernandez,sarah.hernandez1113@example.com,804-278-7292,Tacoma,WA,United States,2023-04-30,Corporate
CUST01114,William,Brown,william.brown1114@example.com,804-721-1482,Los Angeles,CA,United States,2024-06-23,Consumer
CUST01115,Joseph,Jones,joseph.jones1115@example.com,804-602-8168,Springfield,IL,United States,2023-02-05,Small Business
CUST01116,Jennifer,Wilson,jennifer.wilson1116@example.com,804-124-2576,Tacoma,WA,United States,2022-06-26,Consumer
CUST01117,James,Lopez,james.lopez1117@example.com,804-985-2179,Bellevue,WA,United States,2025-03-09,Corporate
CUST01118,Charles,Thomas,charles.thomas1118@example.com,804-612-6768,Dallas,TX,United States,2025-03-14,Corporate
CUST01119,Robert,Williams,robert.williams1119@example.com,804-682-2280,Alexandria,VA,United States,2024-02-10,Consumer
CUST01120,Patricia,Thomas,patricia.thomas1120@example.com,804-123-4670,Houston,TX,United States,2025-01-12,Corporate
CUST01121,Susan,Williams,susan.williams1121@example.com,804-647-4955,Tacoma,WA,United States,2023-08-13,Small Business
CUST01122,Joseph,Martin,joseph.martin1122@example.com,804-768-1491,Los Angeles,CA,United States,2024-08-22,Consumer
CUST01123,David,Johnson,david.johnson1123@example.com,804-875-2021,Dallas,TX,United States,2025-01-25,Consumer
CUST01124,Daniel,Martin,daniel.martin1124@example.com,804-526-2320,Chicago,IL,United States,2023-12-10,Small Business
CUST01125,Mary,Brown,mary.brown1125@example.com,804-765-6738,San Francisco,CA,United States,2024-11-05,Corporate
CUST01126,Linda,Smith,linda.smith1126@example.com,804-722-7215,Los Angeles,CA,United States,2023-02-06,Small Business
CUST01127,Sarah,Johnson,sarah.johnson1127@example.com,804-818-7993,Alexandria,VA,United States,2022-09-14,Small Business
CUST01128,Nancy,Lopez,nancy.lopez1128@example.com,804-159-4902,Buffalo,NY,United States,2023-12-04,Consumer
CUST01129,Jessica,Moore,jessica.moore1129@example.com,804-932-1931,Miami,FL,United States,2022-01-31,Consumer
CUST01130,Elizabeth,Johnson,elizabeth.johnson1130@example.com,804-232-7517,Albany,NY,United States,2023-05-16,Corporate
CUST01131,John,Rodriguez,john.rodriguez1131@example.com,804-979-4609,Orlando,FL,United States,2024-10-10,Corporate
CUST01132,Karen,Martinez,karen.martinez1132@example.com,804-426-9870,Tacoma,WA,United States,2024-12-14,Small Business
CUST01133,Jessica,Martin,jessica.martin1133@example.com,804-240-9535,Norfolk,VA,United States,2022-06-10,Consumer
CUST01134,Patricia,Lopez,patricia.lopez1134@example.com,804-815-8213,Springfield,IL,United States,2022-03-15,Small Business
CUST01135,James,Thomas,james.thomas1135@example.com,804-702-7294,Seattle,WA,United States,2023-07-08,Corporate
CUST01136,William,Martin,william.martin1136@example.com,804-493-8274,Alexandria,VA,United States,2022-02-08,Consumer
CUST01137,Jessica,Moore,jessica.moore1137@example.com,804-881-6698,San Jose,CA,United States,2022-03-06,Consumer
CUST01138,David,Rodriguez,david.rodriguez1138@example.com,804-843-8111,Tacoma,WA,United States,2022-02-26,Corporate
CUST01139,Mary,Brown,mary.brown1139@example.com,804-574-7944,Jacksonville,FL,United States,2023-08-12,Small Business
CUST01140,William,Garcia,william.garcia1140@example.com,804-115-5598,Alexandria,VA,United States,2023-05-03,Small Business
CUST01141,Linda,Moore,linda.moore1141@example.com,804-139-5493,Albany,NY,United States,2025-03-15,Corporate
CUST01142,Nancy,Smith,nancy.smith1142@example.com,804-956-5333,San Jose,CA,United States,2025-03-10,Consumer
CUST01143,James,Anderson,james.anderson1143@example.com,804-964-4569,San Jose,CA,United States,2024-09-10,Corporate
CUST01144,William,Martin,william.martin1144@example.com,804-284-5227,Tampa,FL,United States,2022-05-12,Corporate
CUST01145,Linda,Garcia,linda.garcia1145@example.com,804-770-1630,Houston,TX,United States,2023-04-22,Consumer
CUST01146,Daniel,Hernandez,daniel.hernandez1146@example.com,804-363-1264,San Diego,CA,United States,2022-05-05,Small Business
CUST01147,Karen,Johnson,karen.johnson1147@example.com,804-179-9305,Orlando,FL,United States,2023-12-18,Corporate
CUST01148,Michael,Hernandez,michael.hernandez1148@example.com,804-757-7987,Tampa,FL,United States,2024-05-01,Corporate
CUST01149,Susan,Hernandez,susan.hernandez1149@example.com,804-736-1510,Norfolk,VA,United States,2024-08-21,Consumer
CUST01150,Robert,Jackson,robert.jackson1150@example.com,804-623-9326,Los Angeles,CA,United States,2023-03-10,Small Business
CUST01151,Joseph,Jackson,joseph.jackson1151@example.com,804-180-2266,San Diego,CA,United States,2024-02-20,Consumer
CUST01152,Karen,Wilson,karen.wilson1152@example.com,804-721-8738,Miami,FL,United States,2024-12-16,Small Business
CUST01153,William,Miller,william.miller1153@example.com,804-348-6930,Spokane,WA,United States,2023-05-15,Consumer
CUST01154,Patricia,Davis,patricia.davis1154@example.com,804-460-9284,Alexandria,VA,United States,2024-01-12,Consumer
CUST01155,Nancy,Davis,nancy.davis1155@example.com,804-947-3052,Alexandria,VA,United States,2023-04-16,Small Business
CUST01156,Daniel,Jones,daniel.jones1156@example.com,804-421-2932,Tampa,FL,United States,2023-08-11,Consumer
CUST01157,Robert,Jackson,robert.jackson1157@example.com,804-115-3732,Virginia Beach,VA,United States,2023-01-04,Consumer
CUST01158,Sarah,Brown,sarah.brown1158@example.com,804-806-3735,Houston,TX,United States,2024-06-02,Consumer
CUST01159,Joseph,Wilson,joseph.wilson1159@example.com,804-347-5806,Buffalo,NY,United States,2024-04-03,Consumer
CUST01160,David,Jackson,david.jackson1160@example.com,804-856-6815,Miami,FL,United States,2022-04-03,Corporate
CUST01161,Jessica,Martinez,jessica.martinez1161@example.com,804-841-9345,Bellevue,WA,United States,2022-10-03,Consumer
CUST01162,Daniel,Lopez,daniel.lopez1162@example.com,804-549-3895,Peoria,IL,United States,2024-02-16,Small Business
CUST01163,Patricia,Davis,patricia.davis1163@example.com,804-677-9481,Rochester,NY,United States,2023-11-30,Small Business
CUST01164,Jessica,Martinez,jessica.martinez1164@example.com,804-246-1687,Rochester,NY,United States,2023-10-15,Small Business
CUST01165,Jessica,Taylor,jessica.taylor1165@example.com,804-391-3713,Albany,NY,United States,2022-07-23,Consumer
CUST01166,Linda,Garcia,linda.garcia1166@example.com,804-782-5565,Albany,NY,United States,2022-08-06,Consumer
CUST01167,Charles,Garcia,charles.garcia1167@example.com,804-918-4197,Los Angeles,CA,United States,2025-01-10,Consumer
CUST01168,Susan,Miller,susan.miller1168@example.com,804-229-8435,Rochester,NY,United States,2024-06-30,Corporate
CUST01169,Patricia,Anderson,patricia.anderson1169@example.com,804-985-3241,Alexandria,VA,United States,2023-06-23,Corporate
CUST01170,Susan,Williams,susan.williams1170@example.com,804-260-9307,Springfield,IL,United States,2022-06-02,Corporate
CUST01171,Charles,Williams,charles.williams1171@example.com,804-202-9540,Naperville,IL,United States,2022-03-20,Corporate
CUST01172,Mary,Smith,mary.smith1172@example.com,804-789-4205,Dallas,TX,United States,2024-02-10,Corporate
CUST01173,Jennifer,Thomas,jennifer.thomas1173@example.com,804-996-2453,Buffalo,NY,United States,2023-02-11,Small Business
CUST01174,James,Wilson,james.wilson1174@example.com,804-313-3918,San Francisco,CA,United States,2025-02-16,Consumer
CUST01175,Joseph,Jackson,joseph.jackson1175@example.com,804-772-3950,Austin,TX,United States,2024-09-18,Corporate
CUST01176,Sarah,Thomas,sarah.thomas1176@example.com,804-592-5840,Bellevue,WA,United States,2024-01-02,Consumer
CUST01177,Elizabeth,Wilson,elizabeth.wilson1177@example.com,804-218-3886,Norfolk,VA,United States,2023-05-22,Corporate
CUST01178,Susan,Gonzalez,susan.gonzalez1178@example.com,804-715-7750,Springfield,IL,United States,2024-09-17,Small Business
CUST01179,Charles,Miller,charles.miller1179@example.com,804-890-6295,Bellevue,WA,United States,2022-05-05,Corporate
CUST01180,Thomas,Wilson,thomas.wilson1180@example.com,804-597-4587,Norfolk,VA,United States,2022-04-22,Corporate
CUST01181,Thomas,Wilson,thomas.wilson1181@example.com,804-898-2807,Dallas,TX,United States,2025-01-02,Small Business
CUST01182,Karen,Smith,karen.smith1182@example.com,804-899-6460,Chicago,IL,United States,2024-02-16,Corporate
CUST01183,Mary,Taylor,mary.taylor1183@example.com,804-260-9776,Austin,TX,United States,2025-01-01,Corporate
CUST01184,Jennifer,Lopez,jennifer.lopez1184@example.com,804-850-5074,Rochester,NY,United States,2023-03-18,Consumer
CUST01185,Charles,Brown,charles.brown1185@example.com,804-260-5638,Jacksonville,FL,United States,2024-09-20,Corporate
CUST01186,Linda,Johnson,linda.johnson1186@example.com,804-510-3149,New York,NY,United States,2024-02-13,Small Business
CUST01187,John,Williams,john.williams1187@example.com,804-860-9875,Jacksonville,FL,United States,2022-02-11,Small Business
CUST01188,Daniel,Gonzalez,daniel.gonzalez1188@example.com,804-624-1383,Austin,TX,United States,2023-10-25,Corporate
CUST01189,William,Jackson,william.jackson1189@example.com,804-195-4641,Alexandria,VA,United States,2023-08-20,Corporate
CUST01190,Karen,Taylor,karen.taylor1190@example.com,804-845-7449,San Antonio,TX,United States,2022-02-05,Corporate
CUST01191,Thomas,Davis,thomas.davis1191@example.com,804-557-7059,Miami,FL,United States,2024-03-24,Corporate
CUST01192,David,Jones,david.jones1192@example.com,804-273-4402,Seattle,WA,United States,2022-07-15,Corporate
CUST01193,Joseph,Martin,joseph.martin1193@example.com,804-878-4808,Bellevue,WA,United States,2024-12-07,Consumer
CUST01194,Elizabeth,Hernandez,elizabeth.hernandez1194@example.com,804-805-7660,Tacoma,WA,United States,2022-03-16,Consumer
CUST01195,Karen,Thomas,karen.thomas1195@example.com,804-341-6272,Jacksonville,FL,United States,2023-10-04,Corporate
CUST01196,John,Brown,john.brown1196@example.com,804-875-1223,Richmond,VA,United States,2024-02-09,Consumer
CUST01197,Michael,Anderson,michael.anderson1197@example.com,804-607-3797,Seattle,WA,United States,2022-03-21,Small Business
CUST01198,Karen,Wilson,karen.wilson1198@example.com,804-545-5820,Richmond,VA,United States,2023-08-31,Small Business
CUST01199,Charles,Hernandez,charles.hernandez1199@example.com,804-269-3318,Tampa,FL,United States,2025-02-28,Corporate
CUST01200,Nancy,Lopez,nancy.lopez1200@example.com,804-315-6409,Tampa,FL,United States,2024-08-24,Small Business
CUST01201,Robert,Garcia,robert.garcia1201@example.com,804-526-3936,Jacksonville,FL,United States,2022-01-21,Consumer
CUST01202,James,Martinez,james.martinez1202@example.com,804-650-8513,Springfield,IL,United States,2023-02-13,Corporate
CUST01203,Nancy,Garcia,nancy.garcia1203@example.com,804-453-1231,San Jose,CA,United States,2025-02-19,Consumer
CUST01204,Jessica,Jackson,jessica.jackson1204@example.com,804-885-7607,Naperville,IL,United States,2024-01-23,Corporate
CUST01205,Michael,Williams,michael.williams1205@example.com,804-386-3921,Orlando,FL,United States,2022-07-30,Corporate
CUST01206,Charles,Jackson,charles.jackson1206@example.com,804-890-5542,Peoria,IL,United States,2023-11-08,Small Business
CUST01207,Sarah,Miller,sarah.miller1207@example.com,804-193-3400,Houston,TX,United States,2023-04-20,Consumer
CUST01208,David,Williams,david.williams1208@example.com,804-535-8728,San Diego,CA,United States,2024-11-13,Corporate
CUST01209,Linda,Moore,linda.moore1209@example.com,804-463-6107,Alexandria,VA,United States,2024-02-29,Small Business
CUST01210,Nancy,Miller,nancy.miller1210@example.com,804-673-8235,Austin,TX,United States,2022-10-20,Corporate
CUST01211,Patricia,Moore,patricia.moore1211@example.com,804-986-6991,Norfolk,VA,United States,2022-12-31,Corporate
CUST01212,Jessica,Miller,jessica.miller1212@example.com,804-283-1174,Orlando,FL,United States,2024-02-23,Consumer
CUST01213,James,Jackson,james.jackson1213@example.com,804-359-9237,Albany,NY,United States,2022-07-12,Consumer
CUST01214,William,Thomas,william.thomas1214@example.com,804-740-1937,Richmond,VA,United States,2023-06-03,Small Business
CUST01215,Sarah,Martin,sarah.martin1215@example.com,804-584-9938,Peoria,IL,United States,2024-10-01,Consumer
CUST01216,Robert,Garcia,robert.garcia1216@example.com,804-954-2956,Tacoma,WA,United States,2022-06-19,Consumer
CUST01217,David,Brown,david.brown1217@example.com,804-728-1273,Spokane,WA,United States,2023-02-02,Corporate
CUST01218,David,Garcia,david.garcia1218@example.com,804-780-7605,Tampa,FL,United States,2024-11-23,Corporate
CUST01219,John,Miller,john.miller1219@example.com,804-276-8264,Tacoma,WA,United States,2023-07-01,Consumer
CUST01220,Charles,Wilson,charles.wilson1220@example.com,804-674-6745,Houston,TX,United States,2023-09-30,Consumer
CUST01221,John,Jackson,john.jackson1221@example.com,804-286-2415,Richmond,VA,United States,2022-08-27,Consumer
CUST01222,James,Garcia,james.garcia1222@example.com,804-483-8542,Seattle,WA,United States,2023-03-22,Consumer
CUST01223,Elizabeth,Miller,elizabeth.miller1223@example.com,804-488-5703,Springfield,IL,United States,2023-09-28,Consumer
CUST01224,Jessica,Davis,jessica.davis1224@example.com,804-281-5832,Tacoma,WA,United States,2023-07-13,Corporate
CUST01225,Sarah,Lopez,sarah.lopez1225@example.com,804-635-8367,Tampa,FL,United States,2023-12-16,Small Business
CUST01226,Daniel,Gonzalez,daniel.gonzalez1226@example.com,804-761-5729,Dallas,TX,United States,2024-06-07,Consumer
CUST01227,Karen,Rodriguez,karen.rodriguez1227@example.com,804-578-5273,San Diego,CA,United States,2023-06-13,Consumer
CUST01228,Jennifer,Thomas,jennifer.thomas1228@example.com,804-677-7191,San Antonio,TX,United States,2023-10-24,Small Business
CUST01229,Patricia,Lopez,patricia.lopez1229@example.com,804-586-6483,Seattle,WA,United States,2022-11-22,Corporate
CUST01230,Susan,Martinez,susan.martinez1230@example.com,804-870-1356,San Antonio,TX,United States,2025-01-24,Corporate
CUST01231,Daniel,Wilson,daniel.wilson1231@example.com,804-358-7114,Peoria,IL,United States,2024-08-27,Small Business
CUST01232,Elizabeth,Johnson,elizabeth.johnson1232@example.com,804-892-5413,Houston,TX,United States,2024-05-12,Small Business
CUST01233,Charles,Garcia,charles.garcia1233@example.com,804-233-6458,Buffalo,NY,United States,2025-03-09,Consumer
CUST01234,Robert,Lopez,robert.lopez1234@example.com,804-100-3416,Alexandria,VA,United States,2022-12-05,Consumer
CUST01235,John,Garcia,john.garcia1235@example.com,804-841-5009,Dallas,TX,United States,2024-06-13,Consumer
CUST01236,Susan,Smith,susan.smith1236@example.com,804-582-7456,Virginia Beach,VA,United States,2023-12-07,Small Business
CUST01237,Joseph,Anderson,joseph.anderson1237@example.com,804-231-6215,Springfield,IL,United States,2022-07-16,Consumer
CUST01238,Elizabeth,Wilson,elizabeth.wilson1238@example.com,804-455-9000,Jacksonville,FL,United States,2024-12-29,Small Business
CUST01239,Linda,Martin,linda.martin1239@example.com,804-448-9215,Dallas,TX,United States,2024-01-26,Consumer
CUST01240,John,Davis,john.davis1240@example.com,804-316-5946,San Antonio,TX,United States,2023-01-20,Corporate
CUST01241,Jennifer,Wilson,jennifer.wilson1241@example.com,804-791-8875,Austin,TX,United States,2023-09-30,Consumer
CUST01242,Jennifer,Garcia,jennifer.garcia1242@example.com,804-454-2661,Richmond,VA,United States,2024-08-10,Small Business
CUST01243,James,Garcia,james.garcia1243@example.com,804-493-8449,Buffalo,NY,United States,2025-03-22,Consumer
CUST01244,Joseph,Wilson,joseph.wilson1244@example.com,804-364-2899,Seattle,WA,United States,2023-09-13,Small Business
CUST01245,Charles,Lopez,charles.lopez1245@example.com,804-473-2829,Bellevue,WA,United States,2023-11-18,Consumer
CUST01246,Joseph,Williams,joseph.williams1246@example.com,804-364-4237,Houston,TX,United States,2023-11-22,Small Business
CUST01247,Thomas,Wilson,thomas.wilson1247@example.com,804-224-9021,San Francisco,CA,United States,2023-07-31,Corporate
CUST01248,Susan,Rodriguez,susan.rodriguez1248@example.com,804-655-5378,Norfolk,VA,United States,2023-08-30,Consumer
CUST01249,Thomas,Hernandez,thomas.hernandez1249@example.com,804-849-1599,New York,NY,United States,2022-08-17,Small Business
CUST01250,John,Moore,john.moore1250@example.com,804-605-8063,San Diego,CA,United States,2022-10-24,Corporate
CUST01251,Nancy,Davis,nancy.davis1251@example.com,804-434-7107,Bellevue,WA,United States,2022-03-25,Consumer
CUST01252,Patricia,Gonzalez,patricia.gonzalez1252@example.com,804-867-5947,Miami,FL,United States,2023-11-23,Corporate
CUST01253,William,Williams,william.williams1253@example.com,804-684-5275,Bellevue,WA,United States,2022-08-27,Corporate
CUST01254,Linda,Johnson,linda.johnson1254@example.com,804-381-4042,Rochester,NY,United States,2023-03-17,Corporate
CUST01255,Joseph,Garcia,joseph.garcia1255@example.com,804-516-4393,Naperville,IL,United States,2023-07-13,Consumer
CUST01256,William,Rodriguez,william.rodriguez1256@example.com,804-330-1296,Norfolk,VA,United States,2022-07-18,Small Business
CUST01257,Elizabeth,Martin,elizabeth.martin1257@example.com,804-709-6386,Bellevue,WA,United States,2024-05-11,Small Business
CUST01258,James,Hernandez,james.hernandez1258@example.com,804-255-8568,Albany,NY,United States,2023-12-11,Small Business
CUST01259,Jennifer,Gonzalez,jennifer.gonzalez1259@example.com,804-180-8971,Rochester,NY,United States,2022-03-08,Small Business
CUST01260,Charles,Lopez,charles.lopez1260@example.com,804-790-8657,Albany,NY,United States,2023-10-08,Consumer
CUST01261,Nancy,Lopez,nancy.lopez1261@example.com,804-869-5651,Jacksonville,FL,United States,2024-04-30,Small Business
CUST01262,Joseph,Moore,joseph.moore1262@example.com,804-505-4576,San Antonio,TX,United States,2022-09-10,Consumer
CUST01263,Jennifer,Garcia,jennifer.garcia1263@example.com,804-460-4567,Bellevue,WA,United States,2025-01-31,Corporate
CUST01264,Susan,Brown,susan.brown1264@example.com,804-645-7425,Naperville,IL,United States,2024-10-25,Consumer
CUST01265,Thomas,Martinez,thomas.martinez1265@example.com,804-509-5725,Bellevue,WA,United States,2022-11-18,Consumer
CUST01266,Thomas,Garcia,thomas.garcia1266@example.com,804-768-7850,Chicago,IL,United States,2024-02-25,Corporate
CUST01267,Nancy,Davis,nancy.davis1267@example.com,804-123-6325,Houston,TX,United States,2025-03-14,Small Business
CUST01268,Sarah,Williams,sarah.williams1268@example.com,804-623-4162,New York,NY,United States,2024-03-08,Consumer
CUST01269,Linda,Garcia,linda.garcia1269@example.com,804-400-2061,Virginia Beach,VA,United States,2023-10-23,Consumer
CUST01270,Linda,Martin,linda.martin1270@example.com,804-612-2821,Virginia Beach,VA,United States,2022-12-29,Small Business
CUST01271,Jennifer,Davis,jennifer.davis1271@example.com,804-798-7657,Richmond,VA,United States,2022-01-15,Small Business
CUST01272,John,Wilson,john.wilson1272@example.com,804-549-8877,New York,NY,United States,2024-12-29,Small Business
CUST01273,Mary,Lopez,mary.lopez1273@example.com,804-206-3391,Alexandria,VA,United States,2024-05-27,Corporate
CUST01274,Patricia,Garcia,patricia.garcia1274@example.com,804-348-8906,Rochester,NY,United States,2023-11-27,Consumer
CUST01275,John,Anderson,john.anderson1275@example.com,804-450-5838,Peoria,IL,United States,2023-05-17,Small Business
CUST01276,William,Jackson,william.jackson1276@example.com,804-634-5725,New York,NY,United States,2022-10-14,Consumer
CUST01277,Susan,Martinez,susan.martinez1277@example.com,804-412-8787,Buffalo,NY,United States,2025-03-08,Small Business
CUST01278,Robert,Jones,robert.jones1278@example.com,804-752-4734,Tampa,FL,United States,2024-02-26,Consumer
CUST01279,Robert,Jackson,robert.jackson1279@example.com,804-863-9467,San Jose,CA,United States,2024-01-16,Corporate
CUST01280,Susan,Jones,susan.jones1280@example.com,804-487-8950,Tampa,FL,United States,2024-12-07,Small Business
CUST01281,Jennifer,Thomas,jennifer.thomas1281@example.com,804-330-6067,Richmond,VA,United States,2022-05-13,Consumer
CUST01282,Patricia,Miller,patricia.miller1282@example.com,804-753-1199,Rochester,NY,United States,2024-07-29,Small Business
CUST01283,Charles,Davis,charles.davis1283@example.com,804-508-2619,Springfield,IL,United States,2024-01-15,Corporate
CUST01284,Karen,Moore,karen.moore1284@example.com,804-680-9567,Seattle,WA,United States,2022-04-25,Consumer
CUST01285,Jennifer,Davis,jennifer.davis1285@example.com,804-723-5354,San Antonio,TX,United States,2022-12-30,Small Business
CUST01286,John,Jones,john.jones1286@example.com,804-333-4996,Tampa,FL,United States,2022-05-05,Small Business
CUST01287,Patricia,Moore,patricia.moore1287@example.com,804-174-4218,Seattle,WA,United States,2023-10-16,Corporate
CUST01288,Michael,Brown,michael.brown1288@example.com,804-682-1157,Orlando,FL,United States,2024-09-24,Small Business
CUST01289,Thomas,Miller,thomas.miller1289@example.com,804-872-7671,Jacksonville,FL,United States,2022-01-02,Small Business
CUST01290,David,Taylor,david.taylor1290@example.com,804-988-9719,Norfolk,VA,United States,2023-09-06,Consumer
CUST01291,Charles,Martinez,charles.martinez1291@example.com,804-599-1106,Peoria,IL,United States,2022-08-17,Corporate
CUST01292,Sarah,Garcia,sarah.garcia1292@example.com,804-196-8261,Houston,TX,United States,2024-06-03,Corporate
CUST01293,Jennifer,Miller,jennifer.miller1293@example.com,804-414-9221,Seattle,WA,United States,2023-04-20,Corporate
CUST01294,Patricia,Martinez,patricia.martinez1294@example.com,804-431-3562,Orlando,FL,United States,2025-03-15,Consumer
CUST01295,Jennifer,Martin,jennifer.martin1295@example.com,804-585-7830,Springfield,IL,United States,2023-10-29,Small Business
CUST01296,Sarah,Martinez,sarah.martinez1296@example.com,804-844-6798,Buffalo,NY,United States,2023-09-20,Small Business
CUST01297,Daniel,Gonzalez,daniel.gonzalez1297@example.com,804-156-7697,Bellevue,WA,United States,2022-01-12,Corporate
CUST01298,Thomas,Rodriguez,thomas.rodriguez1298@example.com,804-401-7119,San Diego,CA,United States,2023-03-04,Consumer
CUST01299,David,Moore,david.moore1299@example.com,804-615-8210,Orlando,FL,United States,2023-03-17,Corporate
CUST01300,David,Thomas,david.thomas1300@example.com,804-804-8979,Peoria,IL,United States,2022-04-05,Consumer
CUST01301,Joseph,Johnson,joseph.johnson1301@example.com,804-650-7053,Los Angeles,CA,United States,2023-12-03,Corporate
CUST01302,Robert,Williams,robert.williams1302@example.com,804-703-5896,Rochester,NY,United States,2022-11-07,Small Business
CUST01303,Linda,Hernandez,linda.hernandez1303@example.com,804-936-5774,Tampa,FL,United States,2025-02-14,Small Business
CUST01304,John,Hernandez,john.hernandez1304@example.com,804-288-6263,Spokane,WA,United States,2024-07-02,Corporate
CUST01305,Michael,Rodriguez,michael.rodriguez1305@example.com,804-757-7730,New York,NY,United States,2022-10-15,Corporate
CUST01306,Mary,Taylor,mary.taylor1306@example.com,804-547-1525,San Jose,CA,United States,2022-02-03,Small Business
CUST01307,Karen,Thomas,karen.thomas1307@example.com,804-678-2509,Albany,NY,United States,2022-05-18,Small Business
CUST01308,Charles,Williams,charles.williams1308@example.com,804-885-8060,Jacksonville,FL,United States,2023-01-26,Corporate
CUST01309,Robert,Hernandez,robert.hernandez1309@example.com,804-564-9646,San Diego,CA,United States,2025-03-24,Small Business
CUST01310,James,Gonzalez,james.gonzalez1310@example.com,804-948-7388,Tampa,FL,United States,2022-01-14,Consumer
CUST01311,Robert,Rodriguez,robert.rodriguez1311@example.com,804-568-4282,Tacoma,WA,United States,2023-10-31,Small Business
CUST01312,Daniel,Jones,daniel.jones1312@example.com,804-285-2653,Dallas,TX,United States,2023-02-27,Consumer
CUST01313,Mary,Jones,mary.jones1313@example.com,804-991-6166,Tampa,FL,United States,2022-05-22,Consumer
CUST01314,Jennifer,Wilson,jennifer.wilson1314@example.com,804-127-3249,Buffalo,NY,United States,2023-03-21,Corporate
CUST01315,James,Anderson,james.anderson1315@example.com,804-557-8185,Tacoma,WA,United States,2024-02-19,Corporate
CUST01316,Daniel,Brown,daniel.brown1316@example.com,804-841-9462,San Diego,CA,United States,2024-11-03,Consumer
CUST01317,Sarah,Martin,sarah.martin1317@example.com,804-315-2487,Albany,NY,United States,2024-04-30,Small Business
CUST01318,Patricia,Anderson,patricia.anderson1318@example.com,804-509-2639,Los Angeles,CA,United States,2024-02-18,Corporate
CUST01319,John,Wilson,john.wilson1319@example.com,804-766-7384,Spokane,WA,United States,2023-04-15,Corporate
CUST01320,David,Johnson,david.johnson1320@example.com,804-109-3096,Dallas,TX,United States,2022-12-30,Small Business
CUST01321,Mary,Johnson,mary.johnson1321@example.com,804-732-7797,Orlando,FL,United States,2023-08-24,Consumer
CUST01322,Charles,Jones,charles.jones1322@example.com,804-905-3660,Springfield,IL,United States,2024-01-18,Consumer
CUST01323,Susan,Rodriguez,susan.rodriguez1323@example.com,804-439-1466,Tampa,FL,United States,2022-02-28,Corporate
CUST01324,Jessica,Johnson,jessica.johnson1324@example.com,804-261-2640,Jacksonville,FL,United States,2024-12-11,Consumer
CUST01325,Jessica,Williams,jessica.williams1325@example.com,804-976-9793,San Francisco,CA,United States,2024-08-09,Corporate
CUST01326,James,Martinez,james.martinez1326@example.com,804-430-9847,Alexandria,VA,United States,2023-06-11,Corporate
CUST01327,Patricia,Thomas,patricia.thomas1327@example.com,804-627-3126,Virginia Beach,VA,United States,2022-09-15,Consumer
CUST01328,Patricia,Gonzalez,patricia.gonzalez1328@example.com,804-356-4024,New York,NY,United States,2023-05-27,Small Business
CUST01329,Thomas,Jackson,thomas.jackson1329@example.com,804-532-7140,Tampa,FL,United States,2022-09-27,Small Business
CUST01330,Mary,Gonzalez,mary.gonzalez1330@example.com,804-114-3342,Chicago,IL,United States,2023-02-10,Small Business
CUST01331,Jennifer,Gonzalez,jennifer.gonzalez1331@example.com,804-595-6634,New York,NY,United States,2025-03-17,Consumer
CUST01332,Daniel,Gonzalez,daniel.gonzalez1332@example.com,804-369-9943,Virginia Beach,VA,United States,2024-07-17,Corporate
CUST01333,Charles,Hernandez,charles.hernandez1333@example.com,804-926-8984,Buffalo,NY,United States,2023-06-07,Small Business
CUST01334,David,Taylor,david.taylor1334@example.com,804-757-1416,New York,NY,United States,2024-01-19,Small Business
CUST01335,Thomas,Brown,thomas.brown1335@example.com,804-414-8414,San Jose,CA,United States,2022-09-16,Corporate
CUST01336,Charles,Garcia,charles.garcia1336@example.com,804-894-1273,Virginia Beach,VA,United States,2022-10-18,Consumer
CUST01337,Nancy,Jones,nancy.jones1337@example.com,804-652-4775,Miami,FL,United States,2024-12-27,Small Business
CUST01338,Susan,Garcia,susan.garcia1338@example.com,804-653-7947,San Diego,CA,United States,2023-04-09,Consumer
CUST01339,Joseph,Martinez,joseph.martinez1339@example.com,,Alexandria,VA,United States,2024-09-02,Small Business
CUST01340,William,Moore,william.moore1340@example.com,804-708-2094,Naperville,IL,United States,2023-03-04,Consumer
CUST01341,Sarah,Garcia,sarah.garcia1341@example.com,804-761-7865,Tacoma,WA,United States,2024-03-12,Corporate
CUST01342,Susan,Williams,susan.williams1342@example.com,804-226-3487,Austin,TX,United States,2022-10-15,Consumer
CUST01343,David,Smith,david.smith1343@example.com,804-636-2681,Chicago,IL,United States,2024-12-02,Small Business
CUST01344,Thomas,Martinez,thomas.martinez1344@example.com,804-565-3517,Seattle,WA,United States,2025-01-13,Consumer
CUST01345,David,Rodriguez,david.rodriguez1345@example.com,804-741-8643,San Francisco,CA,United States,2023-06-08,Corporate
CUST01346,Sarah,Martinez,sarah.martinez1346@example.com,804-713-6940,Houston,TX,United States,2022-07-01,Consumer
CUST01347,Jessica,Wilson,jessica.wilson1347@example.com,804-357-9320,Los Angeles,CA,United States,2023-07-28,Corporate
CUST01348,Susan,Williams,susan.williams1348@example.com,804-699-9109,Los Angeles,CA,United States,2024-09-21,Consumer
CUST01349,Patricia,Thomas,patricia.thomas1349@example.com,804-143-2766,Jacksonville,FL,United States,2024-11-28,Small Business
CUST01350,Patricia,Jackson,patricia.jackson1350@example.com,804-694-7911,Los Angeles,CA,United States,2023-05-04,Corporate
CUST01351,Thomas,Anderson,thomas.anderson1351@example.com,804-862-8074,Miami,FL,United States,2024-03-27,Small Business
CUST01352,Jennifer,Smith,jennifer.smith1352@example.com,804-522-1464,Naperville,IL,United States,2022-07-22,Small Business
CUST01353,Susan,Lopez,susan.lopez1353@example.com,804-902-1783,Buffalo,NY,United States,2023-07-21,Corporate
CUST01354,William,Garcia,william.garcia1354@example.com,804-899-3818,Austin,TX,United States,2024-04-01,Corporate
CUST01355,Nancy,Moore,nancy.moore1355@example.com,804-203-2481,Springfield,IL,United States,2023-10-11,Small Business
CUST01356,Jennifer,Gonzalez,jennifer.gonzalez1356@example.com,804-445-8172,Austin,TX,United States,2024-09-21,Corporate
CUST01357,David,Smith,david.smith1357@example.com,804-817-5853,San Diego,CA,United States,2023-09-28,Small Business
CUST01358,John,Miller,john.miller1358@example.com,804-249-6573,Los Angeles,CA,United States,2024-04-08,Small Business
CUST01359,Joseph,Brown,joseph.brown1359@example.com,804-431-4683,Spokane,WA,United States,2025-03-13,Corporate
CUST01360,Robert,Rodriguez,robert.rodriguez1360@example.com,804-351-4700,San Francisco,CA,United States,2023-04-05,Corporate
CUST01361,James,Martinez,james.martinez1361@example.com,804-524-4149,Houston,TX,United States,2024-09-16,Corporate
CUST01362,Joseph,Jackson,joseph.jackson1362@example.com,804-541-7065,Norfolk,VA,United States,2024-01-16,Corporate
CUST01363,David,Moore,david.moore1363@example.com,804-980-5045,New York,NY,United States,2022-10-03,Small Business
CUST01364,Charles,Thomas,charles.thomas1364@example.com,804-333-6707,Tampa,FL,United States,2022-08-03,Small Business
CUST01365,Linda,Anderson,linda.anderson1365@example.com,804-548-9145,New York,NY,United States,2024-07-31,Small Business
CUST01366,Jennifer,Smith,jennifer.smith1366@example.com,804-158-6695,Jacksonville,FL,United States,2025-02-18,Corporate
CUST01367,Susan,Williams,susan.williams1367@example.com,804-845-1451,Naperville,IL,United States,2025-03-12,Small Business
CUST01368,Robert,Gonzalez,robert.gonzalez1368@example.com,804-813-5991,San Antonio,TX,United States,2023-09-27,Corporate
CUST01369,Charles,Wilson,charles.wilson1369@example.com,804-154-6871,Austin,TX,United States,2022-01-14,Small Business
CUST01370,Nancy,Williams,nancy.williams1370@example.com,804-354-3938,Jacksonville,FL,United States,2022-11-27,Consumer
CUST01371,Patricia,Hernandez,patricia.hernandez1371@example.com,804-817-7347,Los Angeles,CA,United States,2024-04-06,Corporate
CUST01372,David,Garcia,david.garcia1372@example.com,804-824-8051,San Jose,CA,United States,2023-12-29,Corporate
CUST01373,Joseph,Miller,joseph.miller1373@example.com,804-562-2540,Austin,TX,United States,2022-06-17,Small Business
CUST01374,Mary,Moore,,804-101-9669,San Jose,CA,United States,2022-07-15,Consumer
CUST01375,James,Jackson,james.jackson1375@example.com,804-293-9162,Tampa,FL,United States,2022-05-23,Consumer
CUST01376,Patricia,Jones,patricia.jones1376@example.com,804-551-3908,Tampa,FL,United States,2025-03-21,Small Business
CUST01377,James,Martin,james.martin1377@example.com,804-210-6718,Los Angeles,CA,United States,2023-10-01,Small Business
CUST01378,Patricia,Thomas,patricia.thomas1378@example.com,804-774-9978,Dallas,TX,United States,2023-11-22,Corporate
CUST01379,Karen,Williams,karen.williams1379@example.com,804-345-9040,Buffalo,NY,United States,2024-01-19,Consumer
CUST01380,Mary,Thomas,mary.thomas1380@example.com,804-779-6251,Seattle,WA,United States,2024-11-30,Small Business
CUST01381,Charles,Gonzalez,charles.gonzalez1381@example.com,804-238-8338,Tacoma,WA,United States,2023-08-02,Consumer
CUST01382,Joseph,Wilson,joseph.wilson1382@example.com,804-603-2709,Richmond,VA,United States,2024-10-01,Corporate
CUST01383,Elizabeth,Thomas,elizabeth.thomas1383@example.com,804-951-1682,Spokane,WA,United States,2022-04-23,Consumer
CUST01384,Daniel,Jackson,daniel.jackson1384@example.com,804-647-1458,Orlando,FL,United States,2023-10-05,Consumer
CUST01385,Susan,Moore,susan.moore1385@example.com,804-969-3921,San Francisco,CA,United States,2024-11-07,Small Business
CUST01386,Michael,Brown,michael.brown1386@example.com,804-174-4335,Virginia Beach,VA,United States,2023-03-30,Corporate
CUST01387,James,Johnson,james.johnson1387@example.com,804-104-4938,Virginia Beach,VA,United States,2022-08-27,Small Business
CUST01388,Jennifer,Gonzalez,jennifer.gonzalez1388@example.com,804-145-3554,Tacoma,WA,United States,2024-02-01,Consumer
CUST01389,William,Wilson,william.wilson1389@example.com,804-854-5466,Naperville,IL,United States,2023-02-24,Corporate
CUST01390,Jessica,Gonzalez,jessica.gonzalez1390@example.com,804-714-1170,Buffalo,NY,United States,2024-09-26,Small Business
CUST01391,Thomas,Jones,thomas.jones1391@example.com,804-217-2888,Springfield,IL,United States,2022-05-25,Consumer
CUST01392,Jennifer,Moore,jennifer.moore1392@example.com,804-391-9786,Buffalo,NY,United States,2023-06-10,Corporate
CUST01393,Patricia,Brown,patricia.brown1393@example.com,804-966-9158,Virginia Beach,VA,United States,2022-06-27,Consumer
CUST01394,Sarah,Thomas,sarah.thomas1394@example.com,804-953-7358,Los Angeles,CA,United States,2023-04-14,Consumer
CUST01395,John,Davis,john.davis1395@example.com,804-552-1672,Norfolk,VA,United States,2024-06-16,Small Business
CUST01396,Michael,Miller,michael.miller1396@example.com,804-114-3502,Naperville,IL,United States,2022-03-31,Corporate
CUST01397,Jennifer,Lopez,jennifer.lopez1397@example.com,804-489-3508,Virginia Beach,VA,United States,2022-04-26,Corporate
CUST01398,Michael,Hernandez,michael.hernandez1398@example.com,804-171-5026,Peoria,IL,United States,2022-02-21,Small Business
CUST01399,Robert,Moore,robert.moore1399@example.com,804-519-9487,New York,NY,United States,2022-08-17,Small Business
CUST01400,David,Lopez,david.lopez1400@example.com,804-106-7245,San Diego,CA,United States,2022-08-01,Consumer
CUST01401,Daniel,Brown,daniel.brown1401@example.com,804-658-2211,Tacoma,WA,United States,2022-03-14,Consumer
CUST01402,Daniel,Gonzalez,daniel.gonzalez1402@example.com,804-799-9037,Rochester,NY,United States,2024-07-09,Small Business
CUST01403,Thomas,Thomas,thomas.thomas1403@example.com,804-329-3365,San Antonio,TX,United States,2025-01-03,Corporate
CUST01404,Joseph,Rodriguez,joseph.rodriguez1404@example.com,804-924-5912,Austin,TX,United States,2022-02-12,Consumer
CUST01405,Karen,Davis,karen.davis1405@example.com,804-515-7899,Virginia Beach,VA,United States,2023-12-24,Corporate
CUST01406,Joseph,Anderson,joseph.anderson1406@example.com,804-236-9682,Albany,NY,United States,2023-10-30,Consumer
CUST01407,Daniel,Miller,daniel.miller1407@example.com,804-983-7688,Spokane,WA,United States,2024-08-06,Corporate
CUST01408,Robert,Thomas,robert.thomas1408@example.com,804-522-1833,San Francisco,CA,United States,2023-09-08,Consumer
CUST01409,Jennifer,Gonzalez,jennifer.gonzalez1409@example.com,804-124-4382,Jacksonville,FL,United States,2023-01-05,Corporate
CUST01410,Daniel,Jones,daniel.jones1410@example.com,804-254-7738,Peoria,IL,United States,2025-03-23,Corporate
CUST01411,Robert,Thomas,robert.thomas1411@example.com,804-187-1351,New York,NY,United States,2022-07-18,Consumer
CUST01412,David,Williams,david.williams1412@example.com,804-318-6039,Albany,NY,United States,2023-02-20,Consumer
CUST01413,Daniel,Anderson,daniel.anderson1413@example.com,804-410-2662,Norfolk,VA,United States,2022-12-25,Small Business
CUST01414,Jennifer,Wilson,jennifer.wilson1414@example.com,804-665-8693,San Francisco,CA,United States,2022-11-21,Small Business
CUST01415,Linda,Brown,linda.brown1415@example.com,804-873-1645,Springfield,IL,United States,2024-06-30,Consumer
CUST01416,Sarah,Garcia,sarah.garcia1416@example.com,804-698-3979,Seattle,WA,United States,2024-01-13,Corporate
CUST01417,Daniel,Lopez,daniel.lopez1417@example.com,804-281-3210,New York,NY,United States,2024-01-28,Small Business
CUST01418,Robert,Brown,robert.brown1418@example.com,804-828-2361,Tacoma,WA,United States,2023-10-19,Corporate
CUST01419,James,Martin,james.martin1419@example.com,804-971-5140,Jacksonville,FL,United States,2022-12-13,Consumer
CUST01420,James,Thomas,james.thomas1420@example.com,804-344-6023,Buffalo,NY,United States,2022-04-17,Corporate
CUST01421,Mary,Rodriguez,mary.rodriguez1421@example.com,804-664-1514,Peoria,IL,United States,2022-06-14,Consumer
CUST01422,James,Jackson,james.jackson1422@example.com,804-581-7226,San Jose,CA,United States,2024-02-19,Corporate
CUST01423,Joseph,Hernandez,joseph.hernandez1423@example.com,804-235-6672,Rochester,NY,United States,2024-04-13,Small Business
CUST01424,Elizabeth,Rodriguez,elizabeth.rodriguez1424@example.com,804-982-9336,San Francisco,CA,United States,2022-06-23,Consumer
CUST01425,Patricia,Davis,patricia.davis1425@example.com,804-257-4882,San Diego,CA,United States,2024-02-04,Consumer
CUST01426,James,Hernandez,james.hernandez1426@example.com,804-741-8549,Seattle,WA,United States,2022-11-16,Small Business
CUST01427,Patricia,Martin,patricia.martin1427@example.com,804-863-2329,Los Angeles,CA,United States,2022-10-12,Consumer
CUST01428,James,Wilson,james.wilson1428@example.com,804-834-2301,Tacoma,WA,United States,2023-03-07,Corporate
CUST01429,Sarah,Miller,sarah.miller1429@example.com,804-394-2003,Peoria,IL,United States,2023-01-17,Corporate
CUST01430,Jennifer,Miller,jennifer.miller1430@example.com,804-293-3031,Buffalo,NY,United States,2025-01-15,Small Business
CUST01431,David,Davis,david.davis1431@example.com,804-522-9301,San Antonio,TX,United States,2023-08-31,Small Business
CUST01432,Susan,Davis,susan.davis1432@example.com,804-872-3642,Miami,FL,United States,2023-05-31,Consumer
CUST01433,Mary,Martin,mary.martin1433@example.com,804-112-2445,Bellevue,WA,United States,2022-06-13,Corporate
CUST01434,Susan,Martin,susan.martin1434@example.com,804-844-6227,Chicago,IL,United States,2025-03-11,Corporate
CUST01435,Susan,Thomas,susan.thomas1435@example.com,804-862-4117,Rochester,NY,United States,2023-10-04,Consumer
CUST01436,Susan,Wilson,susan.wilson1436@example.com,804-574-8608,Alexandria,VA,United States,2023-10-27,Corporate
CUST01437,Joseph,Wilson,joseph.wilson1437@example.com,804-991-3447,San Diego,CA,United States,2023-10-11,Corporate
CUST01438,Jennifer,Jones,jennifer.jones1438@example.com,804-116-7410,Orlando,FL,United States,2023-03-21,Corporate
CUST01439,James,Thomas,james.thomas1439@example.com,804-384-4731,Virginia Beach,VA,United States,2023-09-14,Consumer
CUST01440,Jessica,Wilson,jessica.wilson1440@example.com,804-461-2736,Tacoma,WA,United States,2024-09-25,Consumer
CUST01441,Nancy,Martinez,nancy.martinez1441@example.com,804-922-4545,Dallas,TX,United States,2024-11-28,Corporate
CUST01442,Jennifer,Hernandez,jennifer.hernandez1442@example.com,804-224-3120,Naperville,IL,United States,2024-05-28,Small Business
CUST01443,Robert,Lopez,robert.lopez1443@example.com,804-557-7062,Jacksonville,FL,United States,2022-05-10,Corporate
CUST01444,Linda,Hernandez,linda.hernandez1444@example.com,804-448-6424,Peoria,IL,United States,2023-07-29,Small Business
CUST01445,David,Jackson,david.jackson1445@example.com,804-676-8696,Dallas,TX,United States,2023-05-26,Consumer
CUST01446,Joseph,Jones,joseph.jones1446@example.com,804-602-8580,Tampa,FL,United States,2022-06-16,Small Business
CUST01447,William,Williams,william.williams1447@example.com,804-828-3344,Alexandria,VA,United States,2023-01-31,Corporate
CUST01448,Linda,Davis,linda.davis1448@example.com,804-944-8906,Chicago,IL,United States,2023-11-02,Small Business
CUST01449,David,Thomas,david.thomas1449@example.com,804-719-2972,Buffalo,NY,United States,2023-01-21,Corporate
CUST01450,Michael,Taylor,michael.taylor1450@example.com,804-533-1178,Spokane,WA,United States,2023-05-24,Corporate
CUST01451,James,Smith,james.smith1451@example.com,804-576-3418,Peoria,IL,United States,2022-06-11,Corporate
CUST01452,Nancy,Anderson,nancy.anderson1452@example.com,804-566-5521,Spokane,WA,United States,2022-08-09,Consumer
CUST01453,Jennifer,Jackson,jennifer.jackson1453@example.com,804-153-6349,Austin,TX,United States,2022-02-04,Small Business
CUST01454,Joseph,Moore,joseph.moore1454@example.com,804-282-6351,San Francisco,CA,United States,2023-10-26,Small Business
CUST01455,Elizabeth,Hernandez,elizabeth.hernandez1455@example.com,804-840-3160,Miami,FL,United States,2024-11-13,Corporate
CUST01456,Robert,Brown,robert.brown1456@example.com,804-872-6903,Orlando,FL,United States,2023-04-27,Corporate
CUST01457,John,Thomas,john.thomas1457@example.com,804-757-7487,Richmond,VA,United States,2024-12-10,Small Business
CUST01458,Michael,Anderson,michael.anderson1458@example.com,804-345-1925,Houston,TX,United States,2023-06-19,Small Business
CUST01459,Linda,Thomas,linda.thomas1459@example.com,804-256-3255,Los Angeles,CA,United States,2023-03-25,Small Business
CUST01460,Joseph,Smith,joseph.smith1460@example.com,804-785-7798,Tampa,FL,United States,2024-10-05,Small Business
CUST01461,Mary,Miller,mary.miller1461@example.com,804-818-2320,San Antonio,TX,United States,2022-01-15,Small Business
CUST01462,Jennifer,Gonzalez,jennifer.gonzalez1462@example.com,804-742-5610,Dallas,TX,United States,2025-01-03,Corporate
CUST01463,Jennifer,Miller,jennifer.miller1463@example.com,804-434-5265,Spokane,WA,United States,2023-11-17,Corporate
CUST01464,James,Anderson,james.anderson1464@example.com,804-215-1682,Jacksonville,FL,United States,2023-02-24,Corporate
CUST01465,Michael,Miller,michael.miller1465@example.com,804-937-5970,Spokane,WA,United States,2023-03-15,Corporate
CUST01466,Linda,Jackson,linda.jackson1466@example.com,804-124-6077,Spokane,WA,United States,2023-03-21,Consumer
CUST01467,David,Miller,david.miller1467@example.com,804-500-3707,Alexandria,VA,United States,2023-11-02,Corporate
CUST01468,Linda,Williams,linda.williams1468@example.com,804-734-1819,Miami,FL,United States,2022-01-01,Consumer
CUST01469,Elizabeth,Anderson,elizabeth.anderson1469@example.com,804-476-4527,Virginia Beach,VA,United States,2022-07-19,Small Business
CUST01470,Susan,Williams,susan.williams1470@example.com,804-888-1573,Rochester,NY,United States,2022-02-15,Consumer
CUST01471,Michael,Brown,michael.brown1471@example.com,804-114-2844,Chicago,IL,United States,2024-09-02,Consumer
CUST01472,Daniel,Moore,daniel.moore1472@example.com,804-591-2036,Albany,NY,United States,2022-02-16,Small Business
CUST01473,Joseph,Gonzalez,joseph.gonzalez1473@example.com,804-950-8630,Los Angeles,CA,United States,2024-10-15,Corporate
CUST01474,Mary,Williams,mary.williams1474@example.com,804-307-5379,Spokane,WA,United States,2023-07-31,Consumer
CUST01475,Michael,Davis,michael.davis1475@example.com,804-145-8132,Peoria,IL,United States,2022-01-04,Small Business
CUST01476,Linda,Johnson,linda.johnson1476@example.com,804-476-8475,Albany,NY,United States,2022-07-01,Corporate
CUST01477,Susan,Moore,susan.moore1477@example.com,804-455-7668,Orlando,FL,United States,2023-10-19,Consumer
CUST01478,Susan,Martinez,susan.martinez1478@example.com,804-468-8073,San Antonio,TX,United States,2025-01-15,Consumer
CUST01479,David,Lopez,david.lopez1479@example.com,804-982-3691,Peoria,IL,United States,2024-07-12,Consumer
CUST01480,Robert,Martin,robert.martin1480@example.com,804-935-4372,Buffalo,NY,United States,2025-03-20,Small Business
CUST01481,Patricia,Taylor,patricia.taylor1481@example.com,804-689-1066,Miami,FL,United States,2024-11-30,Corporate
CUST01482,Jennifer,Davis,jennifer.davis1482@example.com,804-433-7116,Naperville,IL,United States,2024-09-28,Small Business
CUST01483,Joseph,Davis,joseph.davis1483@example.com,804-331-8432,Tampa,FL,United States,2024-04-15,Consumer
CUST01484,Michael,Smith,michael.smith1484@example.com,804-173-6022,Seattle,WA,United States,2024-10-11,Consumer
CUST01485,Michael,Moore,michael.moore1485@example.com,804-116-1509,Chicago,IL,United States,2023-01-27,Corporate
CUST01486,John,Williams,john.williams1486@example.com,804-466-7602,Rochester,NY,United States,2022-09-01,Consumer
CUST01487,Joseph,Lopez,joseph.lopez1487@example.com,804-703-8838,Austin,TX,United States,2024-05-27,Small Business
CUST01488,Sarah,Johnson,sarah.johnson1488@example.com,804-361-8759,Norfolk,VA,United States,2023-12-21,Corporate
CUST01489,Jessica,Jackson,jessica.jackson1489@example.com,804-489-1633,Tampa,FL,United States,2024-10-01,Corporate
CUST01490,William,Moore,william.moore1490@example.com,804-196-8449,Los Angeles,CA,United States,2023-05-18,Corporate
CUST01491,Sarah,Johnson,sarah.johnson1491@example.com,804-321-7727,Albany,NY,United States,2025-02-05,Consumer
CUST01492,James,Taylor,james.taylor1492@example.com,804-574-5501,Richmond,VA,United States,2024-10-25,Small Business
CUST01493,Karen,Johnson,karen.johnson1493@example.com,804-278-8401,New York,NY,United States,2024-11-24,Corporate
CUST01494,Nancy,Hernandez,nancy.hernandez1494@example.com,804-303-8899,Richmond,VA,United States,2022-11-14,Corporate
CUST01495,Jennifer,Gonzalez,jennifer.gonzalez1495@example.com,804-448-9083,San Jose,CA,United States,2023-01-10,Consumer
CUST01496,Patricia,Brown,patricia.brown1496@example.com,804-676-1387,Dallas,TX,United States,2022-09-28,Corporate
CUST01497,Jessica,Smith,jessica.smith1497@example.com,804-528-8760,Naperville,IL,United States,2025-01-18,Consumer
CUST01498,Jessica,Williams,jessica.williams1498@example.com,804-586-7575,Los Angeles,CA,United States,2023-06-23,Small Business
CUST01499,Robert,Brown,robert.brown1499@example.com,804-291-4219,San Diego,CA,United States,2022-06-26,Corporate
CUST01500,Karen,Rodriguez,karen.rodriguez1500@example.com,804-523-2898,Richmond,VA,United States,2023-01-15,Small Business
CUST01501,Elizabeth,Jones,elizabeth.jones1501@example.com,804-161-9359,Peoria,IL,United States,2022-01-23,Consumer
CUST01502,Daniel,Taylor,daniel.taylor1502@example.com,804-349-8870,San Jose,CA,United States,2022-10-08,Consumer
CUST01503,Sarah,Miller,sarah.miller1503@example.com,804-748-9870,San Diego,CA,United States,2024-03-05,Consumer
CUST01504,Charles,Jones,charles.jones1504@example.com,804-174-3698,Seattle,WA,United States,2024-09-05,Consumer
CUST01505,Susan,Davis,susan.davis1505@example.com,804-870-8075,Spokane,WA,United States,2024-04-12,Consumer
CUST01506,James,Miller,james.miller1506@example.com,804-720-4681,Naperville,IL,United States,2024-03-11,Small Business
CUST01507,Charles,Wilson,charles.wilson1507@example.com,804-633-5712,Springfield,IL,United States,2023-05-10,Corporate
CUST01508,James,Wilson,james.wilson1508@example.com,804-140-7054,Los Angeles,CA,United States,2022-10-26,Corporate
CUST01509,David,Martinez,david.martinez1509@example.com,804-623-8991,Spokane,WA,United States,2023-09-24,Corporate
CUST01510,Daniel,Moore,daniel.moore1510@example.com,804-193-9022,Springfield,IL,United States,2024-08-19,Corporate
CUST01511,John,Rodriguez,john.rodriguez1511@example.com,804-708-9413,Naperville,IL,United States,2023-07-10,Consumer
CUST01512,Linda,Jackson,linda.jackson1512@example.com,804-945-6488,Austin,TX,United States,2023-09-20,Small Business
CUST01513,Nancy,Wilson,nancy.wilson1513@example.com,804-294-6922,Springfield,IL,United States,2022-10-13,Small Business
CUST01514,Thomas,Jackson,thomas.jackson1514@example.com,804-753-5047,Orlando,FL,United States,2022-08-29,Consumer
CUST01515,David,Garcia,david.garcia1515@example.com,804-501-8935,Peoria,IL,United States,2024-02-07,Small Business
CUST01516,Karen,Hernandez,karen.hernandez1516@example.com,,Austin,TX,United States,2022-05-28,Small Business
CUST01517,Michael,Rodriguez,michael.rodriguez1517@example.com,804-940-5539,Alexandria,VA,United States,2025-02-01,Small Business
CUST01518,Mary,Wilson,mary.wilson1518@example.com,804-547-7338,Peoria,IL,United States,2022-08-10,Corporate
CUST01519,Susan,Johnson,susan.johnson1519@example.com,804-661-9769,Los Angeles,CA,United States,2023-07-23,Corporate
CUST01520,Jessica,Miller,jessica.miller1520@example.com,804-445-5541,Los Angeles,CA,United States,2022-01-21,Corporate
CUST01521,Nancy,Martin,nancy.martin1521@example.com,804-960-4872,Tampa,FL,United States,2025-02-05,Consumer
CUST01522,Linda,Garcia,linda.garcia1522@example.com,804-731-1285,Bellevue,WA,United States,2023-02-21,Consumer
CUST01523,William,Thomas,william.thomas1523@example.com,804-326-4965,Los Angeles,CA,United States,2023-05-20,Corporate
CUST01524,Linda,Rodriguez,linda.rodriguez1524@example.com,804-545-7335,Los Angeles,CA,United States,2023-05-05,Corporate
CUST01525,John,Wilson,john.wilson1525@example.com,804-856-7299,Peoria,IL,United States,2024-06-25,Small Business
CUST01526,William,Miller,william.miller1526@example.com,804-450-6276,Peoria,IL,United States,2024-06-13,Consumer
CUST01527,Thomas,Martin,thomas.martin1527@example.com,804-715-7187,Austin,TX,United States,2022-10-23,Consumer
CUST01528,David,Lopez,david.lopez1528@example.com,804-336-7216,Norfolk,VA,United States,2023-05-25,Small Business
CUST01529,Daniel,Davis,daniel.davis1529@example.com,804-498-6655,Chicago,IL,United States,2024-07-15,Corporate
CUST01530,Thomas,Wilson,thomas.wilson1530@example.com,804-334-5409,San Francisco,CA,United States,2023-06-07,Corporate
CUST01531,Jennifer,Garcia,jennifer.garcia1531@example.com,804-473-1786,Dallas,TX,United States,2022-03-16,Consumer
CUST01532,John,Martin,john.martin1532@example.com,804-637-5180,Chicago,IL,United States,2023-05-28,Corporate
CUST01533,Jessica,Rodriguez,jessica.rodriguez1533@example.com,804-419-3730,Tacoma,WA,United States,2023-04-15,Small Business
CUST01534,Nancy,Johnson,nancy.johnson1534@example.com,804-581-7934,Orlando,FL,United States,2023-08-14,Consumer
CUST01535,Michael,Martin,michael.martin1535@example.com,804-375-3928,Chicago,IL,United States,2022-05-18,Small Business
CUST01536,Susan,Garcia,susan.garcia1536@example.com,804-433-3814,Dallas,TX,United States,2023-05-19,Corporate
CUST01537,Charles,Johnson,charles.johnson1537@example.com,804-580-3554,Virginia Beach,VA,United States,2022-12-09,Consumer
CUST01538,Susan,Jackson,susan.jackson1538@example.com,804-565-3869,Spokane,WA,United States,2024-08-05,Small Business
CUST01539,Nancy,Johnson,nancy.johnson1539@example.com,804-394-8549,San Francisco,CA,United States,2022-10-06,Small Business
CUST01540,Joseph,Moore,joseph.moore1540@example.com,804-762-9514,Jacksonville,FL,United States,2024-12-11,Corporate
CUST01541,Joseph,Rodriguez,joseph.rodriguez1541@example.com,804-978-9187,Jacksonville,FL,United States,2022-12-08,Consumer
CUST01542,Nancy,Lopez,nancy.lopez1542@example.com,804-522-7268,Spokane,WA,United States,2022-08-25,Corporate
CUST01543,Sarah,Miller,sarah.miller1543@example.com,804-893-3411,Seattle,WA,United States,2023-03-18,Corporate
CUST01544,Robert,Martinez,robert.martinez1544@example.com,804-332-8193,Virginia Beach,VA,United States,2022-10-19,Corporate
CUST01545,Thomas,Lopez,thomas.lopez1545@example.com,804-152-5020,San Antonio,TX,United States,2022-09-25,Consumer
CUST01546,Elizabeth,Lopez,elizabeth.lopez1546@example.com,804-769-8100,San Jose,CA,United States,2024-08-10,Consumer
CUST01547,Charles,Moore,charles.moore1547@example.com,804-460-6430,Richmond,VA,United States,2024-09-08,Consumer
CUST01548,James,Brown,james.brown1548@example.com,804-621-4583,Austin,TX,United States,2022-05-03,Small Business
CUST01549,Joseph,Hernandez,joseph.hernandez1549@example.com,804-434-5668,Bellevue,WA,United States,2023-12-12,Corporate
CUST01550,Patricia,Anderson,patricia.anderson1550@example.com,804-137-9978,Bellevue,WA,United States,2024-06-06,Small Business
CUST01551,Robert,Gonzalez,robert.gonzalez1551@example.com,804-245-4216,Rochester,NY,United States,2023-07-02,Consumer
CUST01552,Linda,Johnson,linda.johnson1552@example.com,804-299-7854,San Jose,CA,United States,2022-01-25,Small Business
CUST01553,Robert,Wilson,robert.wilson1553@example.com,804-167-3677,Tampa,FL,United States,2023-03-08,Consumer
CUST01554,John,Davis,john.davis1554@example.com,804-181-8530,Virginia Beach,VA,United States,2024-10-07,Corporate
CUST01555,Sarah,Rodriguez,sarah.rodriguez1555@example.com,804-259-9520,Tampa,FL,United States,2023-10-31,Small Business
CUST01556,Linda,Davis,linda.davis1556@example.com,804-378-6376,Seattle,WA,United States,2024-06-07,Small Business
CUST01557,Joseph,Johnson,joseph.johnson1557@example.com,804-943-3424,Tampa,FL,United States,2023-06-12,Small Business
CUST01558,Linda,Anderson,linda.anderson1558@example.com,804-471-7760,Houston,TX,United States,2025-01-15,Small Business
CUST01559,Elizabeth,Williams,elizabeth.williams1559@example.com,804-893-6143,Dallas,TX,United States,2024-09-12,Consumer
CUST01560,Robert,Wilson,robert.wilson1560@example.com,804-221-6046,Richmond,VA,United States,2023-11-15,Consumer
CUST01561,Joseph,Jackson,joseph.jackson1561@example.com,804-393-4985,San Antonio,TX,United States,2024-05-30,Small Business
CUST01562,Nancy,Hernandez,nancy.hernandez1562@example.com,804-184-2348,Jacksonville,FL,United States,2022-06-19,Small Business
CUST01563,Sarah,Williams,sarah.williams1563@example.com,804-582-3909,Tacoma,WA,United States,2022-04-16,Consumer
CUST01564,Susan,Lopez,susan.lopez1564@example.com,804-417-6409,Chicago,IL,United States,2022-03-24,Consumer
CUST01565,Mary,Martin,mary.martin1565@example.com,804-943-9034,San Diego,CA,United States,2022-12-15,Consumer
CUST01566,Charles,Williams,charles.williams1566@example.com,804-573-5259,Spokane,WA,United States,2022-10-11,Consumer
CUST01567,Patricia,Thomas,patricia.thomas1567@example.com,804-502-6548,Orlando,FL,United States,2023-08-05,Small Business
CUST01568,Thomas,Lopez,thomas.lopez1568@example.com,804-822-7571,Tampa,FL,United States,2023-08-25,Corporate
CUST01569,Elizabeth,Hernandez,elizabeth.hernandez1569@example.com,804-820-3543,Dallas,TX,United States,2024-08-02,Consumer
CUST01570,Patricia,Jones,patricia.jones1570@example.com,804-840-2203,San Francisco,CA,United States,2022-09-16,Corporate
CUST01571,Daniel,Davis,daniel.davis1571@example.com,804-225-5956,Peoria,IL,United States,2024-06-10,Small Business
CUST01572,Mary,Lopez,mary.lopez1572@example.com,804-167-1801,San Antonio,TX,United States,2023-01-28,Consumer
CUST01573,Joseph,Garcia,joseph.garcia1573@example.com,804-507-6301,Bellevue,WA,United States,2024-08-07,Corporate
CUST01574,Jessica,Hernandez,jessica.hernandez1574@example.com,804-356-7812,Tacoma,WA,United States,2022-01-16,Consumer
CUST01575,Robert,Johnson,robert.johnson1575@example.com,804-607-5552,Dallas,TX,United States,2024-11-16,Consumer
CUST01576,James,Lopez,james.lopez1576@example.com,804-102-2713,Naperville,IL,United States,2024-02-03,Corporate
CUST01577,Michael,Miller,michael.miller1577@example.com,804-643-7401,Austin,TX,United States,2024-10-31,Small Business
CUST01578,Nancy,Miller,nancy.miller1578@example.com,804-660-5754,Richmond,VA,United States,2024-07-20,Small Business
CUST01579,Elizabeth,Hernandez,elizabeth.hernandez1579@example.com,804-949-7836,San Francisco,CA,United States,2022-05-09,Corporate
CUST01580,Linda,Hernandez,linda.hernandez1580@example.com,804-407-1634,Tacoma,WA,United States,2024-07-09,Consumer
CUST01581,Joseph,Rodriguez,joseph.rodriguez1581@example.com,804-941-8360,San Diego,CA,United States,2022-03-25,Consumer
CUST01582,John,Rodriguez,john.rodriguez1582@example.com,804-989-6016,Jacksonville,FL,United States,2022-02-03,Small Business
CUST01583,Daniel,Miller,daniel.miller1583@example.com,804-498-6383,Tampa,FL,United States,2022-08-26,Consumer
CUST01584,Jessica,Williams,jessica.williams1584@example.com,804-201-3127,Buffalo,NY,United States,2024-09-09,Small Business
CUST01585,Elizabeth,Rodriguez,elizabeth.rodriguez1585@example.com,804-846-3685,Virginia Beach,VA,United States,2024-05-23,Corporate
CUST01586,Elizabeth,Moore,elizabeth.moore1586@example.com,804-994-2989,Chicago,IL,United States,2022-06-06,Consumer
CUST01587,William,Garcia,william.garcia1587@example.com,804-612-9758,San Francisco,CA,United States,2023-11-23,Corporate
CUST01588,Nancy,Rodriguez,nancy.rodriguez1588@example.com,804-461-3890,Seattle,WA,United States,2023-12-31,Corporate
CUST01589,William,Smith,william.smith1589@example.com,804-249-6604,Miami,FL,United States,2022-05-10,Consumer
CUST01590,Michael,Thomas,michael.thomas1590@example.com,804-973-7377,Spokane,WA,United States,2022-03-03,Corporate
CUST01591,Joseph,Miller,joseph.miller1591@example.com,804-865-2096,Dallas,TX,United States,2024-09-17,Small Business
CUST01592,Sarah,Moore,sarah.moore1592@example.com,804-757-7043,Bellevue,WA,United States,2024-03-04,Consumer
CUST01593,Michael,Smith,michael.smith1593@example.com,804-764-6549,Tampa,FL,United States,2022-02-05,Corporate
CUST01594,David,Anderson,david.anderson1594@example.com,804-633-2908,San Diego,CA,United States,2022-07-16,Small Business
CUST01595,Karen,Hernandez,karen.hernandez1595@example.com,804-419-9799,Los Angeles,CA,United States,2023-10-12,Corporate
CUST01596,Mary,Martinez,mary.martinez1596@example.com,804-256-5598,Springfield,IL,United States,2023-06-13,Corporate
CUST01597,Charles,Lopez,charles.lopez1597@example.com,804-516-1372,San Francisco,CA,United States,2023-09-24,Consumer
CUST01598,John,Jones,john.jones1598@example.com,804-197-5328,Miami,FL,United States,2024-01-13,Corporate
CUST01599,Daniel,Miller,daniel.miller1599@example.com,804-383-6103,Miami,FL,United States,2023-04-20,Small Business
CUST01600,John,Moore,john.moore1600@example.com,804-404-2645,Tampa,FL,United States,2025-02-05,Corporate
CUST01601,Jessica,Williams,jessica.williams1601@example.com,804-240-2126,Naperville,IL,United States,2023-07-06,Consumer
CUST01602,Patricia,Thomas,patricia.thomas1602@example.com,804-654-2751,San Francisco,CA,United States,2024-01-10,Corporate
CUST01603,Linda,Williams,linda.williams1603@example.com,804-682-2701,Buffalo,NY,United States,2023-01-15,Small Business
CUST01604,Robert,Garcia,robert.garcia1604@example.com,804-797-9568,Springfield,IL,United States,2024-04-15,Corporate
CUST01605,Michael,Thomas,michael.thomas1605@example.com,804-316-7364,Orlando,FL,United States,2022-05-02,Consumer
CUST01606,Robert,Gonzalez,robert.gonzalez1606@example.com,804-375-5080,Jacksonville,FL,United States,2025-03-30,Small Business
CUST01607,Jessica,Rodriguez,jessica.rodriguez1607@example.com,804-515-4132,Peoria,IL,United States,2022-01-03,Small Business
CUST01608,Jennifer,Jackson,jennifer.jackson1608@example.com,804-336-5095,San Diego,CA,United States,2022-09-29,Small Business
CUST01609,Joseph,Jones,joseph.jones1609@example.com,804-102-4443,Austin,TX,United States,2022-08-19,Small Business
CUST01610,Jessica,Brown,jessica.brown1610@example.com,804-250-3019,Buffalo,NY,United States,2024-07-04,Corporate
CUST01611,Charles,Rodriguez,charles.rodriguez1611@example.com,804-498-6786,Virginia Beach,VA,United States,2022-10-26,Consumer
CUST01612,Linda,Thomas,linda.thomas1612@example.com,804-358-1050,Norfolk,VA,United States,2024-06-14,Corporate
CUST01613,Mary,Anderson,mary.anderson1613@example.com,804-213-5705,Tampa,FL,United States,2023-02-22,Consumer
CUST01614,James,Thomas,james.thomas1614@example.com,804-410-4675,Seattle,WA,United States,2024-07-19,Corporate
CUST01615,Sarah,Gonzalez,sarah.gonzalez1615@example.com,804-548-3187,Buffalo,NY,United States,2024-09-10,Consumer
CUST01616,Joseph,Davis,joseph.davis1616@example.com,804-838-7075,Orlando,FL,United States,2022-08-13,Small Business
CUST01617,Charles,Martinez,charles.martinez1617@example.com,804-680-2755,Peoria,IL,United States,2022-02-11,Consumer
CUST01618,Linda,Moore,linda.moore1618@example.com,804-103-3442,Tacoma,WA,United States,2024-10-14,Consumer
CUST01619,Karen,Wilson,karen.wilson1619@example.com,804-298-4069,Tampa,FL,United States,2022-01-03,Consumer
CUST01620,Jessica,Rodriguez,jessica.rodriguez1620@example.com,804-511-6847,Naperville,IL,United States,2023-02-13,Consumer
CUST01621,Linda,Hernandez,linda.hernandez1621@example.com,804-877-4951,San Jose,CA,United States,2024-01-01,Small Business
CUST01622,Karen,Smith,karen.smith1622@example.com,804-240-4789,Chicago,IL,United States,2022-07-31,Corporate
CUST01623,Jessica,Moore,jessica.moore1623@example.com,804-551-3223,Chicago,IL,United States,2022-07-30,Consumer
CUST01624,Patricia,Johnson,patricia.johnson1624@example.com,804-387-8370,New York,NY,United States,2024-04-17,Consumer
CUST01625,Nancy,Brown,nancy.brown1625@example.com,804-879-4951,San Jose,CA,United States,2025-01-04,Consumer
CUST01626,Jennifer,Smith,jennifer.smith1626@example.com,804-438-2639,Bellevue,WA,United States,2023-03-20,Consumer
CUST01627,Daniel,Rodriguez,daniel.rodriguez1627@example.com,804-871-8411,San Francisco,CA,United States,2023-12-16,Small Business
CUST01628,Patricia,Jackson,patricia.jackson1628@example.com,804-942-3571,San Jose,CA,United States,2023-01-30,Consumer
CUST01629,Michael,Miller,michael.miller1629@example.com,804-162-8364,Dallas,TX,United States,2023-08-28,Consumer
CUST01630,Michael,Lopez,michael.lopez1630@example.com,804-804-2036,Naperville,IL,United States,2024-06-03,Consumer
CUST01631,Susan,Johnson,susan.johnson1631@example.com,804-186-3581,Orlando,FL,United States,2024-05-10,Consumer
CUST01632,Jessica,Davis,jessica.davis1632@example.com,804-830-9697,Springfield,IL,United States,2023-06-30,Small Business
CUST01633,David,Anderson,david.anderson1633@example.com,804-276-8292,Dallas,TX,United States,2024-07-08,Corporate
CUST01634,James,Miller,james.miller1634@example.com,804-576-2491,Norfolk,VA,United States,2024-02-09,Small Business
CUST01635,Mary,Davis,mary.davis1635@example.com,804-504-3215,Chicago,IL,United States,2025-02-21,Consumer
CUST01636,Linda,Jones,linda.jones1636@example.com,804-656-2215,Houston,TX,United States,2024-11-07,Consumer
CUST01637,Charles,Moore,charles.moore1637@example.com,804-662-3231,San Jose,CA,United States,2023-06-19,Consumer
CUST01638,Michael,Jones,michael.jones1638@example.com,804-251-8247,Tacoma,WA,United States,2022-07-03,Consumer
CUST01639,John,Hernandez,john.hernandez1639@example.com,804-130-1542,Virginia Beach,VA,United States,2023-07-20,Consumer
CUST01640,James,Smith,james.smith1640@example.com,804-699-2328,San Jose,CA,United States,2022-12-04,Consumer
CUST01641,Patricia,Anderson,patricia.anderson1641@example.com,804-866-1423,Spokane,WA,United States,2022-04-28,Small Business
CUST01642,Joseph,Brown,joseph.brown1642@example.com,804-263-2393,Spokane,WA,United States,2023-08-22,Small Business
CUST01643,Daniel,Moore,daniel.moore1643@example.com,804-886-2255,Norfolk,VA,United States,2024-10-02,Consumer
CUST01644,Charles,Martin,charles.martin1644@example.com,804-580-1661,Seattle,WA,United States,2023-10-06,Small Business
CUST01645,Nancy,Johnson,nancy.johnson1645@example.com,804-453-6594,San Jose,CA,United States,2023-05-19,Consumer
CUST01646,Charles,Jones,charles.jones1646@example.com,804-341-7766,Alexandria,VA,United States,2025-02-27,Consumer
CUST01647,David,Lopez,david.lopez1647@example.com,804-941-3789,Chicago,IL,United States,2024-01-20,Small Business
CUST01648,Mary,Thomas,mary.thomas1648@example.com,804-520-8537,San Francisco,CA,United States,2023-03-02,Small Business
CUST01649,Nancy,Taylor,nancy.taylor1649@example.com,804-374-1769,Dallas,TX,United States,2022-05-13,Consumer
CUST01650,Charles,Brown,charles.brown1650@example.com,804-850-5237,Miami,FL,United States,2023-06-20,Small Business
CUST01651,Sarah,Davis,sarah.davis1651@example.com,804-641-2051,Orlando,FL,United States,2024-02-14,Corporate
CUST01652,John,Jones,john.jones1652@example.com,804-634-6038,Peoria,IL,United States,2023-08-28,Corporate
CUST01653,Jessica,Jones,jessica.jones1653@example.com,804-417-5126,Rochester,NY,United States,2023-03-15,Consumer
CUST01654,Joseph,Martinez,joseph.martinez1654@example.com,804-868-7122,Peoria,IL,United States,2022-11-17,Corporate
CUST01655,Joseph,Davis,joseph.davis1655@example.com,804-799-4063,Naperville,IL,United States,2023-11-28,Corporate
CUST01656,James,Williams,james.williams1656@example.com,804-911-5584,Alexandria,VA,United States,2023-09-23,Corporate
CUST01657,Charles,Taylor,charles.taylor1657@example.com,804-347-9207,San Diego,CA,United States,2022-08-12,Small Business
CUST01658,David,Jones,david.jones1658@example.com,804-396-1942,Richmond,VA,United States,2023-11-28,Corporate
CUST01659,Michael,Lopez,michael.lopez1659@example.com,804-504-4635,Austin,TX,United States,2023-10-08,Consumer
CUST01660,Nancy,Anderson,nancy.anderson1660@example.com,804-149-4254,Jacksonville,FL,United States,2022-09-11,Consumer
CUST01661,Michael,Thomas,michael.thomas1661@example.com,804-430-4698,Dallas,TX,United States,2024-04-09,Consumer
CUST01662,John,Williams,john.williams1662@example.com,804-197-8564,Bellevue,WA,United States,2023-11-02,Small Business
CUST01663,Charles,Smith,charles.smith1663@example.com,804-930-1481,San Diego,CA,United States,2023-03-04,Small Business
CUST01664,Patricia,Moore,patricia.moore1664@example.com,804-441-8737,Houston,TX,United States,2023-05-16,Small Business
CUST01665,Elizabeth,Martin,elizabeth.martin1665@example.com,804-796-4501,San Francisco,CA,United States,2022-01-07,Corporate
CUST01666,Robert,Johnson,robert.johnson1666@example.com,804-991-9617,San Jose,CA,United States,2022-05-26,Small Business
CUST01667,Karen,Martinez,karen.martinez1667@example.com,804-588-6618,Dallas,TX,United States,2024-03-24,Consumer
CUST01668,Jessica,Miller,jessica.miller1668@example.com,804-716-9287,Dallas,TX,United States,2023-03-18,Consumer
CUST01669,David,Hernandez,david.hernandez1669@example.com,804-137-5816,Richmond,VA,United States,2022-07-08,Consumer
CUST01670,Mary,Lopez,mary.lopez1670@example.com,804-604-7479,Chicago,IL,United States,2023-11-23,Corporate
CUST01671,Mary,Taylor,mary.taylor1671@example.com,804-536-1294,Chicago,IL,United States,2022-08-27,Consumer
CUST01672,Mary,Taylor,mary.taylor1672@example.com,804-722-2448,Austin,TX,United States,2024-03-10,Consumer
CUST01673,John,Hernandez,john.hernandez1673@example.com,804-886-4581,Springfield,IL,United States,2022-07-24,Corporate
CUST01674,Jessica,Taylor,jessica.taylor1674@example.com,804-211-8952,Orlando,FL,United States,2024-06-12,Small Business
CUST01675,Karen,Jones,karen.jones1675@example.com,804-397-1660,Orlando,FL,United States,2024-12-10,Consumer
CUST01676,James,Taylor,james.taylor1676@example.com,804-343-8813,Virginia Beach,VA,United States,2023-12-03,Small Business
CUST01677,Charles,Jones,charles.jones1677@example.com,804-760-7132,Richmond,VA,United States,2023-03-11,Small Business
CUST01678,Susan,Anderson,susan.anderson1678@example.com,804-477-2062,Chicago,IL,United States,2022-04-08,Corporate
CUST01679,James,Anderson,james.anderson1679@example.com,804-823-7893,Buffalo,NY,United States,2024-04-05,Small Business
CUST01680,Elizabeth,Moore,elizabeth.moore1680@example.com,804-402-3378,Peoria,IL,United States,2022-07-03,Small Business
CUST01681,Daniel,Davis,daniel.davis1681@example.com,804-401-1348,Austin,TX,United States,2025-03-03,Small Business
CUST01682,Michael,Garcia,michael.garcia1682@example.com,804-401-3314,Houston,TX,United States,2023-01-14,Corporate
CUST01683,Mary,Wilson,mary.wilson1683@example.com,804-258-7520,Miami,FL,United States,2025-02-16,Small Business
CUST01684,James,Anderson,james.anderson1684@example.com,804-841-4737,Dallas,TX,United States,2023-09-26,Small Business
CUST01685,Nancy,Lopez,nancy.lopez1685@example.com,804-773-1286,Springfield,IL,United States,2024-12-01,Corporate
CUST01686,Jessica,Brown,jessica.brown1686@example.com,804-662-3412,San Antonio,TX,United States,2023-12-01,Corporate
CUST01687,Robert,Wilson,robert.wilson1687@example.com,804-491-7198,Naperville,IL,United States,2022-07-11,Corporate
CUST01688,Michael,Smith,michael.smith1688@example.com,804-788-3387,Jacksonville,FL,United States,2024-05-22,Consumer
CUST01689,David,Brown,david.brown1689@example.com,804-654-3440,Buffalo,NY,United States,2023-07-01,Consumer
CUST01690,Charles,Rodriguez,charles.rodriguez1690@example.com,804-589-4665,Chicago,IL,United States,2022-03-02,Consumer
CUST01691,Jessica,Martin,jessica.martin1691@example.com,804-219-7343,Alexandria,VA,United States,2022-05-09,Small Business
CUST01692,Michael,Martin,michael.martin1692@example.com,804-484-9647,New York,NY,United States,2022-04-09,Consumer
CUST01693,Elizabeth,Martin,elizabeth.martin1693@example.com,804-517-3903,San Jose,CA,United States,2022-04-22,Small Business
CUST01694,Thomas,Wilson,thomas.wilson1694@example.com,804-325-5584,Springfield,IL,United States,2022-04-14,Corporate
CUST01695,Thomas,Martin,thomas.martin1695@example.com,804-831-8356,Rochester,NY,United States,2022-11-29,Consumer
CUST01696,Jessica,Jones,jessica.jones1696@example.com,804-668-2508,Orlando,FL,United States,2023-12-07,Small Business
CUST01697,Sarah,Gonzalez,sarah.gonzalez1697@example.com,804-168-5317,San Diego,CA,United States,2025-03-03,Consumer
CUST01698,Karen,Rodriguez,karen.rodriguez1698@example.com,804-564-4802,San Diego,CA,United States,2023-02-11,Consumer
CUST01699,David,Lopez,david.lopez1699@example.com,804-510-2781,Springfield,IL,United States,2023-02-19,Corporate
CUST01700,James,Miller,james.miller1700@example.com,804-717-3676,Tacoma,WA,United States,2022-07-28,Consumer
CUST01701,Jessica,Davis,jessica.davis1701@example.com,804-607-9947,Spokane,WA,United States,2022-09-29,Small Business
CUST01702,Michael,Miller,michael.miller1702@example.com,804-414-5335,Richmond,VA,United States,2025-01-21,Small Business
CUST01703,Daniel,Hernandez,daniel.hernandez1703@example.com,804-622-1704,San Diego,CA,United States,2024-03-21,Consumer
CUST01704,Mary,Davis,mary.davis1704@example.com,804-507-8707,Virginia Beach,VA,United States,2023-05-28,Small Business
CUST01705,Thomas,Thomas,thomas.thomas1705@example.com,804-114-3645,Springfield,IL,United States,2023-01-18,Small Business
CUST01706,Daniel,Moore,daniel.moore1706@example.com,804-298-5277,Tacoma,WA,United States,2022-07-29,Small Business
CUST01707,Daniel,Moore,daniel.moore1707@example.com,804-876-7979,Rochester,NY,United States,2024-06-15,Consumer
CUST01708,Patricia,Taylor,patricia.taylor1708@example.com,804-446-4750,Austin,TX,United States,2024-04-16,Small Business
CUST01709,James,Thomas,james.thomas1709@example.com,804-564-8836,Bellevue,WA,United States,2024-04-04,Small Business
CUST01710,Sarah,Davis,sarah.davis1710@example.com,804-882-1036,Virginia Beach,VA,United States,2022-02-01,Corporate
CUST01711,Jennifer,Garcia,jennifer.garcia1711@example.com,804-188-7444,Austin,TX,United States,2023-11-03,Small Business
CUST01712,David,Moore,david.moore1712@example.com,804-683-3463,Richmond,VA,United States,2023-06-27,Small Business
CUST01713,Jennifer,Williams,jennifer.williams1713@example.com,804-507-8482,Orlando,FL,United States,2023-11-02,Small Business
CUST01714,Karen,Rodriguez,karen.rodriguez1714@example.com,804-902-9957,San Antonio,TX,United States,2025-01-14,Consumer
CUST01715,Mary,Hernandez,mary.hernandez1715@example.com,804-543-5108,Seattle,WA,United States,2023-04-16,Small Business
CUST01716,Elizabeth,Martin,elizabeth.martin1716@example.com,804-455-8403,New York,NY,United States,2022-06-22,Small Business
CUST01717,Mary,Anderson,mary.anderson1717@example.com,804-657-7580,San Jose,CA,United States,2023-01-02,Corporate
CUST01718,Jennifer,Smith,jennifer.smith1718@example.com,804-898-2277,Jacksonville,FL,United States,2023-07-17,Small Business
CUST01719,Thomas,Thomas,thomas.thomas1719@example.com,804-253-8151,Jacksonville,FL,United States,2024-02-27,Small Business
CUST01720,Robert,Hernandez,robert.hernandez1720@example.com,,Orlando,FL,United States,2024-10-08,Corporate
CUST01721,Jennifer,Davis,jennifer.davis1721@example.com,804-779-6904,New York,NY,United States,2023-07-06,Corporate
CUST01722,Thomas,Jackson,thomas.jackson1722@example.com,804-386-9876,Los Angeles,CA,United States,2022-09-13,Consumer
CUST01723,Susan,Rodriguez,susan.rodriguez1723@example.com,804-571-7456,Buffalo,NY,United States,2024-12-08,Consumer
CUST01724,Nancy,Martinez,nancy.martinez1724@example.com,804-857-5411,Dallas,TX,United States,2022-09-30,Corporate
CUST01725,Michael,Moore,michael.moore1725@example.com,804-268-5271,Miami,FL,United States,2023-11-28,Consumer
CUST01726,Jennifer,Moore,jennifer.moore1726@example.com,804-451-7374,Spokane,WA,United States,2024-09-16,Consumer
CUST01727,Daniel,Davis,daniel.davis1727@example.com,804-722-7062,Tacoma,WA,United States,2023-12-05,Consumer
CUST01728,Charles,Brown,charles.brown1728@example.com,804-126-9022,Jacksonville,FL,United States,2024-01-27,Small Business
CUST01729,Karen,Hernandez,karen.hernandez1729@example.com,804-944-5287,San Jose,CA,United States,2024-09-25,Consumer
CUST01730,Nancy,Brown,nancy.brown1730@example.com,804-713-8933,Chicago,IL,United States,2022-08-20,Consumer
CUST01731,David,Jackson,david.jackson1731@example.com,804-958-6967,Austin,TX,United States,2022-03-19,Consumer
CUST01732,Elizabeth,Anderson,elizabeth.anderson1732@example.com,804-209-4548,San Jose,CA,United States,2023-11-03,Small Business
CUST01733,Michael,Wilson,michael.wilson1733@example.com,804-558-6198,Richmond,VA,United States,2023-05-03,Consumer
CUST01734,Robert,Brown,robert.brown1734@example.com,804-281-8481,New York,NY,United States,2022-03-14,Corporate
CUST01735,Patricia,Jackson,patricia.jackson1735@example.com,804-719-3156,Jacksonville,FL,United States,2025-02-23,Corporate
CUST01736,Linda,Taylor,linda.taylor1736@example.com,804-240-6421,Tampa,FL,United States,2024-04-03,Small Business
CUST01737,Jessica,Wilson,jessica.wilson1737@example.com,804-911-8369,San Jose,CA,United States,2024-11-03,Small Business
CUST01738,Jennifer,Jones,jennifer.jones1738@example.com,804-858-5581,Norfolk,VA,United States,2024-11-10,Small Business
CUST01739,Jessica,Lopez,jessica.lopez1739@example.com,804-614-3111,Spokane,WA,United States,2023-08-13,Corporate
CUST01740,John,Wilson,john.wilson1740@example.com,804-140-1702,New York,NY,United States,2022-10-06,Consumer
CUST01741,Linda,Jackson,linda.jackson1741@example.com,804-234-2896,Springfield,IL,United States,2022-05-29,Corporate
CUST01742,James,Hernandez,james.hernandez1742@example.com,804-308-7974,Rochester,NY,United States,2022-03-11,Small Business
CUST01743,Elizabeth,Martinez,elizabeth.martinez1743@example.com,804-734-9038,Rochester,NY,United States,2024-03-01,Consumer
CUST01744,Linda,Wilson,linda.wilson1744@example.com,804-523-3452,Alexandria,VA,United States,2023-08-23,Small Business
CUST01745,Charles,Garcia,charles.garcia1745@example.com,804-638-4578,Albany,NY,United States,2023-03-05,Consumer
CUST01746,Patricia,Jones,patricia.jones1746@example.com,804-721-3346,Houston,TX,United States,2022-09-16,Small Business
CUST01747,John,Johnson,john.johnson1747@example.com,804-350-7805,Richmond,VA,United States,2022-07-04,Corporate
CUST01748,Karen,Anderson,karen.anderson1748@example.com,804-885-8727,New York,NY,United States,2024-12-26,Corporate
CUST01749,Thomas,Garcia,thomas.garcia1749@example.com,804-575-6256,Tacoma,WA,United States,2023-12-18,Corporate
CUST01750,William,Thomas,william.thomas1750@example.com,804-133-6331,San Antonio,TX,United States,2022-11-13,Consumer
CUST01751,Thomas,Gonzalez,thomas.gonzalez1751@example.com,804-154-3976,Springfield,IL,United States,2022-07-29,Small Business
CUST01752,Sarah,Garcia,sarah.garcia1752@example.com,804-553-4559,San Francisco,CA,United States,2023-03-17,Small Business
CUST01753,James,Hernandez,james.hernandez1753@example.com,804-680-4507,Dallas,TX,United States,2022-11-14,Small Business
CUST01754,Patricia,Wilson,patricia.wilson1754@example.com,804-410-4871,Spokane,WA,United States,2022-06-04,Small Business
CUST01755,Jennifer,Hernandez,jennifer.hernandez1755@example.com,804-976-9850,Naperville,IL,United States,2023-05-16,Consumer
CUST01756,William,Wilson,william.wilson1756@example.com,804-324-3647,San Francisco,CA,United States,2024-08-06,Corporate
CUST01757,Daniel,Hernandez,daniel.hernandez1757@example.com,804-725-2908,Albany,NY,United States,2025-03-28,Consumer
CUST01758,Daniel,Anderson,daniel.anderson1758@example.com,804-550-2144,San Diego,CA,United States,2025-03-15,Consumer
CUST01759,Nancy,Anderson,nancy.anderson1759@example.com,804-602-6355,Bellevue,WA,United States,2022-08-19,Consumer
CUST01760,Charles,Davis,charles.davis1760@example.com,804-237-6968,Dallas,TX,United States,2022-02-27,Corporate
CUST01761,Mary,Moore,mary.moore1761@example.com,804-371-9010,Dallas,TX,United States,2022-03-19,Small Business
CUST01762,Thomas,Taylor,thomas.taylor1762@example.com,804-809-7098,Jacksonville,FL,United States,2023-12-17,Small Business
CUST01763,Karen,Gonzalez,karen.gonzalez1763@example.com,804-384-5949,Los Angeles,CA,United States,2023-02-18,Consumer
CUST01764,Daniel,Jackson,daniel.jackson1764@example.com,804-455-3670,New York,NY,United States,2024-07-31,Consumer
CUST01765,John,Smith,john.smith1765@example.com,804-897-6705,Tacoma,WA,United States,2025-03-28,Small Business
CUST01766,Sarah,Rodriguez,sarah.rodriguez1766@example.com,804-943-4216,Springfield,IL,United States,2022-04-27,Consumer
CUST01767,John,Miller,john.miller1767@example.com,804-217-3378,Peoria,IL,United States,2022-07-10,Corporate
CUST01768,Robert,Brown,robert.brown1768@example.com,804-519-8644,Dallas,TX,United States,2022-08-30,Small Business
CUST01769,John,Brown,john.brown1769@example.com,804-232-3960,San Francisco,CA,United States,2024-04-04,Consumer
CUST01770,Thomas,Jones,thomas.jones1770@example.com,804-354-4243,Naperville,IL,United States,2024-12-19,Small Business
CUST01771,Elizabeth,Jackson,elizabeth.jackson1771@example.com,804-313-9784,San Antonio,TX,United States,2024-02-18,Consumer
CUST01772,Elizabeth,Taylor,elizabeth.taylor1772@example.com,804-202-2476,San Diego,CA,United States,2023-08-01,Corporate
CUST01773,Joseph,Taylor,joseph.taylor1773@example.com,804-780-6351,Austin,TX,United States,2022-01-18,Consumer
CUST01774,Robert,Smith,robert.smith1774@example.com,804-838-7234,Tacoma,WA,United States,2024-01-22,Consumer
CUST01775,James,Miller,james.miller1775@example.com,804-608-1279,Naperville,IL,United States,2022-09-20,Consumer
CUST01776,Robert,Rodriguez,robert.rodriguez1776@example.com,804-434-9841,San Antonio,TX,United States,2024-01-06,Corporate
CUST01777,Robert,Miller,robert.miller1777@example.com,804-860-3558,Seattle,WA,United States,2023-06-16,Consumer
CUST01778,Mary,Wilson,mary.wilson1778@example.com,804-336-9107,San Jose,CA,United States,2022-11-28,Corporate
CUST01779,Mary,Anderson,mary.anderson1779@example.com,804-982-1366,Chicago,IL,United States,2024-06-02,Corporate
CUST01780,Elizabeth,Taylor,elizabeth.taylor1780@example.com,804-367-3598,Chicago,IL,United States,2023-12-03,Small Business
CUST01781,Elizabeth,Johnson,elizabeth.johnson1781@example.com,804-730-6950,Houston,TX,United States,2022-09-13,Corporate
CUST01782,Thomas,Lopez,thomas.lopez1782@example.com,804-553-6702,Norfolk,VA,United States,2022-05-13,Corporate
CUST01783,Linda,Rodriguez,linda.rodriguez1783@example.com,804-572-8113,Richmond,VA,United States,2022-10-08,Consumer
CUST01784,Patricia,Taylor,patricia.taylor1784@example.com,804-925-7759,Los Angeles,CA,United States,2023-03-01,Small Business
CUST01785,William,Williams,william.williams1785@example.com,804-143-9919,Virginia Beach,VA,United States,2024-05-17,Consumer
CUST01786,Susan,Anderson,susan.anderson1786@example.com,804-450-1996,San Diego,CA,United States,2022-03-04,Corporate
CUST01787,Jessica,Anderson,jessica.anderson1787@example.com,804-829-4755,San Diego,CA,United States,2022-04-21,Corporate
CUST01788,Elizabeth,Lopez,elizabeth.lopez1788@example.com,804-304-7563,Tampa,FL,United States,2024-10-04,Consumer
CUST01789,James,Jackson,james.jackson1789@example.com,804-980-9652,Virginia Beach,VA,United States,2023-12-16,Small Business
CUST01790,Jessica,Martin,jessica.martin1790@example.com,804-223-1089,Rochester,NY,United States,2022-03-02,Corporate
CUST01791,Michael,Martin,michael.martin1791@example.com,804-958-8167,Virginia Beach,VA,United States,2024-06-19,Corporate
CUST01792,Susan,Jackson,susan.jackson1792@example.com,804-119-1525,San Diego,CA,United States,2022-10-11,Consumer
CUST01793,Jessica,Brown,jessica.brown1793@example.com,804-914-2908,Albany,NY,United States,2022-02-21,Consumer
CUST01794,Thomas,Brown,thomas.brown1794@example.com,804-368-4865,New York,NY,United States,2022-02-10,Small Business
CUST01795,Daniel,Rodriguez,daniel.rodriguez1795@example.com,804-783-2077,Miami,FL,United States,2023-10-08,Corporate
CUST01796,Nancy,Martin,nancy.martin1796@example.com,804-950-9141,Miami,FL,United States,2023-09-02,Corporate
CUST01797,Sarah,Davis,sarah.davis1797@example.com,804-704-8192,Chicago,IL,United States,2023-02-11,Small Business
CUST01798,Nancy,Moore,nancy.moore1798@example.com,804-491-2631,Naperville,IL,United States,2022-07-29,Consumer
CUST01799,Mary,Thomas,mary.thomas1799@example.com,804-950-3854,Norfolk,VA,United States,2023-05-24,Corporate
CUST01800,Charles,Jackson,charles.jackson1800@example.com,804-725-8308,Tampa,FL,United States,2025-03-10,Consumer
CUST01801,William,Garcia,william.garcia1801@example.com,804-578-1835,Virginia Beach,VA,United States,2022-02-23,Small Business
CUST01802,Jennifer,Brown,jennifer.brown1802@example.com,804-776-1449,San Francisco,CA,United States,2022-04-23,Small Business
CUST01803,Patricia,Moore,patricia.moore1803@example.com,804-800-9404,Seattle,WA,United States,2023-04-27,Small Business
CUST01804,Daniel,Anderson,daniel.anderson1804@example.com,804-122-9806,Houston,TX,United States,2022-06-21,Small Business
CUST01805,Charles,Smith,charles.smith1805@example.com,804-366-5982,Seattle,WA,United States,2025-01-24,Small Business
CUST01806,Thomas,Lopez,thomas.lopez1806@example.com,804-619-7124,Orlando,FL,United States,2025-03-15,Corporate
CUST01807,Mary,Smith,mary.smith1807@example.com,804-427-8754,New York,NY,United States,2024-05-07,Small Business
CUST01808,Michael,Gonzalez,michael.gonzalez1808@example.com,804-512-2499,Miami,FL,United States,2023-09-06,Small Business
CUST01809,Charles,Thomas,charles.thomas1809@example.com,804-786-7938,Naperville,IL,United States,2022-12-05,Small Business
CUST01810,Joseph,Jackson,joseph.jackson1810@example.com,804-144-6810,Peoria,IL,United States,2022-04-13,Consumer
CUST01811,John,Jackson,john.jackson1811@example.com,804-145-9099,Richmond,VA,United States,2023-12-28,Small Business
CUST01812,Elizabeth,Moore,elizabeth.moore1812@example.com,804-462-2753,Orlando,FL,United States,2023-11-14,Corporate
CUST01813,Joseph,Garcia,joseph.garcia1813@example.com,804-389-7165,New York,NY,United States,2024-05-13,Corporate
CUST01814,Nancy,Wilson,nancy.wilson1814@example.com,804-419-3485,San Jose,CA,United States,2024-07-16,Consumer
CUST01815,David,Brown,david.brown1815@example.com,804-693-4983,Virginia Beach,VA,United States,2022-11-24,Small Business
CUST01816,Robert,Smith,robert.smith1816@example.com,804-509-9727,Orlando,FL,United States,2023-06-29,Small Business
CUST01817,Jessica,Jones,jessica.jones1817@example.com,804-870-9637,Rochester,NY,United States,2024-09-09,Corporate
CUST01818,James,Martin,james.martin1818@example.com,804-175-4513,Seattle,WA,United States,2022-07-02,Consumer
CUST01819,Linda,Lopez,linda.lopez1819@example.com,804-210-4811,Springfield,IL,United States,2023-02-23,Consumer
CUST01820,James,Hernandez,james.hernandez1820@example.com,804-428-9372,Dallas,TX,United States,2022-03-31,Consumer
CUST01821,James,Garcia,james.garcia1821@example.com,804-248-5295,Albany,NY,United States,2023-09-11,Consumer
CUST01822,Mary,Miller,mary.miller1822@example.com,804-906-7822,Naperville,IL,United States,2023-07-15,Corporate
CUST01823,Sarah,Williams,sarah.williams1823@example.com,804-651-9955,Tacoma,WA,United States,2023-06-14,Small Business
CUST01824,James,Gonzalez,james.gonzalez1824@example.com,804-181-8255,Virginia Beach,VA,United States,2022-07-18,Corporate
CUST01825,Patricia,Davis,patricia.davis1825@example.com,804-741-7169,Spokane,WA,United States,2023-01-14,Corporate
CUST01826,Karen,Martin,karen.martin1826@example.com,804-662-8214,Tacoma,WA,United States,2024-03-21,Corporate
CUST01827,Elizabeth,Williams,elizabeth.williams1827@example.com,804-922-1807,Albany,NY,United States,2023-06-19,Consumer
CUST01828,Nancy,Garcia,nancy.garcia1828@example.com,804-813-7250,San Francisco,CA,United States,2024-01-10,Small Business
CUST01829,Sarah,Williams,sarah.williams1829@example.com,804-650-7469,Richmond,VA,United States,2023-04-11,Consumer
CUST01830,Robert,Brown,robert.brown1830@example.com,804-713-1914,Tampa,FL,United States,2023-11-03,Corporate
CUST01831,Nancy,Jackson,nancy.jackson1831@example.com,804-694-5099,Buffalo,NY,United States,2023-09-04,Consumer
CUST01832,Joseph,Rodriguez,joseph.rodriguez1832@example.com,804-520-1819,Bellevue,WA,United States,2024-06-02,Corporate
CUST01833,James,Martinez,james.martinez1833@example.com,804-874-8259,Rochester,NY,United States,2024-01-16,Corporate
CUST01834,Thomas,Martinez,thomas.martinez1834@example.com,804-900-9297,Spokane,WA,United States,2023-03-29,Small Business
CUST01835,Susan,Rodriguez,susan.rodriguez1835@example.com,804-974-4019,Bellevue,WA,United States,2024-02-20,Corporate
CUST01836,Patricia,Gonzalez,patricia.gonzalez1836@example.com,804-154-1150,Naperville,IL,United States,2023-12-12,Small Business
CUST01837,Jennifer,Brown,jennifer.brown1837@example.com,804-880-8404,Dallas,TX,United States,2023-08-26,Corporate
CUST01838,Sarah,Martinez,sarah.martinez1838@example.com,804-168-7392,Virginia Beach,VA,United States,2023-10-10,Consumer
CUST01839,Patricia,Williams,patricia.williams1839@example.com,804-754-7361,Albany,NY,United States,2024-12-28,Consumer
CUST01840,Karen,Smith,karen.smith1840@example.com,804-592-9102,San Francisco,CA,United States,2024-11-23,Small Business
CUST01841,Jennifer,Jackson,jennifer.jackson1841@example.com,804-921-5476,Tampa,FL,United States,2024-06-28,Corporate
CUST01842,William,Garcia,william.garcia1842@example.com,804-847-2817,Peoria,IL,United States,2022-06-05,Consumer
CUST01843,Linda,Thomas,linda.thomas1843@example.com,804-813-7322,Buffalo,NY,United States,2024-05-30,Small Business
CUST01844,Jennifer,Lopez,jennifer.lopez1844@example.com,804-226-4810,Buffalo,NY,United States,2023-09-27,Small Business
CUST01845,William,Johnson,william.johnson1845@example.com,804-768-7019,San Francisco,CA,United States,2023-06-06,Corporate
CUST01846,Robert,Miller,robert.miller1846@example.com,804-298-3525,Seattle,WA,United States,2022-08-17,Small Business
CUST01847,Karen,Martin,karen.martin1847@example.com,804-548-7523,Bellevue,WA,United States,2022-06-23,Consumer
CUST01848,Jennifer,Thomas,jennifer.thomas1848@example.com,804-651-7217,Houston,TX,United States,2023-01-28,Small Business
CUST01849,Sarah,Lopez,sarah.lopez1849@example.com,804-920-2102,Chicago,IL,United States,2025-01-16,Small Business
CUST01850,Mary,Rodriguez,mary.rodriguez1850@example.com,804-723-4760,Buffalo,NY,United States,2022-03-09,Corporate
CUST01851,Robert,Rodriguez,robert.rodriguez1851@example.com,804-412-1193,Orlando,FL,United States,2023-11-09,Consumer
CUST01852,Patricia,Taylor,patricia.taylor1852@example.com,804-617-5695,San Francisco,CA,United States,2024-06-21,Small Business
CUST01853,Susan,Garcia,susan.garcia1853@example.com,804-367-5290,Albany,NY,United States,2023-06-05,Corporate
CUST01854,Karen,Lopez,karen.lopez1854@example.com,804-734-4562,Chicago,IL,United States,2024-08-31,Corporate
CUST01855,James,Hernandez,james.hernandez1855@example.com,804-567-9230,Houston,TX,United States,2022-10-29,Small Business
CUST01856,Joseph,Martin,joseph.martin1856@example.com,804-895-3539,Jacksonville,FL,United States,2024-12-16,Small Business
CUST01857,David,Thomas,david.thomas1857@example.com,804-380-8363,Orlando,FL,United States,2024-09-08,Small Business
CUST01858,Mary,Williams,mary.williams1858@example.com,804-374-3165,Bellevue,WA,United States,2023-06-02,Consumer
CUST01859,Daniel,Anderson,daniel.anderson1859@example.com,804-911-2690,Dallas,TX,United States,2023-05-03,Consumer
CUST01860,Karen,Thomas,karen.thomas1860@example.com,804-315-3824,San Francisco,CA,United States,2022-11-18,Small Business
CUST01861,Daniel,Moore,daniel.moore1861@example.com,804-145-2916,Dallas,TX,United States,2022-10-26,Consumer
CUST01862,James,Smith,james.smith1862@example.com,804-488-2877,San Francisco,CA,United States,2024-08-02,Consumer
CUST01863,Nancy,Moore,nancy.moore1863@example.com,804-111-9974,Bellevue,WA,United States,2024-03-02,Consumer
CUST01864,Joseph,Williams,joseph.williams1864@example.com,804-396-6231,New York,NY,United States,2023-04-27,Small Business
CUST01865,Daniel,Taylor,daniel.taylor1865@example.com,804-531-3265,Seattle,WA,United States,2024-09-15,Consumer
CUST01866,Daniel,Hernandez,daniel.hernandez1866@example.com,804-303-1276,Seattle,WA,United States,2022-03-13,Corporate
CUST01867,Jennifer,Smith,jennifer.smith1867@example.com,804-488-8168,Albany,NY,United States,2023-11-06,Consumer
CUST01868,Mary,Wilson,mary.wilson1868@example.com,804-194-2209,Alexandria,VA,United States,2024-05-14,Consumer
CUST01869,Susan,Martinez,susan.martinez1869@example.com,804-388-1025,Seattle,WA,United States,2022-07-04,Corporate
CUST01870,Nancy,Jackson,nancy.jackson1870@example.com,804-729-1246,Rochester,NY,United States,2022-03-27,Corporate
CUST01871,Jessica,Wilson,jessica.wilson1871@example.com,804-244-7191,Orlando,FL,United States,2023-08-26,Small Business
CUST01872,Joseph,Garcia,joseph.garcia1872@example.com,804-339-9846,Alexandria,VA,United States,2022-02-01,Corporate
CUST01873,Daniel,Brown,daniel.brown1873@example.com,804-131-7078,Alexandria,VA,United States,2022-05-29,Small Business
CUST01874,John,Jackson,john.jackson1874@example.com,804-342-3072,Alexandria,VA,United States,2022-02-17,Consumer
CUST01875,Susan,Anderson,susan.anderson1875@example.com,804-409-2288,Tacoma,WA,United States,2024-02-18,Small Business
CUST01876,Daniel,Lopez,daniel.lopez1876@example.com,804-443-9363,Houston,TX,United States,2024-08-02,Corporate
CUST01877,Sarah,Anderson,sarah.anderson1877@example.com,804-403-7309,New York,NY,United States,2022-10-10,Small Business
CUST01878,Karen,Moore,karen.moore1878@example.com,804-829-7599,Austin,TX,United States,2022-07-08,Consumer
CUST01879,Robert,Martin,robert.martin1879@example.com,804-176-8360,Norfolk,VA,United States,2024-11-15,Consumer
CUST01880,William,Lopez,william.lopez1880@example.com,804-454-5811,Buffalo,NY,United States,2022-08-04,Corporate
CUST01881,David,Wilson,david.wilson1881@example.com,,Tacoma,WA,United States,2022-01-06,Corporate
CUST01882,Daniel,Smith,daniel.smith1882@example.com,804-508-4597,Chicago,IL,United States,2022-05-10,Small Business
CUST01883,Mary,Anderson,mary.anderson1883@example.com,804-967-8700,Dallas,TX,United States,2022-10-06,Consumer
CUST01884,Nancy,Hernandez,nancy.hernandez1884@example.com,804-191-8954,Naperville,IL,United States,2022-01-11,Small Business
CUST01885,Charles,Garcia,charles.garcia1885@example.com,804-192-3232,Austin,TX,United States,2024-07-15,Corporate
CUST01886,Karen,Lopez,karen.lopez1886@example.com,804-905-6757,San Francisco,CA,United States,2022-05-15,Small Business
CUST01887,Mary,Williams,mary.williams1887@example.com,804-282-8599,San Jose,CA,United States,2022-01-03,Consumer
CUST01888,David,Garcia,david.garcia1888@example.com,804-332-8218,Richmond,VA,United States,2022-03-31,Consumer
CUST01889,Mary,Johnson,mary.johnson1889@example.com,804-421-1240,Richmond,VA,United States,2024-05-31,Consumer
CUST01890,John,Taylor,john.taylor1890@example.com,804-815-5801,Tampa,FL,United States,2025-02-24,Consumer
CUST01891,Daniel,Taylor,daniel.taylor1891@example.com,804-318-7752,Alexandria,VA,United States,2025-02-11,Corporate
CUST01892,Sarah,Brown,sarah.brown1892@example.com,804-585-4312,Richmond,VA,United States,2024-11-20,Corporate
CUST01893,John,Johnson,john.johnson1893@example.com,804-460-7607,Albany,NY,United States,2022-04-03,Consumer
CUST01894,Elizabeth,Miller,elizabeth.miller1894@example.com,804-636-4964,Spokane,WA,United States,2024-06-15,Corporate
CUST01895,Charles,Johnson,charles.johnson1895@example.com,804-139-8033,Norfolk,VA,United States,2025-01-22,Corporate
CUST01896,William,Martinez,william.martinez1896@example.com,804-281-6208,Orlando,FL,United States,2025-01-25,Consumer
CUST01897,Elizabeth,Gonzalez,elizabeth.gonzalez1897@example.com,804-154-8299,Houston,TX,United States,2023-11-09,Corporate
CUST01898,Joseph,Lopez,joseph.lopez1898@example.com,804-472-7505,Norfolk,VA,United States,2023-12-23,Consumer
CUST01899,James,Martin,james.martin1899@example.com,804-143-9083,San Jose,CA,United States,2023-10-27,Small Business
CUST01900,Nancy,Brown,nancy.brown1900@example.com,804-573-9315,Houston,TX,United States,2022-06-20,Corporate
CUST01901,James,Jones,james.jones1901@example.com,804-155-3902,Albany,NY,United States,2024-06-30,Consumer
CUST01902,Nancy,Lopez,nancy.lopez1902@example.com,804-798-3902,Austin,TX,United States,2023-07-03,Consumer
CUST01903,Jennifer,Anderson,jennifer.anderson1903@example.com,804-261-7843,Albany,NY,United States,2022-05-02,Small Business
CUST01904,Patricia,Hernandez,patricia.hernandez1904@example.com,804-802-5253,Dallas,TX,United States,2023-12-12,Corporate
CUST01905,Mary,Anderson,mary.anderson1905@example.com,804-883-8257,New York,NY,United States,2024-10-05,Small Business
CUST01906,Nancy,Moore,nancy.moore1906@example.com,804-128-4778,San Jose,CA,United States,2024-01-20,Small Business
CUST01907,James,Gonzalez,james.gonzalez1907@example.com,804-308-2941,Buffalo,NY,United States,2023-09-15,Consumer
CUST01908,Mary,Miller,mary.miller1908@example.com,804-815-5656,Richmond,VA,United States,2024-11-03,Consumer
CUST01909,Nancy,Brown,nancy.brown1909@example.com,804-467-6670,Austin,TX,United States,2022-12-23,Consumer
CUST01910,David,Jones,david.jones1910@example.com,804-134-1971,San Jose,CA,United States,2024-03-05,Corporate
CUST01911,Daniel,Smith,daniel.smith1911@example.com,804-538-9970,Chicago,IL,United States,2024-03-25,Consumer
CUST01912,Thomas,Thomas,thomas.thomas1912@example.com,804-612-5375,New York,NY,United States,2023-05-10,Small Business
CUST01913,Michael,Miller,michael.miller1913@example.com,804-815-7143,Tampa,FL,United States,2023-09-21,Consumer
CUST01914,Thomas,Gonzalez,thomas.gonzalez1914@example.com,804-108-4571,Tacoma,WA,United States,2023-11-16,Consumer
CUST01915,John,Thomas,john.thomas1915@example.com,804-233-7408,San Antonio,TX,United States,2023-10-04,Consumer
CUST01916,William,Garcia,william.garcia1916@example.com,804-819-3448,Miami,FL,United States,2023-01-18,Consumer
CUST01917,Patricia,Williams,patricia.williams1917@example.com,804-758-7910,Los Angeles,CA,United States,2025-03-16,Small Business
CUST01918,Karen,Moore,karen.moore1918@example.com,804-255-2911,Norfolk,VA,United States,2023-05-13,Consumer
CUST01919,Robert,Martin,robert.martin1919@example.com,804-442-9897,San Jose,CA,United States,2023-11-17,Corporate
CUST01920,Jennifer,Williams,jennifer.williams1920@example.com,804-504-1760,San Antonio,TX,United States,2023-10-01,Consumer
CUST01921,Jennifer,Smith,jennifer.smith1921@example.com,804-462-9530,Springfield,IL,United States,2024-07-26,Consumer
CUST01922,Thomas,Smith,thomas.smith1922@example.com,804-217-2488,Springfield,IL,United States,2022-01-03,Corporate
CUST01923,Karen,Smith,karen.smith1923@example.com,804-201-3800,Dallas,TX,United States,2024-06-02,Consumer
CUST01924,Patricia,Taylor,patricia.taylor1924@example.com,804-679-2547,Jacksonville,FL,United States,2022-01-09,Corporate
CUST01925,Jessica,Miller,jessica.miller1925@example.com,804-663-2336,Tampa,FL,United States,2023-11-12,Small Business
CUST01926,Thomas,Thomas,thomas.thomas1926@example.com,804-629-1728,Houston,TX,United States,2024-02-21,Small Business
CUST01927,David,Davis,david.davis1927@example.com,804-484-3532,Virginia Beach,VA,United States,2022-05-18,Small Business
CUST01928,Jennifer,Taylor,jennifer.taylor1928@example.com,804-773-2572,Albany,NY,United States,2023-09-29,Small Business
CUST01929,Sarah,Garcia,sarah.garcia1929@example.com,804-318-5825,Los Angeles,CA,United States,2022-12-30,Small Business
CUST01930,Linda,Jones,linda.jones1930@example.com,804-190-5545,Springfield,IL,United States,2022-05-02,Corporate
CUST01931,Michael,Jones,michael.jones1931@example.com,804-468-4215,Chicago,IL,United States,2022-05-16,Small Business
CUST01932,James,Jones,james.jones1932@example.com,804-831-3445,San Diego,CA,United States,2022-04-14,Consumer
CUST01933,Thomas,Thomas,thomas.thomas1933@example.com,804-481-4177,Buffalo,NY,United States,2022-07-31,Consumer
CUST01934,Charles,Williams,,804-359-7485,Norfolk,VA,United States,2022-04-07,Consumer
CUST01935,Mary,Lopez,mary.lopez1935@example.com,804-570-6830,Springfield,IL,United States,2024-06-20,Corporate
CUST01936,Karen,Davis,karen.davis1936@example.com,804-265-2468,Houston,TX,United States,2022-02-16,Corporate
CUST01937,John,Thomas,john.thomas1937@example.com,804-696-9698,Rochester,NY,United States,2022-03-25,Consumer
CUST01938,William,Davis,william.davis1938@example.com,804-496-7420,Spokane,WA,United States,2022-05-17,Consumer
CUST01939,Michael,Brown,michael.brown1939@example.com,804-157-7011,Alexandria,VA,United States,2022-01-29,Corporate
CUST01940,Jessica,Gonzalez,jessica.gonzalez1940@example.com,804-817-7455,Richmond,VA,United States,2024-02-24,Consumer
CUST01941,Joseph,Lopez,joseph.lopez1941@example.com,804-393-5173,New York,NY,United States,2023-09-13,Corporate
CUST01942,Jessica,Gonzalez,jessica.gonzalez1942@example.com,804-681-7829,Austin,TX,United States,2023-01-22,Corporate
CUST01943,Joseph,Garcia,joseph.garcia1943@example.com,804-494-3206,Virginia Beach,VA,United States,2022-09-23,Corporate
CUST01944,Elizabeth,Jones,elizabeth.jones1944@example.com,804-948-6628,Buffalo,NY,United States,2024-04-21,Small Business
CUST01945,Robert,Brown,robert.brown1945@example.com,804-708-2607,Chicago,IL,United States,2024-12-29,Small Business
CUST01946,Linda,Martinez,linda.martinez1946@example.com,804-369-4614,Seattle,WA,United States,2025-03-15,Consumer
CUST01947,Robert,Martinez,robert.martinez1947@example.com,804-473-9710,Virginia Beach,VA,United States,2024-01-19,Consumer
CUST01948,Michael,Johnson,michael.johnson1948@example.com,804-823-6993,Tacoma,WA,United States,2022-06-08,Small Business
CUST01949,Susan,Rodriguez,susan.rodriguez1949@example.com,804-791-5400,Rochester,NY,United States,2024-03-10,Corporate
CUST01950,Daniel,Rodriguez,daniel.rodriguez1950@example.com,804-345-8153,Naperville,IL,United States,2023-02-13,Corporate
CUST01951,William,Gonzalez,william.gonzalez1951@example.com,804-313-5593,Alexandria,VA,United States,2022-05-11,Consumer
CUST01952,Susan,Smith,susan.smith1952@example.com,804-958-6019,Miami,FL,United States,2025-03-18,Small Business
CUST01953,Joseph,Martin,joseph.martin1953@example.com,804-490-7505,Austin,TX,United States,2024-01-31,Corporate
CUST01954,Linda,Smith,linda.smith1954@example.com,804-476-2944,Norfolk,VA,United States,2022-10-07,Corporate
CUST01955,Elizabeth,Johnson,elizabeth.johnson1955@example.com,804-300-5060,Naperville,IL,United States,2025-01-20,Consumer
CUST01956,Elizabeth,Hernandez,elizabeth.hernandez1956@example.com,804-680-7760,Buffalo,NY,United States,2022-04-25,Consumer
CUST01957,Patricia,Smith,patricia.smith1957@example.com,804-941-6837,Los Angeles,CA,United States,2024-10-12,Consumer
CUST01958,Susan,Moore,susan.moore1958@example.com,804-425-3562,Richmond,VA,United States,2025-02-14,Consumer
CUST01959,William,Garcia,william.garcia1959@example.com,804-964-9160,Alexandria,VA,United States,2023-06-16,Consumer
CUST01960,Jennifer,Smith,jennifer.smith1960@example.com,804-327-8286,Peoria,IL,United States,2023-12-01,Corporate
CUST01961,Joseph,Hernandez,joseph.hernandez1961@example.com,804-103-2826,Virginia Beach,VA,United States,2023-02-04,Corporate
CUST01962,Mary,Lopez,mary.lopez1962@example.com,804-164-1402,Tacoma,WA,United States,2024-06-18,Corporate
CUST01963,Mary,Johnson,mary.johnson1963@example.com,804-846-3097,San Diego,CA,United States,2024-09-17,Consumer
CUST01964,Michael,Brown,michael.brown1964@example.com,804-687-3022,Richmond,VA,United States,2023-09-09,Consumer
CUST01965,John,Thomas,john.thomas1965@example.com,804-302-7194,Houston,TX,United States,2023-02-11,Small Business
CUST01966,Charles,Gonzalez,charles.gonzalez1966@example.com,804-843-8940,Houston,TX,United States,2023-01-17,Consumer
CUST01967,Nancy,Lopez,nancy.lopez1967@example.com,804-273-3470,Tacoma,WA,United States,2023-04-26,Small Business
CUST01968,Linda,Martin,linda.martin1968@example.com,804-472-8760,Dallas,TX,United States,2022-01-03,Small Business
CUST01969,Linda,Lopez,linda.lopez1969@example.com,804-537-2427,Dallas,TX,United States,2023-04-10,Small Business
CUST01970,Joseph,Williams,joseph.williams1970@example.com,804-291-7374,San Francisco,CA,United States,2022-04-04,Small Business
CUST01971,Charles,Garcia,charles.garcia1971@example.com,804-201-1231,Tacoma,WA,United States,2024-02-20,Corporate
CUST01972,Susan,Moore,susan.moore1972@example.com,804-782-8122,Dallas,TX,United States,2022-07-03,Small Business
CUST01973,William,Gonzalez,william.gonzalez1973@example.com,804-871-5303,Virginia Beach,VA,United States,2023-10-27,Consumer
CUST01974,Michael,Jones,michael.jones1974@example.com,804-749-2738,Dallas,TX,United States,2024-11-07,Small Business
CUST01975,Susan,Moore,susan.moore1975@example.com,804-851-6795,Springfield,IL,United States,2023-01-13,Corporate
CUST01976,Nancy,Hernandez,nancy.hernandez1976@example.com,804-348-8844,Austin,TX,United States,2022-04-11,Consumer
CUST01977,Karen,Johnson,karen.johnson1977@example.com,804-207-4871,Rochester,NY,United States,2024-10-04,Consumer
CUST01978,Karen,Martinez,karen.martinez1978@example.com,804-252-1222,Seattle,WA,United States,2025-02-24,Small Business
CUST01979,Jennifer,Gonzalez,jennifer.gonzalez1979@example.com,804-779-7542,Chicago,IL,United States,2024-11-07,Consumer
CUST01980,Susan,Gonzalez,susan.gonzalez1980@example.com,804-146-6923,San Jose,CA,United States,2023-07-21,Corporate
CUST01981,Jennifer,Williams,jennifer.williams1981@example.com,804-173-2269,New York,NY,United States,2024-05-26,Small Business
CUST01982,David,Wilson,david.wilson1982@example.com,804-690-7159,New York,NY,United States,2025-03-12,Small Business
CUST01983,Thomas,Moore,thomas.moore1983@example.com,804-588-1008,Norfolk,VA,United States,2023-01-14,Consumer
CUST01984,Jennifer,Smith,jennifer.smith1984@example.com,804-846-2471,San Francisco,CA,United States,2022-07-16,Consumer
CUST01985,Daniel,Davis,daniel.davis1985@example.com,804-644-8436,Bellevue,WA,United States,2024-04-06,Corporate
CUST01986,Sarah,Miller,sarah.miller1986@example.com,804-595-4790,San Diego,CA,United States,2024-05-23,Consumer
CUST01987,Jennifer,Jones,jennifer.jones1987@example.com,804-447-9690,Alexandria,VA,United States,2022-02-27,Small Business
CUST01988,Jessica,Lopez,jessica.lopez1988@example.com,804-307-2888,Dallas,TX,United States,2025-03-16,Small Business
CUST01989,David,Martinez,david.martinez1989@example.com,804-752-6486,Houston,TX,United States,2024-11-15,Consumer
CUST01990,Jennifer,Brown,jennifer.brown1990@example.com,804-893-6719,Miami,FL,United States,2023-12-22,Corporate
CUST01991,Elizabeth,Jackson,elizabeth.jackson1991@example.com,804-107-1818,Peoria,IL,United States,2023-08-05,Consumer
CUST01992,Thomas,Gonzalez,thomas.gonzalez1992@example.com,804-608-7568,Albany,NY,United States,2025-01-20,Corporate
CUST01993,Elizabeth,Williams,elizabeth.williams1993@example.com,804-536-1553,Virginia Beach,VA,United States,2024-02-29,Corporate
CUST01994,Jessica,Davis,jessica.davis1994@example.com,804-303-1616,Albany,NY,United States,2023-03-28,Small Business
CUST01995,Daniel,Wilson,daniel.wilson1995@example.com,804-180-2800,Orlando,FL,United States,2024-08-09,Small Business
CUST01996,Daniel,Gonzalez,daniel.gonzalez1996@example.com,804-811-7077,Austin,TX,United States,2023-02-26,Small Business
CUST01997,Susan,Lopez,susan.lopez1997@example.com,804-573-7775,San Diego,CA,United States,2024-12-19,Small Business
CUST01998,John,Hernandez,john.hernandez1998@example.com,804-970-6495,Tampa,FL,United States,2024-12-10,Small Business
CUST01999,Jessica,Wilson,jessica.wilson1999@example.com,804-995-5786,Austin,TX,United States,2023-11-08,Small Business
CUST02000,John,Martinez,john.martinez2000@example.com,804-717-5007,Miami,FL,United States,2024-03-21,Small Business
CUST02001,William,Rodriguez,william.rodriguez2001@example.com,804-688-5417,Jacksonville,FL,United States,2023-08-07,Corporate
CUST02002,Karen,Garcia,karen.garcia2002@example.com,804-436-9200,Dallas,TX,United States,2022-04-08,Corporate
CUST02003,Michael,Jackson,michael.jackson2003@example.com,804-261-2697,Naperville,IL,United States,2022-07-24,Consumer
CUST02004,Thomas,Jones,thomas.jones2004@example.com,804-879-1710,San Diego,CA,United States,2022-08-24,Corporate
CUST02005,Charles,Lopez,charles.lopez2005@example.com,804-444-8743,Austin,TX,United States,2024-04-25,Small Business
CUST02006,Mary,Davis,mary.davis2006@example.com,804-680-8091,Los Angeles,CA,United States,2023-09-11,Corporate
CUST02007,Nancy,Davis,nancy.davis2007@example.com,804-854-6828,Miami,FL,United States,2022-02-26,Consumer
CUST02008,Thomas,Hernandez,thomas.hernandez2008@example.com,804-823-7416,Bellevue,WA,United States,2023-12-31,Consumer
CUST02009,Sarah,Smith,sarah.smith2009@example.com,804-724-4578,Jacksonville,FL,United States,2022-06-11,Consumer
CUST02010,Elizabeth,Miller,elizabeth.miller2010@example.com,804-326-2386,Albany,NY,United States,2024-03-23,Consumer
CUST02011,Susan,Johnson,susan.johnson2011@example.com,804-948-7674,Austin,TX,United States,2023-01-11,Consumer
CUST02012,Mary,Davis,mary.davis2012@example.com,804-287-5343,Austin,TX,United States,2024-07-25,Corporate
CUST02013,Elizabeth,Davis,elizabeth.davis2013@example.com,804-859-7492,Peoria,IL,United States,2024-05-01,Small Business
CUST02014,David,Jones,david.jones2014@example.com,804-151-3506,Tampa,FL,United States,2024-02-21,Small Business
CUST02015,Sarah,Anderson,sarah.anderson2015@example.com,804-292-1615,New York,NY,United States,2024-08-11,Corporate
CUST02016,Robert,Davis,robert.davis2016@example.com,804-265-5592,Tampa,FL,United States,2022-04-07,Corporate
CUST02017,David,Garcia,david.garcia2017@example.com,804-256-4830,Dallas,TX,United States,2022-10-01,Consumer
CUST02018,Joseph,Jackson,joseph.jackson2018@example.com,804-335-1359,San Diego,CA,United States,2023-02-23,Consumer
CUST02019,Thomas,Williams,thomas.williams2019@example.com,804-473-1175,Chicago,IL,United States,2024-05-26,Corporate
CUST02020,Sarah,Martin,sarah.martin2020@example.com,804-866-1928,Tampa,FL,United States,2023-10-08,Consumer
CUST02021,Mary,Williams,mary.williams2021@example.com,804-935-8989,Dallas,TX,United States,2025-02-12,Consumer
CUST02022,Robert,Johnson,robert.johnson2022@example.com,804-918-1268,Austin,TX,United States,2024-07-27,Consumer
CUST02023,Jennifer,Jones,jennifer.jones2023@example.com,804-549-7776,New York,NY,United States,2024-02-04,Corporate
CUST02024,Patricia,Thomas,patricia.thomas2024@example.com,804-523-2734,Peoria,IL,United States,2023-10-20,Small Business
CUST02025,Jennifer,Rodriguez,jennifer.rodriguez2025@example.com,804-654-4725,San Francisco,CA,United States,2024-01-07,Small Business
CUST02026,Sarah,Jones,sarah.jones2026@example.com,804-424-1657,New York,NY,United States,2023-01-04,Small Business
CUST02027,Joseph,Moore,joseph.moore2027@example.com,804-353-8953,Albany,NY,United States,2024-11-04,Consumer
CUST02028,John,Garcia,john.garcia2028@example.com,804-148-2953,San Diego,CA,United States,2022-06-23,Small Business
CUST02029,Linda,Lopez,linda.lopez2029@example.com,804-565-1810,Peoria,IL,United States,2022-04-13,Corporate
CUST02030,Linda,Martin,linda.martin2030@example.com,804-734-5125,Austin,TX,United States,2022-08-01,Small Business
CUST02031,Patricia,Thomas,patricia.thomas2031@example.com,804-604-7353,San Diego,CA,United States,2022-12-26,Small Business
CUST02032,Thomas,Garcia,thomas.garcia2032@example.com,804-253-3364,Houston,TX,United States,2024-01-09,Consumer
CUST02033,David,Rodriguez,david.rodriguez2033@example.com,804-857-1024,Jacksonville,FL,United States,2023-01-29,Small Business
CUST02034,Elizabeth,Martinez,elizabeth.martinez2034@example.com,804-614-9496,Rochester,NY,United States,2022-02-07,Corporate
CUST02035,David,Smith,david.smith2035@example.com,804-110-7130,Rochester,NY,United States,2022-02-12,Small Business
CUST02036,Susan,Williams,susan.williams2036@example.com,804-608-5216,Tampa,FL,United States,2023-01-24,Small Business
CUST02037,Jessica,Miller,jessica.miller2037@example.com,804-374-4030,Austin,TX,United States,2024-04-28,Corporate
CUST02038,Jennifer,Garcia,jennifer.garcia2038@example.com,804-182-7543,Buffalo,NY,United States,2022-02-05,Corporate
CUST02039,Nancy,Jones,nancy.jones2039@example.com,804-254-5683,San Jose,CA,United States,2025-03-18,Consumer
CUST02040,Jessica,Miller,jessica.miller2040@example.com,804-875-7590,San Diego,CA,United States,2023-10-13,Consumer
CUST02041,Robert,Wilson,robert.wilson2041@example.com,804-541-7176,Austin,TX,United States,2023-01-04,Consumer
CUST02042,Charles,Smith,charles.smith2042@example.com,804-309-2752,Naperville,IL,United States,2022-07-18,Consumer
CUST02043,Mary,Johnson,mary.johnson2043@example.com,804-938-2371,Buffalo,NY,United States,2022-11-18,Consumer
CUST02044,Jennifer,Williams,jennifer.williams2044@example.com,804-828-7102,Albany,NY,United States,2024-11-13,Small Business
CUST02045,Jessica,Moore,jessica.moore2045@example.com,804-206-2797,Alexandria,VA,United States,2023-09-03,Small Business
CUST02046,Mary,Gonzalez,mary.gonzalez2046@example.com,804-143-7361,Albany,NY,United States,2022-10-01,Consumer
CUST02047,Sarah,Anderson,sarah.anderson2047@example.com,804-633-6362,Peoria,IL,United States,2023-05-16,Small Business
CUST02048,Elizabeth,Gonzalez,elizabeth.gonzalez2048@example.com,804-545-3118,Naperville,IL,United States,2022-09-01,Consumer
CUST02049,Nancy,Jones,nancy.jones2049@example.com,804-176-4167,Peoria,IL,United States,2022-10-24,Consumer
CUST02050,Mary,Martinez,mary.martinez2050@example.com,804-914-2847,Austin,TX,United States,2024-12-25,Corporate
CUST02051,Daniel,Brown,daniel.brown2051@example.com,804-945-7656,San Francisco,CA,United States,2024-07-03,Small Business
CUST02052,William,Jackson,william.jackson2052@example.com,804-815-4263,Chicago,IL,United States,2022-11-26,Consumer
CUST02053,Linda,Wilson,linda.wilson2053@example.com,804-823-1034,Alexandria,VA,United States,2022-02-12,Consumer
CUST02054,Jennifer,Moore,jennifer.moore2054@example.com,804-293-2578,Buffalo,NY,United States,2025-01-19,Consumer
CUST02055,Jennifer,Rodriguez,jennifer.rodriguez2055@example.com,804-463-3651,Dallas,TX,United States,2025-01-31,Corporate
CUST02056,Daniel,Martin,daniel.martin2056@example.com,804-646-8081,Los Angeles,CA,United States,2024-07-12,Consumer
CUST02057,Linda,Davis,linda.davis2057@example.com,804-494-4339,Dallas,TX,United States,2024-10-24,Consumer
CUST02058,John,Taylor,john.taylor2058@example.com,804-281-7515,New York,NY,United States,2025-01-15,Corporate
CUST02059,Elizabeth,Brown,elizabeth.brown2059@example.com,804-779-9287,Los Angeles,CA,United States,2023-01-24,Consumer
CUST02060,Nancy,Jones,nancy.jones2060@example.com,804-572-2037,San Diego,CA,United States,2023-12-17,Small Business
CUST02061,James,Gonzalez,james.gonzalez2061@example.com,804-766-1711,Alexandria,VA,United States,2024-02-29,Corporate
CUST02062,Daniel,Garcia,daniel.garcia2062@example.com,804-888-2229,Los Angeles,CA,United States,2023-06-30,Small Business
CUST02063,Jessica,Brown,jessica.brown2063@example.com,804-529-9736,Richmond,VA,United States,2023-12-23,Small Business
CUST02064,Susan,Thomas,susan.thomas2064@example.com,804-485-7039,Houston,TX,United States,2022-11-05,Small Business
CUST02065,Joseph,Garcia,joseph.garcia2065@example.com,804-241-6303,Tampa,FL,United States,2025-03-23,Corporate
CUST02066,Daniel,Jackson,daniel.jackson2066@example.com,804-716-5470,Austin,TX,United States,2023-10-30,Small Business
CUST02067,Thomas,Martinez,thomas.martinez2067@example.com,804-742-8785,Houston,TX,United States,2024-06-30,Consumer
CUST02068,Daniel,Martinez,daniel.martinez2068@example.com,804-505-8936,San Francisco,CA,United States,2025-03-21,Consumer
CUST02069,Nancy,Anderson,nancy.anderson2069@example.com,804-460-5656,Rochester,NY,United States,2023-06-07,Corporate
CUST02070,Michael,Martin,michael.martin2070@example.com,804-573-4973,Spokane,WA,United States,2022-08-19,Corporate
CUST02071,David,Miller,david.miller2071@example.com,804-895-9744,Richmond,VA,United States,2024-02-19,Consumer
CUST02072,Nancy,Garcia,nancy.garcia2072@example.com,804-275-2937,Peoria,IL,United States,2022-01-21,Consumer
CUST02073,Thomas,Johnson,thomas.johnson2073@example.com,804-716-2002,Alexandria,VA,United States,2023-08-17,Consumer
CUST02074,Karen,Rodriguez,karen.rodriguez2074@example.com,804-669-9841,New York,NY,United States,2023-03-30,Small Business
CUST02075,Mary,Hernandez,mary.hernandez2075@example.com,804-342-8761,Norfolk,VA,United States,2025-01-12,Corporate
CUST02076,Patricia,Moore,patricia.moore2076@example.com,804-252-8324,Rochester,NY,United States,2023-04-30,Corporate
CUST02077,Michael,Johnson,michael.johnson2077@example.com,804-204-6830,Naperville,IL,United States,2024-03-10,Small Business
CUST02078,Susan,Gonzalez,susan.gonzalez2078@example.com,804-885-4138,New York,NY,United States,2025-02-16,Corporate
CUST02079,Elizabeth,Wilson,elizabeth.wilson2079@example.com,804-838-1319,Richmond,VA,United States,2024-10-26,Small Business
CUST02080,Jessica,Johnson,jessica.johnson2080@example.com,804-481-3013,Los Angeles,CA,United States,2023-02-22,Consumer
CUST02081,Elizabeth,Rodriguez,elizabeth.rodriguez2081@example.com,804-380-6618,Houston,TX,United States,2024-03-16,Corporate
CUST02082,Susan,Garcia,susan.garcia2082@example.com,804-906-3065,New York,NY,United States,2024-02-13,Consumer
CUST02083,Nancy,Wilson,nancy.wilson2083@example.com,804-535-3920,Bellevue,WA,United States,2022-10-08,Consumer
CUST02084,Nancy,Smith,nancy.smith2084@example.com,804-763-5831,Buffalo,NY,United States,2023-03-18,Corporate
CUST02085,Elizabeth,Thomas,elizabeth.thomas2085@example.com,804-801-6335,Norfolk,VA,United States,2025-01-13,Corporate
CUST02086,David,Garcia,david.garcia2086@example.com,804-420-1100,San Diego,CA,United States,2024-12-30,Corporate
CUST02087,Elizabeth,Hernandez,elizabeth.hernandez2087@example.com,804-270-1923,Naperville,IL,United States,2023-03-23,Consumer
CUST02088,Jennifer,Williams,jennifer.williams2088@example.com,804-897-3345,Seattle,WA,United States,2024-08-25,Small Business
CUST02089,Jessica,Rodriguez,jessica.rodriguez2089@example.com,804-428-6263,Orlando,FL,United States,2023-12-11,Small Business
CUST02090,Elizabeth,Garcia,elizabeth.garcia2090@example.com,804-203-7653,Naperville,IL,United States,2022-10-14,Consumer
CUST02091,Susan,Martin,susan.martin2091@example.com,804-444-1855,San Francisco,CA,United States,2022-05-17,Small Business
CUST02092,Elizabeth,Martin,elizabeth.martin2092@example.com,804-414-5411,San Jose,CA,United States,2024-07-06,Corporate
CUST02093,Michael,Lopez,michael.lopez2093@example.com,804-994-9665,Tacoma,WA,United States,2023-09-02,Small Business
CUST02094,Patricia,Anderson,patricia.anderson2094@example.com,804-570-4267,San Jose,CA,United States,2023-09-07,Corporate
CUST02095,Michael,Johnson,michael.johnson2095@example.com,804-647-1496,Buffalo,NY,United States,2024-09-27,Consumer
CUST02096,Jessica,Williams,jessica.williams2096@example.com,804-945-9538,Seattle,WA,United States,2023-02-16,Small Business
CUST02097,Mary,Taylor,mary.taylor2097@example.com,804-461-3852,Virginia Beach,VA,United States,2025-02-14,Corporate
CUST02098,Elizabeth,Moore,elizabeth.moore2098@example.com,804-420-3974,Virginia Beach,VA,United States,2023-10-10,Consumer
CUST02099,David,Miller,david.miller2099@example.com,804-151-2663,Buffalo,NY,United States,2024-09-15,Small Business
CUST02100,Jessica,Thomas,jessica.thomas2100@example.com,804-608-2435,Austin,TX,United States,2023-07-26,Small Business
CUST02101,Jennifer,Jackson,jennifer.jackson2101@example.com,804-329-4439,Bellevue,WA,United States,2022-05-14,Corporate
CUST02102,William,Gonzalez,william.gonzalez2102@example.com,804-153-1475,Peoria,IL,United States,2023-06-21,Small Business
CUST02103,Nancy,Moore,nancy.moore2103@example.com,804-117-9704,Rochester,NY,United States,2023-04-12,Consumer
CUST02104,David,Garcia,david.garcia2104@example.com,804-519-9553,Los Angeles,CA,United States,2025-01-11,Corporate
CUST02105,Elizabeth,Gonzalez,elizabeth.gonzalez2105@example.com,804-479-8176,Albany,NY,United States,2024-07-26,Consumer
CUST02106,Sarah,Hernandez,sarah.hernandez2106@example.com,804-630-2821,Naperville,IL,United States,2024-11-30,Small Business
CUST02107,Thomas,Jackson,thomas.jackson2107@example.com,804-641-9854,Richmond,VA,United States,2022-10-09,Consumer
CUST02108,Thomas,Williams,thomas.williams2108@example.com,804-641-5902,Richmond,VA,United States,2023-11-04,Corporate
CUST02109,William,Miller,william.miller2109@example.com,804-500-9574,Alexandria,VA,United States,2022-11-24,Consumer
CUST02110,James,Miller,james.miller2110@example.com,804-216-2342,Tampa,FL,United States,2024-06-08,Small Business
CUST02111,Sarah,Moore,sarah.moore2111@example.com,804-111-1371,San Jose,CA,United States,2023-11-21,Small Business
CUST02112,Daniel,Garcia,daniel.garcia2112@example.com,804-690-1769,Seattle,WA,United States,2024-06-30,Corporate
CUST02113,Jessica,Wilson,jessica.wilson2113@example.com,804-191-6129,Orlando,FL,United States,2023-03-29,Small Business
CUST02114,Thomas,Smith,thomas.smith2114@example.com,804-789-7464,Spokane,WA,United States,2023-02-04,Consumer
CUST02115,Daniel,Davis,daniel.davis2115@example.com,804-978-9726,Seattle,WA,United States,2022-01-22,Consumer
CUST02116,Elizabeth,Jones,elizabeth.jones2116@example.com,804-349-7989,Naperville,IL,United States,2023-12-17,Consumer
CUST02117,David,Moore,david.moore2117@example.com,804-143-5643,Seattle,WA,United States,2024-10-25,Corporate
CUST02118,Michael,Anderson,michael.anderson2118@example.com,804-813-9698,San Antonio,TX,United States,2022-05-23,Corporate
CUST02119,Robert,Anderson,robert.anderson2119@example.com,804-837-7569,San Diego,CA,United States,2023-12-16,Small Business
CUST02120,Nancy,Johnson,nancy.johnson2120@example.com,804-429-8048,Chicago,IL,United States,2023-11-15,Consumer
CUST02121,Thomas,Davis,thomas.davis2121@example.com,804-345-8984,San Jose,CA,United States,2024-03-01,Small Business
CUST02122,Patricia,Brown,patricia.brown2122@example.com,804-795-1697,Norfolk,VA,United States,2023-05-20,Small Business
CUST02123,Linda,Thomas,linda.thomas2123@example.com,804-975-3595,Virginia Beach,VA,United States,2024-07-24,Small Business
CUST02124,Joseph,Wilson,joseph.wilson2124@example.com,804-281-9539,San Jose,CA,United States,2023-05-26,Consumer
CUST02125,John,Wilson,john.wilson2125@example.com,804-813-8566,Los Angeles,CA,United States,2022-08-03,Corporate
CUST02126,Karen,Martinez,karen.martinez2126@example.com,804-227-1613,Norfolk,VA,United States,2022-03-29,Consumer
CUST02127,Robert,Thomas,robert.thomas2127@example.com,804-598-7876,Houston,TX,United States,2023-06-25,Consumer
CUST02128,Charles,Brown,charles.brown2128@example.com,804-218-9664,Albany,NY,United States,2023-07-09,Small Business
CUST02129,Michael,Smith,michael.smith2129@example.com,804-528-9114,Jacksonville,FL,United States,2025-03-23,Corporate
CUST02130,Nancy,Smith,nancy.smith2130@example.com,804-649-5558,Orlando,FL,United States,2022-12-21,Small Business
CUST02131,David,Lopez,david.lopez2131@example.com,804-866-8433,San Diego,CA,United States,2023-11-05,Consumer
CUST02132,William,Miller,william.miller2132@example.com,804-222-2731,San Francisco,CA,United States,2025-02-06,Corporate
CUST02133,Mary,Miller,mary.miller2133@example.com,804-166-9310,Buffalo,NY,United States,2024-10-28,Corporate
CUST02134,Susan,Taylor,susan.taylor2134@example.com,804-390-8780,Dallas,TX,United States,2023-03-16,Corporate
CUST02135,Linda,Smith,linda.smith2135@example.com,804-297-9399,Miami,FL,United States,2022-08-19,Small Business
CUST02136,Jennifer,Moore,jennifer.moore2136@example.com,804-370-3733,San Antonio,TX,United States,2022-09-30,Consumer
CUST02137,Jennifer,Davis,jennifer.davis2137@example.com,804-572-3194,Los Angeles,CA,United States,2023-12-31,Consumer
CUST02138,James,Johnson,james.johnson2138@example.com,804-678-4524,Peoria,IL,United States,2023-07-12,Consumer
CUST02139,Linda,Moore,linda.moore2139@example.com,804-594-6071,Chicago,IL,United States,2022-05-02,Consumer
CUST02140,Robert,Rodriguez,robert.rodriguez2140@example.com,804-847-8776,Jacksonville,FL,United States,2022-02-27,Consumer
CUST02141,Daniel,Wilson,daniel.wilson2141@example.com,804-180-9126,Dallas,TX,United States,2022-12-30,Corporate
CUST02142,James,Rodriguez,james.rodriguez2142@example.com,804-202-2767,Tacoma,WA,United States,2022-12-20,Small Business
CUST02143,Michael,Martinez,michael.martinez2143@example.com,804-320-1823,Alexandria,VA,United States,2022-07-23,Corporate
CUST02144,Thomas,Garcia,thomas.garcia2144@example.com,804-708-6492,San Diego,CA,United States,2022-03-13,Consumer
CUST02145,Robert,Williams,robert.williams2145@example.com,804-656-1510,Tampa,FL,United States,2023-02-07,Consumer
CUST02146,David,Smith,david.smith2146@example.com,804-239-6464,Los Angeles,CA,United States,2024-10-10,Small Business
CUST02147,Thomas,Miller,thomas.miller2147@example.com,804-870-1567,Jacksonville,FL,United States,2022-07-03,Small Business
CUST02148,Patricia,Miller,patricia.miller2148@example.com,804-861-9344,Jacksonville,FL,United States,2025-03-05,Corporate
CUST02149,Sarah,Jones,sarah.jones2149@example.com,804-423-5576,Houston,TX,United States,2022-02-21,Small Business
CUST02150,Sarah,Brown,sarah.brown2150@example.com,804-585-1103,Orlando,FL,United States,2025-01-25,Corporate
CUST02151,Mary,Jones,mary.jones2151@example.com,804-977-3158,Tacoma,WA,United States,2023-09-10,Consumer
CUST02152,Joseph,Smith,joseph.smith2152@example.com,804-701-5421,Austin,TX,United States,2023-01-06,Consumer
CUST02153,James,Jackson,james.jackson2153@example.com,804-284-7157,Albany,NY,United States,2024-07-02,Small Business
CUST02154,Jessica,Lopez,jessica.lopez2154@example.com,804-581-7700,New York,NY,United States,2023-04-06,Consumer
CUST02155,Elizabeth,Moore,elizabeth.moore2155@example.com,804-947-6883,San Diego,CA,United States,2023-07-08,Small Business
CUST02156,Mary,Jones,mary.jones2156@example.com,804-427-9798,Los Angeles,CA,United States,2025-03-23,Small Business
CUST02157,Jessica,Moore,jessica.moore2157@example.com,804-361-8847,Norfolk,VA,United States,2025-01-02,Small Business
CUST02158,Charles,Wilson,charles.wilson2158@example.com,804-160-1158,Dallas,TX,United States,2024-08-07,Small Business
CUST02159,William,Smith,william.smith2159@example.com,804-670-2451,Orlando,FL,United States,2024-06-16,Small Business
CUST02160,Elizabeth,Martin,elizabeth.martin2160@example.com,804-407-1714,Tacoma,WA,United States,2022-06-25,Consumer
CUST02161,Charles,Miller,charles.miller2161@example.com,804-335-5564,Virginia Beach,VA,United States,2023-02-09,Small Business
CUST02162,Thomas,Johnson,thomas.johnson2162@example.com,804-687-9647,Orlando,FL,United States,2022-08-29,Corporate
CUST02163,Robert,Smith,robert.smith2163@example.com,804-861-9055,Houston,TX,United States,2022-12-07,Small Business
CUST02164,James,Lopez,james.lopez2164@example.com,804-102-1998,New York,NY,United States,2023-03-03,Consumer
CUST02165,Linda,Martinez,,804-707-2822,Peoria,IL,United States,2024-07-17,Small Business
CUST02166,Daniel,Jackson,daniel.jackson2166@example.com,804-515-1043,Los Angeles,CA,United States,2023-06-01,Consumer
CUST02167,John,Gonzalez,john.gonzalez2167@example.com,804-801-9101,Orlando,FL,United States,2023-04-27,Consumer
CUST02168,Daniel,Moore,daniel.moore2168@example.com,804-109-9876,Bellevue,WA,United States,2022-04-02,Small Business
CUST02169,John,Moore,john.moore2169@example.com,804-350-1665,Alexandria,VA,United States,2023-06-13,Consumer
CUST02170,Daniel,Taylor,daniel.taylor2170@example.com,804-221-2585,Buffalo,NY,United States,2023-05-26,Small Business
CUST02171,John,Brown,john.brown2171@example.com,804-778-7051,Miami,FL,United States,2023-10-14,Small Business
CUST02172,Daniel,Martinez,daniel.martinez2172@example.com,804-366-1197,Houston,TX,United States,2023-01-23,Consumer
CUST02173,Linda,Rodriguez,linda.rodriguez2173@example.com,804-429-7145,Alexandria,VA,United States,2022-03-03,Small Business
CUST02174,Daniel,Rodriguez,daniel.rodriguez2174@example.com,804-251-1879,Bellevue,WA,United States,2024-06-03,Consumer
CUST02175,James,Jones,james.jones2175@example.com,804-241-4645,Chicago,IL,United States,2024-11-04,Small Business
CUST02176,Elizabeth,Smith,elizabeth.smith2176@example.com,804-643-6679,San Antonio,TX,United States,2022-10-16,Small Business
CUST02177,David,Jones,david.jones2177@example.com,804-297-7743,Virginia Beach,VA,United States,2024-01-05,Corporate
CUST02178,Susan,Anderson,susan.anderson2178@example.com,804-263-2551,Los Angeles,CA,United States,2023-08-27,Small Business
CUST02179,David,Brown,david.brown2179@example.com,804-743-3894,Miami,FL,United States,2024-05-07,Small Business
CUST02180,James,Martinez,james.martinez2180@example.com,804-162-8612,Peoria,IL,United States,2022-08-23,Small Business
CUST02181,Jessica,Wilson,jessica.wilson2181@example.com,804-675-4969,Los Angeles,CA,United States,2022-06-24,Small Business
CUST02182,John,Garcia,john.garcia2182@example.com,804-537-2124,Dallas,TX,United States,2025-03-08,Corporate
CUST02183,William,Moore,william.moore2183@example.com,804-853-8035,Naperville,IL,United States,2022-01-24,Corporate
CUST02184,William,Martinez,william.martinez2184@example.com,804-281-3364,Richmond,VA,United States,2023-09-18,Corporate
CUST02185,Elizabeth,Gonzalez,elizabeth.gonzalez2185@example.com,804-190-6454,Seattle,WA,United States,2022-08-08,Consumer
CUST02186,Michael,Martinez,michael.martinez2186@example.com,804-458-7911,Virginia Beach,VA,United States,2023-06-16,Consumer
CUST02187,Jennifer,Garcia,jennifer.garcia2187@example.com,,New York,NY,United States,2022-09-16,Corporate
CUST02188,Joseph,Wilson,joseph.wilson2188@example.com,804-256-3130,Peoria,IL,United States,2023-12-21,Corporate
CUST02189,Nancy,Anderson,nancy.anderson2189@example.com,804-909-5807,Alexandria,VA,United States,2024-11-11,Corporate
CUST02190,Jennifer,Jackson,jennifer.jackson2190@example.com,804-137-7763,San Diego,CA,United States,2024-01-11,Consumer
CUST02191,Daniel,Thomas,daniel.thomas2191@example.com,804-420-5454,Buffalo,NY,United States,2022-09-15,Consumer
CUST02192,Jessica,Gonzalez,jessica.gonzalez2192@example.com,804-188-6509,Orlando,FL,United States,2022-08-15,Small Business
CUST02193,Susan,Garcia,susan.garcia2193@example.com,804-117-7548,Albany,NY,United States,2025-03-23,Small Business
CUST02194,John,Brown,john.brown2194@example.com,804-663-2315,San Francisco,CA,United States,2023-02-05,Small Business
CUST02195,Jessica,Davis,jessica.davis2195@example.com,804-907-5710,Buffalo,NY,United States,2023-11-22,Small Business
CUST02196,Jennifer,Williams,jennifer.williams2196@example.com,804-123-7638,Tampa,FL,United States,2024-05-09,Corporate
CUST02197,Susan,Brown,susan.brown2197@example.com,804-193-3637,Seattle,WA,United States,2022-03-31,Corporate
CUST02198,William,Williams,william.williams2198@example.com,804-221-7577,Tacoma,WA,United States,2023-05-22,Consumer
CUST02199,Charles,Wilson,charles.wilson2199@example.com,804-202-9277,San Diego,CA,United States,2024-10-14,Corporate
CUST02200,Jennifer,Johnson,jennifer.johnson2200@example.com,804-557-1810,Springfield,IL,United States,2022-08-04,Consumer
CUST02201,James,Miller,james.miller2201@example.com,804-209-9132,Rochester,NY,United States,2022-08-28,Small Business
CUST02202,Karen,Wilson,karen.wilson2202@example.com,804-878-6812,Los Angeles,CA,United States,2024-03-05,Small Business
CUST02203,Mary,Taylor,mary.taylor2203@example.com,804-577-9583,New York,NY,United States,2023-08-07,Corporate
CUST02204,Patricia,Williams,patricia.williams2204@example.com,804-445-9685,San Antonio,TX,United States,2023-11-29,Consumer
CUST02205,Jennifer,Moore,jennifer.moore2205@example.com,804-582-3254,Jacksonville,FL,United States,2024-12-06,Corporate
CUST02206,Linda,Anderson,linda.anderson2206@example.com,804-128-9388,San Francisco,CA,United States,2022-08-05,Consumer
CUST02207,Robert,Jones,robert.jones2207@example.com,804-602-2976,San Antonio,TX,United States,2023-05-30,Small Business
CUST02208,Linda,Johnson,linda.johnson2208@example.com,804-107-3982,Alexandria,VA,United States,2025-02-20,Corporate
CUST02209,Karen,Lopez,karen.lopez2209@example.com,804-132-1241,Spokane,WA,United States,2024-08-11,Consumer
CUST02210,Elizabeth,Miller,elizabeth.miller2210@example.com,804-290-3658,Tacoma,WA,United States,2023-03-13,Consumer
CUST02211,Joseph,Martin,joseph.martin2211@example.com,804-967-8469,Peoria,IL,United States,2025-02-03,Corporate
CUST02212,Joseph,Anderson,joseph.anderson2212@example.com,804-734-2939,Naperville,IL,United States,2022-05-16,Consumer
CUST02213,Susan,Jones,susan.jones2213@example.com,804-958-7661,San Jose,CA,United States,2022-04-23,Corporate
CUST02214,James,Thomas,james.thomas2214@example.com,804-147-9563,San Diego,CA,United States,2023-02-09,Corporate
CUST02215,Michael,Brown,michael.brown2215@example.com,804-395-9877,Orlando,FL,United States,2025-03-29,Corporate
CUST02216,James,Martinez,james.martinez2216@example.com,804-423-4745,San Francisco,CA,United States,2022-06-02,Consumer
CUST02217,John,Gonzalez,john.gonzalez2217@example.com,804-815-5764,Norfolk,VA,United States,2025-01-31,Corporate
CUST02218,Nancy,Hernandez,nancy.hernandez2218@example.com,804-195-1051,Austin,TX,United States,2025-01-31,Corporate
CUST02219,William,Thomas,william.thomas2219@example.com,804-617-7954,Norfolk,VA,United States,2022-11-15,Consumer
CUST02220,David,Hernandez,david.hernandez2220@example.com,804-888-2251,Chicago,IL,United States,2022-10-08,Corporate
CUST02221,Patricia,Jones,patricia.jones2221@example.com,804-618-2613,Austin,TX,United States,2025-02-26,Corporate
CUST02222,Mary,Martin,mary.martin2222@example.com,804-119-3515,Virginia Beach,VA,United States,2023-04-11,Corporate
CUST02223,Susan,Rodriguez,susan.rodriguez2223@example.com,804-137-6867,Alexandria,VA,United States,2024-08-17,Consumer
CUST02224,Michael,Johnson,michael.johnson2224@example.com,804-493-5318,Bellevue,WA,United States,2022-09-08,Small Business
CUST02225,Linda,Thomas,linda.thomas2225@example.com,804-598-6210,Chicago,IL,United States,2023-03-20,Corporate
CUST02226,Jennifer,Anderson,jennifer.anderson2226@example.com,804-966-6313,New York,NY,United States,2023-09-10,Small Business
CUST02227,Mary,Garcia,mary.garcia2227@example.com,804-889-7462,Orlando,FL,United States,2023-11-12,Small Business
CUST02228,Thomas,Garcia,thomas.garcia2228@example.com,804-526-8022,Tampa,FL,United States,2022-04-04,Corporate
CUST02229,Joseph,Miller,joseph.miller2229@example.com,804-446-4411,San Antonio,TX,United States,2022-05-19,Small Business
CUST02230,Sarah,Wilson,sarah.wilson2230@example.com,804-228-4569,Springfield,IL,United States,2024-01-04,Small Business
CUST02231,Sarah,Martin,sarah.martin2231@example.com,804-629-9574,San Francisco,CA,United States,2022-03-03,Corporate
CUST02232,Mary,Hernandez,mary.hernandez2232@example.com,804-106-6682,Spokane,WA,United States,2023-04-27,Consumer
CUST02233,Nancy,Jones,nancy.jones2233@example.com,804-860-2373,Virginia Beach,VA,United States,2025-03-29,Corporate
CUST02234,William,Smith,william.smith2234@example.com,804-561-1946,Buffalo,NY,United States,2023-10-21,Small Business
CUST02235,Thomas,Thomas,thomas.thomas2235@example.com,804-262-8148,Naperville,IL,United States,2023-12-07,Consumer
CUST02236,Linda,Taylor,linda.taylor2236@example.com,804-315-7593,Buffalo,NY,United States,2023-01-06,Small Business
CUST02237,Michael,Garcia,michael.garcia2237@example.com,804-250-8899,San Diego,CA,United States,2022-12-26,Consumer
CUST02238,Thomas,Lopez,thomas.lopez2238@example.com,804-223-9057,Peoria,IL,United States,2024-05-22,Consumer
CUST02239,Elizabeth,Garcia,elizabeth.garcia2239@example.com,804-374-7621,Tampa,FL,United States,2022-08-22,Small Business
CUST02240,Jennifer,Brown,jennifer.brown2240@example.com,804-312-3935,Bellevue,WA,United States,2025-03-30,Consumer
CUST02241,Jessica,Jackson,jessica.jackson2241@example.com,804-288-7512,Seattle,WA,United States,2022-07-15,Corporate
CUST02242,Jessica,Moore,jessica.moore2242@example.com,804-877-1316,Los Angeles,CA,United States,2024-07-11,Consumer
CUST02243,Michael,Anderson,michael.anderson2243@example.com,804-133-5771,Seattle,WA,United States,2023-12-03,Small Business
CUST02244,Thomas,Garcia,thomas.garcia2244@example.com,804-329-2853,Albany,NY,United States,2024-02-11,Corporate
CUST02245,Thomas,Wilson,thomas.wilson2245@example.com,804-676-1532,Houston,TX,United States,2025-01-10,Small Business
CUST02246,William,Johnson,william.johnson2246@example.com,804-211-4587,Austin,TX,United States,2025-01-31,Small Business
CUST02247,Jennifer,Thomas,jennifer.thomas2247@example.com,804-220-7350,Houston,TX,United States,2022-11-24,Consumer
CUST02248,Daniel,Wilson,daniel.wilson2248@example.com,804-563-7473,San Diego,CA,United States,2024-05-31,Small Business
CUST02249,Jennifer,Moore,jennifer.moore2249@example.com,804-702-9015,Naperville,IL,United States,2023-12-30,Corporate
CUST02250,Susan,Smith,susan.smith2250@example.com,804-545-5937,Richmond,VA,United States,2024-11-01,Consumer
CUST02251,Susan,Wilson,susan.wilson2251@example.com,804-658-1167,Seattle,WA,United States,2022-12-14,Small Business
CUST02252,Jennifer,Martin,jennifer.martin2252@example.com,804-480-5903,San Diego,CA,United States,2023-01-17,Consumer
CUST02253,Karen,Jackson,karen.jackson2253@example.com,804-456-4152,San Diego,CA,United States,2022-12-22,Consumer
CUST02254,Jennifer,Davis,jennifer.davis2254@example.com,804-929-7131,New York,NY,United States,2022-03-25,Small Business
CUST02255,Mary,Brown,mary.brown2255@example.com,804-436-1547,Orlando,FL,United States,2023-11-23,Consumer
CUST02256,Karen,Moore,karen.moore2256@example.com,804-297-3657,Buffalo,NY,United States,2023-02-01,Corporate
CUST02257,Jennifer,Jackson,jennifer.jackson2257@example.com,804-127-6682,Virginia Beach,VA,United States,2022-01-15,Small Business
CUST02258,Linda,Brown,linda.brown2258@example.com,804-265-1942,Austin,TX,United States,2023-07-08,Corporate
CUST02259,Joseph,Hernandez,joseph.hernandez2259@example.com,804-246-4976,Tacoma,WA,United States,2022-04-26,Corporate
CUST02260,Thomas,Martinez,thomas.martinez2260@example.com,804-167-1243,Tampa,FL,United States,2023-07-24,Corporate
CUST02261,William,Williams,william.williams2261@example.com,804-737-2602,Orlando,FL,United States,2024-07-06,Small Business
CUST02262,John,Davis,john.davis2262@example.com,804-839-7566,San Francisco,CA,United States,2024-02-02,Consumer
CUST02263,William,Thomas,william.thomas2263@example.com,804-508-5126,Buffalo,NY,United States,2024-11-07,Corporate
CUST02264,James,Martin,james.martin2264@example.com,804-127-1073,Richmond,VA,United States,2024-07-07,Small Business
CUST02265,Karen,Rodriguez,karen.rodriguez2265@example.com,804-295-3723,Buffalo,NY,United States,2023-07-08,Small Business
CUST02266,Linda,Hernandez,linda.hernandez2266@example.com,804-377-4438,New York,NY,United States,2023-10-13,Small Business
CUST02267,Patricia,Martinez,patricia.martinez2267@example.com,804-596-8552,Houston,TX,United States,2024-11-25,Small Business
CUST02268,Robert,Lopez,robert.lopez2268@example.com,804-195-9220,Naperville,IL,United States,2022-09-26,Small Business
CUST02269,David,Moore,david.moore2269@example.com,804-409-9892,Seattle,WA,United States,2023-01-05,Corporate
CUST02270,Joseph,Jackson,joseph.jackson2270@example.com,804-703-8045,Dallas,TX,United States,2023-04-26,Corporate
CUST02271,Mary,Garcia,mary.garcia2271@example.com,804-543-5504,Rochester,NY,United States,2025-01-16,Consumer
CUST02272,Charles,Lopez,charles.lopez2272@example.com,804-893-6253,Springfield,IL,United States,2025-01-13,Small Business
CUST02273,Robert,Gonzalez,robert.gonzalez2273@example.com,804-372-7519,Tacoma,WA,United States,2022-02-06,Corporate
CUST02274,Jennifer,Lopez,jennifer.lopez2274@example.com,804-182-7419,Buffalo,NY,United States,2023-10-16,Consumer
CUST02275,Susan,Smith,susan.smith2275@example.com,804-461-7647,Seattle,WA,United States,2024-12-28,Consumer
CUST02276,Thomas,Garcia,thomas.garcia2276@example.com,804-878-5127,Jacksonville,FL,United States,2023-01-22,Consumer
CUST02277,Jennifer,Garcia,jennifer.garcia2277@example.com,804-683-3867,Austin,TX,United States,2022-06-28,Small Business
CUST02278,Jessica,Gonzalez,jessica.gonzalez2278@example.com,804-519-7529,San Antonio,TX,United States,2022-03-23,Consumer
CUST02279,David,Johnson,david.johnson2279@example.com,804-289-2093,Tampa,FL,United States,2024-05-31,Corporate
CUST02280,James,Davis,james.davis2280@example.com,804-688-4598,Miami,FL,United States,2022-04-13,Consumer
CUST02281,Nancy,Garcia,nancy.garcia2281@example.com,804-195-2422,Dallas,TX,United States,2023-09-03,Small Business
CUST02282,Mary,Wilson,mary.wilson2282@example.com,804-774-1610,San Diego,CA,United States,2024-08-02,Corporate
CUST02283,Jessica,Johnson,jessica.johnson2283@example.com,804-388-4578,Alexandria,VA,United States,2022-09-23,Small Business
CUST02284,James,Smith,james.smith2284@example.com,804-277-4274,Tampa,FL,United States,2023-04-13,Corporate
CUST02285,Jessica,Jones,jessica.jones2285@example.com,804-988-4247,Tacoma,WA,United States,2022-08-16,Corporate
CUST02286,Nancy,Rodriguez,nancy.rodriguez2286@example.com,804-240-4277,New York,NY,United States,2024-06-10,Small Business
CUST02287,Elizabeth,Brown,elizabeth.brown2287@example.com,804-575-8698,Springfield,IL,United States,2024-07-30,Small Business
CUST02288,Sarah,Wilson,sarah.wilson2288@example.com,804-909-5112,Seattle,WA,United States,2024-05-14,Small Business
CUST02289,Mary,Rodriguez,mary.rodriguez2289@example.com,804-978-6573,Richmond,VA,United States,2024-08-27,Consumer
CUST02290,John,Thomas,john.thomas2290@example.com,804-814-3994,Orlando,FL,United States,2022-12-20,Consumer
CUST02291,Linda,Anderson,linda.anderson2291@example.com,804-887-9129,Albany,NY,United States,2023-07-02,Consumer
CUST02292,David,Miller,david.miller2292@example.com,804-559-1176,Jacksonville,FL,United States,2025-03-18,Consumer
CUST02293,Karen,Lopez,karen.lopez2293@example.com,804-528-1679,Springfield,IL,United States,2024-02-15,Corporate
CUST02294,Charles,Wilson,charles.wilson2294@example.com,804-112-1052,Naperville,IL,United States,2022-05-10,Small Business
CUST02295,David,Hernandez,david.hernandez2295@example.com,804-500-5563,Norfolk,VA,United States,2022-12-24,Consumer
CUST02296,James,Johnson,james.johnson2296@example.com,804-179-5290,Orlando,FL,United States,2024-09-03,Small Business
CUST02297,Jessica,Brown,jessica.brown2297@example.com,804-635-5291,Buffalo,NY,United States,2024-07-22,Corporate
CUST02298,Joseph,Williams,joseph.williams2298@example.com,804-362-7784,Jacksonville,FL,United States,2023-12-21,Corporate
CUST02299,Linda,Gonzalez,linda.gonzalez2299@example.com,804-404-2427,Miami,FL,United States,2024-01-24,Small Business
CUST02300,Nancy,Jackson,nancy.jackson2300@example.com,804-586-3735,Los Angeles,CA,United States,2022-11-02,Small Business
CUST02301,Charles,Martinez,charles.martinez2301@example.com,804-961-7308,New York,NY,United States,2024-07-19,Consumer
CUST02302,Jessica,Wilson,jessica.wilson2302@example.com,804-822-5062,San Jose,CA,United States,2022-03-16,Corporate
CUST02303,Charles,Davis,charles.davis2303@example.com,804-760-8209,Houston,TX,United States,2024-03-22,Small Business
CUST02304,Sarah,Brown,sarah.brown2304@example.com,804-530-7722,Orlando,FL,United States,2023-01-10,Corporate
CUST02305,John,Martin,john.martin2305@example.com,804-619-8059,San Francisco,CA,United States,2024-11-06,Corporate
CUST02306,Nancy,Johnson,nancy.johnson2306@example.com,804-524-4348,Alexandria,VA,United States,2023-02-25,Corporate
CUST02307,Charles,Martin,charles.martin2307@example.com,804-859-6159,Bellevue,WA,United States,2024-03-29,Small Business
CUST02308,Elizabeth,Jackson,elizabeth.jackson2308@example.com,804-160-5298,Dallas,TX,United States,2022-08-30,Small Business
CUST02309,John,Moore,john.moore2309@example.com,804-516-7402,Bellevue,WA,United States,2024-06-25,Consumer
CUST02310,John,Gonzalez,john.gonzalez2310@example.com,804-585-4140,Tacoma,WA,United States,2025-03-29,Small Business
CUST02311,Charles,Martin,charles.martin2311@example.com,804-675-3521,San Diego,CA,United States,2024-10-01,Corporate
CUST02312,Michael,Davis,michael.davis2312@example.com,804-646-7928,Richmond,VA,United States,2024-07-26,Corporate
CUST02313,Daniel,Martinez,daniel.martinez2313@example.com,804-648-4840,Houston,TX,United States,2023-02-27,Consumer
CUST02314,David,Martinez,david.martinez2314@example.com,804-467-7857,Chicago,IL,United States,2022-08-20,Corporate
CUST02315,Jennifer,Williams,jennifer.williams2315@example.com,804-294-1032,Tampa,FL,United States,2025-01-08,Corporate
CUST02316,Jennifer,Rodriguez,jennifer.rodriguez2316@example.com,804-814-3403,Austin,TX,United States,2023-05-18,Small Business
CUST02317,Thomas,Moore,thomas.moore2317@example.com,804-980-1091,San Francisco,CA,United States,2024-08-23,Corporate
CUST02318,William,Davis,william.davis2318@example.com,804-640-1848,Chicago,IL,United States,2023-12-05,Consumer
CUST02319,Daniel,Jones,daniel.jones2319@example.com,804-304-8352,Seattle,WA,United States,2023-11-04,Consumer
CUST02320,Nancy,Jones,nancy.jones2320@example.com,804-149-4335,Norfolk,VA,United States,2022-03-29,Consumer
CUST02321,Charles,Williams,charles.williams2321@example.com,804-641-3713,Virginia Beach,VA,United States,2024-04-03,Small Business
CUST02322,Elizabeth,Martinez,elizabeth.martinez2322@example.com,804-568-3413,Spokane,WA,United States,2022-03-03,Small Business
CUST02323,David,Jackson,,804-177-7864,San Antonio,TX,United States,2023-07-19,Small Business
CUST02324,Patricia,Martin,patricia.martin2324@example.com,804-515-7421,Richmond,VA,United States,2022-12-18,Consumer
CUST02325,Robert,Smith,robert.smith2325@example.com,804-750-3870,Houston,TX,United States,2024-07-23,Corporate
CUST02326,William,Rodriguez,william.rodriguez2326@example.com,804-490-4012,Buffalo,NY,United States,2023-10-30,Small Business
CUST02327,Sarah,Smith,sarah.smith2327@example.com,804-929-3336,San Diego,CA,United States,2022-01-23,Corporate
CUST02328,Michael,Wilson,michael.wilson2328@example.com,804-328-8512,Miami,FL,United States,2022-07-04,Corporate
CUST02329,William,Jackson,william.jackson2329@example.com,,Alexandria,VA,United States,2022-05-01,Small Business
CUST02330,Elizabeth,Davis,elizabeth.davis2330@example.com,804-143-6766,Norfolk,VA,United States,2022-09-30,Corporate
CUST02331,William,Taylor,william.taylor2331@example.com,804-908-7016,Seattle,WA,United States,2024-12-27,Corporate
CUST02332,Joseph,Rodriguez,joseph.rodriguez2332@example.com,804-995-8401,Tacoma,WA,United States,2022-09-01,Corporate
CUST02333,Joseph,Wilson,joseph.wilson2333@example.com,804-538-1629,Dallas,TX,United States,2022-09-18,Corporate
CUST02334,Nancy,Taylor,nancy.taylor2334@example.com,804-481-6085,Norfolk,VA,United States,2022-05-31,Small Business
CUST02335,Jennifer,Jones,jennifer.jones2335@example.com,804-719-9592,Chicago,IL,United States,2023-06-10,Corporate
CUST02336,Daniel,Martin,daniel.martin2336@example.com,804-507-2190,Houston,TX,United States,2024-02-26,Corporate
CUST02337,Jessica,Garcia,jessica.garcia2337@example.com,804-704-3528,Austin,TX,United States,2024-02-12,Small Business
CUST02338,Karen,Davis,karen.davis2338@example.com,804-985-7550,Austin,TX,United States,2025-02-06,Small Business
CUST02339,Thomas,Martin,thomas.martin2339@example.com,804-408-2989,Austin,TX,United States,2024-06-07,Consumer
CUST02340,Charles,Rodriguez,charles.rodriguez2340@example.com,804-304-9648,Orlando,FL,United States,2022-07-15,Small Business
CUST02341,John,Jones,john.jones2341@example.com,804-104-2089,San Antonio,TX,United States,2022-01-21,Corporate
CUST02342,Thomas,Gonzalez,thomas.gonzalez2342@example.com,804-777-4716,Houston,TX,United States,2023-09-17,Consumer
CUST02343,Daniel,Williams,daniel.williams2343@example.com,804-309-9463,Austin,TX,United States,2022-08-31,Small Business
CUST02344,Karen,Thomas,karen.thomas2344@example.com,804-759-6361,Houston,TX,United States,2025-01-11,Small Business
CUST02345,Robert,Martinez,robert.martinez2345@example.com,804-631-3992,San Jose,CA,United States,2022-11-06,Consumer
CUST02346,Daniel,Thomas,daniel.thomas2346@example.com,804-367-7564,Alexandria,VA,United States,2022-07-29,Consumer
CUST02347,Karen,Johnson,karen.johnson2347@example.com,804-234-1070,Naperville,IL,United States,2024-04-03,Consumer
CUST02348,James,Anderson,james.anderson2348@example.com,804-638-8055,Jacksonville,FL,United States,2024-04-17,Small Business
CUST02349,Elizabeth,Smith,elizabeth.smith2349@example.com,804-363-2974,Buffalo,NY,United States,2023-09-22,Small Business
CUST02350,John,Miller,john.miller2350@example.com,804-113-1849,Norfolk,VA,United States,2024-04-08,Corporate
CUST02351,Jennifer,Williams,jennifer.williams2351@example.com,804-529-2411,Norfolk,VA,United States,2022-05-08,Small Business
CUST02352,Mary,Jones,mary.jones2352@example.com,804-303-9448,Naperville,IL,United States,2022-05-26,Corporate
CUST02353,Michael,Martinez,michael.martinez2353@example.com,,Springfield,IL,United States,2023-08-25,Corporate
CUST02354,William,Thomas,william.thomas2354@example.com,804-525-3108,Richmond,VA,United States,2024-06-28,Consumer
CUST02355,James,Thomas,james.thomas2355@example.com,804-173-8720,Norfolk,VA,United States,2022-06-06,Small Business
CUST02356,Karen,Lopez,karen.lopez2356@example.com,804-270-9818,San Francisco,CA,United States,2023-05-05,Small Business
CUST02357,Joseph,Miller,,804-913-6800,New York,NY,United States,2022-05-31,Small Business
CUST02358,John,Brown,john.brown2358@example.com,804-835-7429,Rochester,NY,United States,2023-06-18,Small Business
CUST02359,Patricia,Gonzalez,patricia.gonzalez2359@example.com,804-151-5670,San Francisco,CA,United States,2024-08-26,Consumer
CUST02360,James,Martinez,james.martinez2360@example.com,804-382-1301,Albany,NY,United States,2022-08-29,Consumer
CUST02361,Karen,Jones,karen.jones2361@example.com,804-797-4424,Houston,TX,United States,2025-01-10,Small Business
CUST02362,Mary,Davis,mary.davis2362@example.com,804-508-5566,Tampa,FL,United States,2025-01-19,Small Business
CUST02363,Thomas,Moore,thomas.moore2363@example.com,804-429-3579,Miami,FL,United States,2022-11-07,Small Business
CUST02364,Joseph,Martinez,joseph.martinez2364@example.com,804-839-4878,Peoria,IL,United States,2023-02-28,Corporate
CUST02365,Mary,Miller,mary.miller2365@example.com,804-970-1338,Jacksonville,FL,United States,2023-09-07,Small Business
CUST02366,Jessica,Thomas,jessica.thomas2366@example.com,804-272-1672,San Francisco,CA,United States,2022-03-29,Small Business
CUST02367,Nancy,Williams,nancy.williams2367@example.com,804-194-4271,Tampa,FL,United States,2023-04-01,Small Business
CUST02368,Joseph,Gonzalez,joseph.gonzalez2368@example.com,804-382-6546,Los Angeles,CA,United States,2023-11-18,Small Business
CUST02369,Joseph,Davis,joseph.davis2369@example.com,804-771-7607,Houston,TX,United States,2022-08-17,Consumer
CUST02370,Jennifer,Jones,jennifer.jones2370@example.com,804-581-1114,San Jose,CA,United States,2023-04-08,Corporate
CUST02371,William,Martinez,william.martinez2371@example.com,804-755-4222,Richmond,VA,United States,2024-12-25,Consumer
CUST02372,Joseph,Williams,joseph.williams2372@example.com,804-378-7901,Spokane,WA,United States,2023-05-15,Corporate
CUST02373,Robert,Wilson,robert.wilson2373@example.com,804-484-1045,Dallas,TX,United States,2023-11-01,Corporate
CUST02374,Joseph,Williams,joseph.williams2374@example.com,804-482-8965,Naperville,IL,United States,2022-02-03,Small Business
CUST02375,Joseph,Taylor,joseph.taylor2375@example.com,804-502-4874,Richmond,VA,United States,2023-11-09,Consumer
CUST02376,James,Lopez,james.lopez2376@example.com,804-189-8027,San Diego,CA,United States,2024-12-23,Corporate
CUST02377,Daniel,Brown,daniel.brown2377@example.com,804-221-3701,San Diego,CA,United States,2022-03-31,Consumer
CUST02378,James,Jones,james.jones2378@example.com,804-368-6553,Buffalo,NY,United States,2022-02-17,Consumer
CUST02379,Thomas,Lopez,thomas.lopez2379@example.com,804-978-2836,Jacksonville,FL,United States,2024-01-21,Small Business
CUST02380,Joseph,Johnson,joseph.johnson2380@example.com,804-983-8593,San Francisco,CA,United States,2022-03-30,Corporate
CUST02381,Elizabeth,Hernandez,elizabeth.hernandez2381@example.com,804-426-5683,Albany,NY,United States,2022-10-08,Small Business
CUST02382,Elizabeth,Hernandez,elizabeth.hernandez2382@example.com,804-116-2978,Houston,TX,United States,2022-09-12,Small Business
CUST02383,Susan,Taylor,susan.taylor2383@example.com,804-507-7654,Austin,TX,United States,2023-08-03,Consumer
CUST02384,Susan,Jones,susan.jones2384@example.com,804-422-7674,San Francisco,CA,United States,2024-10-10,Corporate
CUST02385,Jessica,Brown,jessica.brown2385@example.com,804-654-7931,Bellevue,WA,United States,2022-10-13,Consumer
CUST02386,Robert,Wilson,robert.wilson2386@example.com,804-461-2030,Richmond,VA,United States,2022-09-26,Corporate
CUST02387,Susan,Miller,susan.miller2387@example.com,804-335-2477,Chicago,IL,United States,2022-05-19,Corporate
CUST02388,Jessica,Johnson,jessica.johnson2388@example.com,804-482-3112,Rochester,NY,United States,2025-03-17,Consumer
CUST02389,Linda,Jackson,linda.jackson2389@example.com,804-371-1927,Albany,NY,United States,2024-06-24,Small Business
CUST02390,Susan,Miller,susan.miller2390@example.com,804-155-6231,San Jose,CA,United States,2024-08-15,Small Business
CUST02391,John,Taylor,john.taylor2391@example.com,804-967-7629,Peoria,IL,United States,2024-06-09,Small Business
CUST02392,Patricia,Moore,patricia.moore2392@example.com,804-606-5322,Dallas,TX,United States,2023-10-23,Small Business
CUST02393,Karen,Smith,karen.smith2393@example.com,804-348-8835,Rochester,NY,United States,2022-04-11,Corporate
CUST02394,William,Davis,william.davis2394@example.com,804-290-3686,Seattle,WA,United States,2022-07-25,Consumer
CUST02395,Linda,Miller,linda.miller2395@example.com,804-905-3183,Dallas,TX,United States,2024-09-08,Consumer
CUST02396,Elizabeth,Rodriguez,elizabeth.rodriguez2396@example.com,804-429-4933,San Diego,CA,United States,2025-02-22,Consumer
CUST02397,Thomas,Gonzalez,thomas.gonzalez2397@example.com,804-549-8756,Orlando,FL,United States,2023-06-13,Consumer
CUST02398,Linda,Moore,linda.moore2398@example.com,804-239-4904,Spokane,WA,United States,2022-10-16,Small Business
CUST02399,William,Smith,william.smith2399@example.com,804-879-3870,San Francisco,CA,United States,2023-01-22,Small Business
CUST02400,Elizabeth,Thomas,elizabeth.thomas2400@example.com,804-722-1148,Chicago,IL,United States,2024-12-11,Small Business
CUST02401,John,Hernandez,john.hernandez2401@example.com,804-498-1943,Spokane,WA,United States,2023-12-02,Corporate
CUST02402,Nancy,Martin,nancy.martin2402@example.com,804-227-1482,San Diego,CA,United States,2025-02-02,Consumer
CUST02403,Elizabeth,Davis,elizabeth.davis2403@example.com,804-740-3466,Dallas,TX,United States,2023-01-13,Consumer
CUST02404,Michael,Miller,michael.miller2404@example.com,804-507-7583,San Francisco,CA,United States,2024-11-02,Corporate
CUST02405,Thomas,Smith,thomas.smith2405@example.com,804-487-1566,Austin,TX,United States,2022-04-18,Corporate
CUST02406,Charles,Martinez,charles.martinez2406@example.com,804-755-8748,Austin,TX,United States,2022-06-23,Small Business
CUST02407,Sarah,Rodriguez,sarah.rodriguez2407@example.com,804-618-3736,San Francisco,CA,United States,2024-08-27,Corporate
CUST02408,Daniel,Smith,daniel.smith2408@example.com,804-962-1655,Bellevue,WA,United States,2022-11-24,Consumer
CUST02409,Charles,Lopez,charles.lopez2409@example.com,804-846-2162,Peoria,IL,United States,2023-06-22,Corporate
CUST02410,Nancy,Thomas,nancy.thomas2410@example.com,804-322-8936,Springfield,IL,United States,2022-08-02,Small Business
CUST02411,William,Martin,william.martin2411@example.com,804-823-9291,Seattle,WA,United States,2023-06-12,Corporate
CUST02412,David,Hernandez,david.hernandez2412@example.com,804-943-7831,San Jose,CA,United States,2023-03-02,Corporate
CUST02413,Linda,Jackson,linda.jackson2413@example.com,804-203-3571,Rochester,NY,United States,2022-07-27,Small Business
CUST02414,Karen,Williams,karen.williams2414@example.com,,Chicago,IL,United States,2023-11-06,Consumer
CUST02415,John,Garcia,john.garcia2415@example.com,804-240-4163,Peoria,IL,United States,2024-06-13,Small Business
CUST02416,Elizabeth,Thomas,elizabeth.thomas2416@example.com,804-507-8554,Buffalo,NY,United States,2022-11-27,Small Business
CUST02417,Charles,Taylor,charles.taylor2417@example.com,804-561-9615,Orlando,FL,United States,2022-09-21,Small Business
CUST02418,David,Moore,david.moore2418@example.com,804-634-1810,Spokane,WA,United States,2022-05-19,Corporate
CUST02419,Michael,Rodriguez,michael.rodriguez2419@example.com,804-578-9789,Tampa,FL,United States,2024-03-31,Corporate
CUST02420,David,Taylor,david.taylor2420@example.com,804-893-7337,Alexandria,VA,United States,2023-07-06,Consumer
CUST02421,James,Martin,james.martin2421@example.com,804-504-2955,Bellevue,WA,United States,2022-11-12,Consumer
CUST02422,Robert,Wilson,robert.wilson2422@example.com,804-107-2621,San Francisco,CA,United States,2024-03-31,Corporate
CUST02423,Thomas,Taylor,thomas.taylor2423@example.com,804-781-9564,Norfolk,VA,United States,2023-11-08,Corporate
CUST02424,Susan,Thomas,susan.thomas2424@example.com,804-581-8060,New York,NY,United States,2022-12-19,Corporate
CUST02425,Charles,Anderson,charles.anderson2425@example.com,804-398-1941,Rochester,NY,United States,2024-12-23,Corporate
CUST02426,William,Hernandez,william.hernandez2426@example.com,804-982-5956,San Diego,CA,United States,2022-12-25,Corporate
CUST02427,Nancy,Thomas,nancy.thomas2427@example.com,804-306-9671,New York,NY,United States,2022-10-22,Corporate
CUST02428,James,Taylor,james.taylor2428@example.com,804-988-1686,Tacoma,WA,United States,2023-10-14,Small Business
CUST02429,Linda,Wilson,linda.wilson2429@example.com,804-257-4476,Houston,TX,United States,2023-09-03,Small Business
CUST02430,Mary,Hernandez,mary.hernandez2430@example.com,804-853-9760,Chicago,IL,United States,2025-01-12,Consumer
CUST02431,William,Williams,william.williams2431@example.com,804-697-8098,Austin,TX,United States,2025-03-30,Small Business
CUST02432,Nancy,Thomas,nancy.thomas2432@example.com,804-444-3504,Bellevue,WA,United States,2022-10-04,Small Business
CUST02433,Joseph,Martin,joseph.martin2433@example.com,804-143-8602,New York,NY,United States,2023-09-04,Consumer
CUST02434,Sarah,Martinez,sarah.martinez2434@example.com,804-610-4649,Miami,FL,United States,2025-03-19,Small Business
CUST02435,David,Jackson,david.jackson2435@example.com,804-542-1017,Seattle,WA,United States,2022-10-15,Consumer
CUST02436,Robert,Johnson,robert.johnson2436@example.com,804-643-3292,Tacoma,WA,United States,2022-07-04,Corporate
CUST02437,James,Anderson,james.anderson2437@example.com,804-332-2578,Austin,TX,United States,2022-11-11,Small Business
CUST02438,Sarah,Martinez,sarah.martinez2438@example.com,804-724-6985,Jacksonville,FL,United States,2024-07-31,Consumer
CUST02439,Jessica,Rodriguez,jessica.rodriguez2439@example.com,804-612-9552,Springfield,IL,United States,2023-02-17,Small Business
CUST02440,Charles,Gonzalez,charles.gonzalez2440@example.com,804-530-3607,Naperville,IL,United States,2022-08-06,Consumer
CUST02441,Jessica,Smith,jessica.smith2441@example.com,804-833-5586,Naperville,IL,United States,2025-01-28,Consumer
CUST02442,Elizabeth,Taylor,elizabeth.taylor2442@example.com,804-816-1040,Houston,TX,United States,2024-06-27,Corporate
CUST02443,Michael,Williams,michael.williams2443@example.com,804-579-9861,New York,NY,United States,2024-12-20,Small Business
CUST02444,Joseph,Lopez,joseph.lopez2444@example.com,804-524-9990,Spokane,WA,United States,2025-02-27,Small Business
CUST02445,Robert,Davis,robert.davis2445@example.com,804-769-8762,San Antonio,TX,United States,2022-10-23,Consumer
CUST02446,Daniel,Smith,daniel.smith2446@example.com,804-795-1927,Dallas,TX,United States,2023-04-12,Consumer
CUST02447,Jessica,Hernandez,jessica.hernandez2447@example.com,804-753-8340,Spokane,WA,United States,2025-01-15,Consumer
CUST02448,Thomas,Anderson,thomas.anderson2448@example.com,804-742-8293,Tampa,FL,United States,2023-06-16,Corporate
CUST02449,Daniel,Taylor,daniel.taylor2449@example.com,804-573-9424,Los Angeles,CA,United States,2024-07-15,Consumer
CUST02450,Sarah,Martin,sarah.martin2450@example.com,804-723-7399,San Jose,CA,United States,2024-01-27,Consumer
CUST02451,Charles,Rodriguez,charles.rodriguez2451@example.com,804-637-1374,Jacksonville,FL,United States,2024-04-21,Consumer
CUST02452,Joseph,Williams,joseph.williams2452@example.com,804-284-2876,Dallas,TX,United States,2024-03-28,Small Business
CUST02453,David,Williams,david.williams2453@example.com,804-762-9847,Miami,FL,United States,2022-11-13,Small Business
CUST02454,Patricia,Taylor,patricia.taylor2454@example.com,804-947-9002,Tacoma,WA,United States,2022-02-24,Consumer
CUST02455,Nancy,Johnson,nancy.johnson2455@example.com,804-700-3161,Seattle,WA,United States,2022-04-07,Consumer
CUST02456,Karen,Jones,karen.jones2456@example.com,804-823-9378,Virginia Beach,VA,United States,2023-04-04,Small Business
CUST02457,Elizabeth,Martin,elizabeth.martin2457@example.com,804-145-7893,Richmond,VA,United States,2023-05-12,Corporate
CUST02458,Jessica,Taylor,jessica.taylor2458@example.com,804-462-8308,Tacoma,WA,United States,2023-01-27,Consumer
CUST02459,Patricia,Garcia,patricia.garcia2459@example.com,804-437-6574,Tacoma,WA,United States,2022-07-25,Small Business
CUST02460,David,Anderson,david.anderson2460@example.com,804-759-2533,Chicago,IL,United States,2024-01-03,Small Business
CUST02461,Linda,Taylor,linda.taylor2461@example.com,804-418-7023,Albany,NY,United States,2023-06-24,Small Business
CUST02462,John,Martinez,john.martinez2462@example.com,804-767-2677,San Jose,CA,United States,2024-09-16,Consumer
CUST02463,David,Johnson,david.johnson2463@example.com,804-216-6313,San Antonio,TX,United States,2025-01-02,Small Business
CUST02464,Karen,Martin,karen.martin2464@example.com,804-732-8313,Los Angeles,CA,United States,2024-06-15,Small Business
CUST02465,Linda,Martinez,linda.martinez2465@example.com,804-624-5782,Spokane,WA,United States,2024-01-02,Corporate
CUST02466,Elizabeth,Smith,elizabeth.smith2466@example.com,804-405-1354,Tacoma,WA,United States,2024-05-16,Consumer
CUST02467,Nancy,Hernandez,nancy.hernandez2467@example.com,804-777-4412,Virginia Beach,VA,United States,2024-10-18,Consumer
CUST02468,Susan,Anderson,susan.anderson2468@example.com,804-339-2711,Springfield,IL,United States,2022-10-29,Small Business
CUST02469,Michael,Johnson,michael.johnson2469@example.com,804-477-5985,Houston,TX,United States,2023-11-10,Small Business
CUST02470,Linda,Garcia,linda.garcia2470@example.com,804-170-6684,New York,NY,United States,2024-02-09,Small Business
CUST02471,Daniel,Wilson,daniel.wilson2471@example.com,804-312-5913,Bellevue,WA,United States,2022-02-19,Corporate
CUST02472,William,Gonzalez,william.gonzalez2472@example.com,804-686-6844,Houston,TX,United States,2023-12-09,Small Business
CUST02473,Sarah,Rodriguez,sarah.rodriguez2473@example.com,804-552-1048,Chicago,IL,United States,2024-05-19,Corporate
CUST02474,Jennifer,Williams,jennifer.williams2474@example.com,804-665-2176,Miami,FL,United States,2024-04-08,Small Business
CUST02475,Patricia,Davis,patricia.davis2475@example.com,804-495-1959,Spokane,WA,United States,2023-07-15,Small Business
CUST02476,Michael,Thomas,michael.thomas2476@example.com,804-853-3104,Bellevue,WA,United States,2023-08-13,Small Business
CUST02477,Karen,Gonzalez,karen.gonzalez2477@example.com,804-931-3483,Buffalo,NY,United States,2023-02-17,Corporate
CUST02478,James,Jackson,james.jackson2478@example.com,804-671-4090,Peoria,IL,United States,2023-01-19,Corporate
CUST02479,Nancy,Gonzalez,nancy.gonzalez2479@example.com,804-101-3286,Alexandria,VA,United States,2024-06-10,Corporate
CUST02480,William,Garcia,william.garcia2480@example.com,804-236-4607,Seattle,WA,United States,2022-10-03,Corporate
CUST02481,John,Miller,john.miller2481@example.com,804-326-7897,Peoria,IL,United States,2024-05-17,Corporate
CUST02482,Patricia,Thomas,patricia.thomas2482@example.com,804-253-5987,Bellevue,WA,United States,2022-05-28,Corporate
CUST02483,Elizabeth,Smith,elizabeth.smith2483@example.com,804-895-6741,Orlando,FL,United States,2023-03-09,Consumer
CUST02484,Susan,Wilson,susan.wilson2484@example.com,804-212-7287,Buffalo,NY,United States,2024-02-11,Consumer
CUST02485,Michael,Williams,michael.williams2485@example.com,804-748-6486,Tampa,FL,United States,2024-02-21,Corporate
CUST02486,Jennifer,Thomas,jennifer.thomas2486@example.com,804-931-2518,Peoria,IL,United States,2024-02-09,Corporate
CUST02487,Karen,Hernandez,karen.hernandez2487@example.com,804-165-4412,San Diego,CA,United States,2023-11-17,Corporate
CUST02488,William,Moore,william.moore2488@example.com,804-646-9780,Alexandria,VA,United States,2022-10-16,Consumer
CUST02489,Linda,Davis,linda.davis2489@example.com,804-487-2371,San Jose,CA,United States,2024-01-10,Corporate
CUST02490,Michael,Jones,michael.jones2490@example.com,804-813-8503,New York,NY,United States,2022-08-23,Small Business
CUST02491,David,Miller,david.miller2491@example.com,804-114-6279,San Diego,CA,United States,2022-01-17,Corporate
CUST02492,Jessica,Wilson,jessica.wilson2492@example.com,804-923-7127,San Diego,CA,United States,2022-04-17,Small Business
CUST02493,Karen,Thomas,karen.thomas2493@example.com,804-696-2381,Houston,TX,United States,2023-10-02,Corporate
CUST02494,Linda,Wilson,linda.wilson2494@example.com,804-206-1242,Alexandria,VA,United States,2022-12-16,Corporate
CUST02495,Thomas,Brown,thomas.brown2495@example.com,804-533-5934,San Francisco,CA,United States,2024-12-10,Consumer
CUST02496,Mary,Wilson,mary.wilson2496@example.com,804-941-4242,Chicago,IL,United States,2022-10-20,Consumer
CUST02497,Susan,Rodriguez,susan.rodriguez2497@example.com,804-134-1864,Dallas,TX,United States,2022-01-26,Consumer
CUST02498,Charles,Wilson,charles.wilson2498@example.com,804-791-6348,Spokane,WA,United States,2023-11-18,Consumer
CUST02499,Patricia,Martinez,patricia.martinez2499@example.com,804-518-8870,Tacoma,WA,United States,2022-02-25,Consumer
CUST02500,David,Jackson,david.jackson2500@example.com,804-980-7583,Orlando,FL,United States,2022-02-09,Corporate
CUST02501,Charles,Jones,charles.jones2501@example.com,804-138-1516,Dallas,TX,United States,2022-10-07,Corporate
CUST02502,Robert,Garcia,robert.garcia2502@example.com,804-486-3291,Springfield,IL,United States,2022-04-07,Small Business
CUST02503,Nancy,Johnson,nancy.johnson2503@example.com,804-362-9752,Seattle,WA,United States,2022-08-22,Corporate
CUST02504,Michael,Davis,michael.davis2504@example.com,804-629-7206,Springfield,IL,United States,2024-01-15,Consumer
CUST02505,Nancy,Rodriguez,nancy.rodriguez2505@example.com,804-229-4548,Rochester,NY,United States,2023-08-04,Corporate
CUST02506,Elizabeth,Martin,elizabeth.martin2506@example.com,804-370-9388,Alexandria,VA,United States,2022-01-11,Corporate
CUST02507,Mary,Jackson,mary.jackson2507@example.com,804-751-8758,Buffalo,NY,United States,2024-06-14,Small Business
CUST02508,William,Jackson,william.jackson2508@example.com,804-583-4801,Tampa,FL,United States,2022-12-30,Corporate
CUST02509,David,Garcia,david.garcia2509@example.com,804-676-2086,Alexandria,VA,United States,2024-01-30,Corporate
CUST02510,Jennifer,Lopez,jennifer.lopez2510@example.com,804-734-7824,Tacoma,WA,United States,2024-11-12,Corporate
CUST02511,Susan,Davis,susan.davis2511@example.com,804-395-8234,San Antonio,TX,United States,2024-01-30,Corporate
CUST02512,David,Davis,david.davis2512@example.com,804-815-7680,Buffalo,NY,United States,2025-02-23,Consumer
CUST02513,Daniel,Moore,daniel.moore2513@example.com,804-307-7361,Buffalo,NY,United States,2022-11-12,Corporate
CUST02514,Patricia,Hernandez,patricia.hernandez2514@example.com,804-568-7854,Richmond,VA,United States,2022-11-17,Consumer
CUST02515,Linda,Hernandez,linda.hernandez2515@example.com,804-661-6382,Buffalo,NY,United States,2023-08-10,Small Business
CUST02516,Daniel,Smith,daniel.smith2516@example.com,804-250-5850,Richmond,VA,United States,2024-03-16,Small Business
CUST02517,Nancy,Martin,nancy.martin2517@example.com,804-462-4679,Seattle,WA,United States,2024-04-30,Small Business
CUST02518,Joseph,Taylor,joseph.taylor2518@example.com,804-129-5011,Springfield,IL,United States,2024-08-03,Consumer
CUST02519,Robert,Gonzalez,robert.gonzalez2519@example.com,804-197-5487,San Francisco,CA,United States,2022-12-07,Small Business
CUST02520,Karen,Smith,karen.smith2520@example.com,804-687-4407,Orlando,FL,United States,2024-03-02,Consumer
CUST02521,Elizabeth,Gonzalez,elizabeth.gonzalez2521@example.com,804-506-4013,Tacoma,WA,United States,2023-09-02,Corporate
CUST02522,Daniel,Garcia,daniel.garcia2522@example.com,804-310-4133,Norfolk,VA,United States,2023-12-07,Small Business
CUST02523,Daniel,Jackson,daniel.jackson2523@example.com,804-504-5296,Naperville,IL,United States,2022-01-24,Small Business
CUST02524,Patricia,Garcia,patricia.garcia2524@example.com,804-680-8539,Peoria,IL,United States,2024-02-24,Consumer
CUST02525,James,Wilson,james.wilson2525@example.com,804-325-2817,Springfield,IL,United States,2023-03-24,Consumer
CUST02526,Jennifer,Lopez,jennifer.lopez2526@example.com,804-894-5045,Seattle,WA,United States,2022-08-21,Small Business
CUST02527,Mary,Williams,mary.williams2527@example.com,804-378-4529,Dallas,TX,United States,2023-04-20,Corporate
CUST02528,Sarah,Miller,sarah.miller2528@example.com,804-388-1746,Naperville,IL,United States,2024-12-28,Small Business
CUST02529,John,Johnson,john.johnson2529@example.com,804-321-1617,San Francisco,CA,United States,2024-10-07,Consumer
CUST02530,John,Brown,john.brown2530@example.com,804-770-2360,Richmond,VA,United States,2023-08-03,Consumer
CUST02531,Jennifer,Johnson,jennifer.johnson2531@example.com,804-513-9917,San Antonio,TX,United States,2024-05-04,Consumer
CUST02532,Nancy,Martin,nancy.martin2532@example.com,804-224-4286,San Diego,CA,United States,2023-08-21,Corporate
CUST02533,David,Martinez,david.martinez2533@example.com,804-314-6230,Tampa,FL,United States,2022-11-16,Consumer
CUST02534,Sarah,Jackson,sarah.jackson2534@example.com,804-202-4365,Chicago,IL,United States,2024-09-21,Small Business
CUST02535,Sarah,Brown,sarah.brown2535@example.com,804-308-3215,Seattle,WA,United States,2024-10-11,Small Business
CUST02536,James,Jones,james.jones2536@example.com,804-633-2446,Rochester,NY,United States,2022-01-09,Corporate
CUST02537,Karen,Anderson,karen.anderson2537@example.com,804-596-2230,Spokane,WA,United States,2023-10-12,Small Business
CUST02538,Charles,Lopez,charles.lopez2538@example.com,804-292-2175,Alexandria,VA,United States,2023-08-27,Consumer
CUST02539,Mary,Thomas,mary.thomas2539@example.com,804-901-5690,New York,NY,United States,2024-02-16,Consumer
CUST02540,Susan,Martinez,susan.martinez2540@example.com,804-443-4568,Los Angeles,CA,United States,2023-05-02,Corporate
CUST02541,Jessica,Garcia,jessica.garcia2541@example.com,804-359-6642,Richmond,VA,United States,2024-04-12,Corporate
CUST02542,Sarah,Martinez,sarah.martinez2542@example.com,804-472-5636,Los Angeles,CA,United States,2022-10-12,Corporate
CUST02543,Thomas,Jackson,thomas.jackson2543@example.com,804-467-7978,Tampa,FL,United States,2024-12-02,Corporate
CUST02544,Nancy,Davis,nancy.davis2544@example.com,804-705-6582,Los Angeles,CA,United States,2024-01-27,Corporate
CUST02545,Joseph,Miller,joseph.miller2545@example.com,804-249-4018,Albany,NY,United States,2024-10-30,Corporate
CUST02546,Robert,Gonzalez,robert.gonzalez2546@example.com,804-475-1424,Virginia Beach,VA,United States,2024-01-11,Corporate
CUST02547,James,Johnson,james.johnson2547@example.com,804-958-4645,San Jose,CA,United States,2023-07-17,Consumer
CUST02548,Jessica,Garcia,,804-896-2681,New York,NY,United States,2024-11-14,Consumer
CUST02549,Jessica,Wilson,jessica.wilson2549@example.com,804-597-3221,Miami,FL,United States,2023-07-11,Small Business
CUST02550,Jennifer,Miller,jennifer.miller2550@example.com,804-991-3643,Miami,FL,United States,2022-09-07,Consumer
CUST02551,Jennifer,Garcia,jennifer.garcia2551@example.com,804-648-5550,Orlando,FL,United States,2023-08-05,Corporate
CUST02552,Michael,Lopez,michael.lopez2552@example.com,804-379-2511,Tampa,FL,United States,2022-03-07,Consumer
CUST02553,Thomas,Martin,thomas.martin2553@example.com,804-900-2667,Seattle,WA,United States,2023-04-13,Small Business
CUST02554,James,Hernandez,james.hernandez2554@example.com,804-268-9693,Austin,TX,United States,2024-06-26,Small Business
CUST02555,Jessica,Martinez,jessica.martinez2555@example.com,804-141-8608,San Jose,CA,United States,2024-09-29,Small Business
CUST02556,Karen,Smith,karen.smith2556@example.com,804-204-5713,Seattle,WA,United States,2022-02-18,Small Business
CUST02557,John,Martin,john.martin2557@example.com,804-771-5303,Buffalo,NY,United States,2024-11-11,Corporate
CUST02558,Thomas,Martinez,thomas.martinez2558@example.com,804-279-2392,Springfield,IL,United States,2025-02-01,Small Business
CUST02559,Nancy,Davis,nancy.davis2559@example.com,804-609-1408,San Francisco,CA,United States,2023-03-31,Small Business
CUST02560,Daniel,Brown,daniel.brown2560@example.com,804-943-8284,Springfield,IL,United States,2022-07-19,Corporate
CUST02561,Joseph,Martin,joseph.martin2561@example.com,804-665-6294,Miami,FL,United States,2023-10-16,Corporate
CUST02562,Daniel,Jackson,daniel.jackson2562@example.com,804-291-1010,New York,NY,United States,2025-01-20,Corporate
CUST02563,Mary,Martinez,mary.martinez2563@example.com,804-920-9900,Buffalo,NY,United States,2024-11-30,Corporate
CUST02564,Mary,Gonzalez,mary.gonzalez2564@example.com,804-339-8411,Rochester,NY,United States,2024-07-30,Corporate
CUST02565,John,Gonzalez,john.gonzalez2565@example.com,804-195-4648,Buffalo,NY,United States,2024-06-28,Corporate
CUST02566,Daniel,Moore,daniel.moore2566@example.com,804-750-1335,San Diego,CA,United States,2024-01-03,Small Business
CUST02567,Joseph,Martin,joseph.martin2567@example.com,804-375-5936,Orlando,FL,United States,2024-03-25,Corporate
CUST02568,Jennifer,Hernandez,jennifer.hernandez2568@example.com,804-791-4017,Seattle,WA,United States,2024-12-24,Consumer
CUST02569,Jennifer,Miller,jennifer.miller2569@example.com,804-181-8444,New York,NY,United States,2022-03-07,Small Business
CUST02570,David,Hernandez,david.hernandez2570@example.com,804-647-6538,San Antonio,TX,United States,2022-08-10,Corporate
CUST02571,Daniel,Smith,daniel.smith2571@example.com,804-928-7206,Virginia Beach,VA,United States,2024-10-18,Consumer
CUST02572,Thomas,Johnson,thomas.johnson2572@example.com,804-247-6536,Dallas,TX,United States,2023-03-30,Small Business
CUST02573,Linda,Williams,linda.williams2573@example.com,804-331-1755,Buffalo,NY,United States,2024-12-11,Corporate
CUST02574,Nancy,Wilson,nancy.wilson2574@example.com,804-261-2625,Virginia Beach,VA,United States,2022-07-05,Corporate
CUST02575,Robert,Jones,robert.jones2575@example.com,804-575-9873,San Jose,CA,United States,2022-06-28,Consumer
CUST02576,Linda,Jackson,linda.jackson2576@example.com,804-314-8779,San Antonio,TX,United States,2024-02-23,Consumer
CUST02577,Susan,Johnson,susan.johnson2577@example.com,804-260-9193,Houston,TX,United States,2023-04-18,Consumer
CUST02578,Susan,Smith,susan.smith2578@example.com,804-197-1798,Dallas,TX,United States,2022-04-03,Consumer
CUST02579,Michael,Lopez,michael.lopez2579@example.com,804-598-2388,Orlando,FL,United States,2024-09-29,Small Business
CUST02580,James,Garcia,james.garcia2580@example.com,804-485-3395,Naperville,IL,United States,2024-05-31,Consumer
CUST02581,William,Thomas,william.thomas2581@example.com,804-416-1040,San Jose,CA,United States,2023-12-26,Small Business
CUST02582,Robert,Davis,robert.davis2582@example.com,804-239-4839,San Jose,CA,United States,2023-12-06,Consumer
CUST02583,Thomas,Anderson,thomas.anderson2583@example.com,804-485-5745,Seattle,WA,United States,2023-08-07,Corporate
CUST02584,Thomas,Smith,thomas.smith2584@example.com,804-300-2710,Seattle,WA,United States,2023-08-29,Consumer
CUST02585,Jessica,Wilson,jessica.wilson2585@example.com,804-452-3896,Peoria,IL,United States,2023-11-28,Small Business
CUST02586,Jessica,Williams,jessica.williams2586@example.com,804-667-2417,Houston,TX,United States,2025-03-24,Small Business
CUST02587,Mary,Wilson,mary.wilson2587@example.com,804-235-5028,Chicago,IL,United States,2022-05-03,Consumer
CUST02588,Karen,Anderson,karen.anderson2588@example.com,804-537-4350,San Francisco,CA,United States,2024-09-05,Corporate
CUST02589,Sarah,Brown,sarah.brown2589@example.com,804-989-3261,Tampa,FL,United States,2022-11-15,Corporate
CUST02590,Elizabeth,Taylor,elizabeth.taylor2590@example.com,804-185-2361,Rochester,NY,United States,2023-03-28,Corporate
CUST02591,Michael,Smith,michael.smith2591@example.com,804-950-6515,Los Angeles,CA,United States,2023-05-17,Consumer
CUST02592,Robert,Davis,robert.davis2592@example.com,804-365-8165,Chicago,IL,United States,2023-03-01,Corporate
CUST02593,Joseph,Gonzalez,joseph.gonzalez2593@example.com,804-873-9771,Orlando,FL,United States,2022-09-17,Small Business
CUST02594,Karen,Miller,karen.miller2594@example.com,804-683-2172,Bellevue,WA,United States,2024-04-25,Corporate
CUST02595,Robert,Johnson,robert.johnson2595@example.com,804-934-7354,Los Angeles,CA,United States,2023-07-17,Corporate
CUST02596,Elizabeth,Garcia,elizabeth.garcia2596@example.com,804-165-3367,Alexandria,VA,United States,2023-03-28,Corporate
CUST02597,Susan,Davis,susan.davis2597@example.com,804-788-7426,Tacoma,WA,United States,2024-09-28,Corporate
CUST02598,Sarah,Wilson,sarah.wilson2598@example.com,804-702-7977,Rochester,NY,United States,2024-11-13,Consumer
CUST02599,Daniel,Martinez,daniel.martinez2599@example.com,804-414-7664,Naperville,IL,United States,2022-09-04,Small Business
CUST02600,Jessica,Jackson,jessica.jackson2600@example.com,804-646-6469,San Antonio,TX,United States,2023-11-01,Consumer
CUST02601,Jessica,Jones,jessica.jones2601@example.com,804-283-4791,Bellevue,WA,United States,2024-05-05,Small Business
CUST02602,Thomas,Jackson,thomas.jackson2602@example.com,804-987-3268,Tacoma,WA,United States,2023-06-12,Consumer
CUST02603,Jessica,Lopez,jessica.lopez2603@example.com,804-399-9084,San Diego,CA,United States,2022-10-29,Corporate
CUST02604,James,Martinez,james.martinez2604@example.com,804-978-3243,Rochester,NY,United States,2025-03-07,Corporate
CUST02605,Mary,Anderson,mary.anderson2605@example.com,804-725-9678,San Diego,CA,United States,2023-04-17,Consumer
CUST02606,Robert,Davis,robert.davis2606@example.com,804-681-5419,San Antonio,TX,United States,2022-11-16,Corporate
CUST02607,Sarah,Gonzalez,sarah.gonzalez2607@example.com,804-301-7668,Bellevue,WA,United States,2022-01-25,Small Business
CUST02608,Charles,Wilson,charles.wilson2608@example.com,804-241-3482,Houston,TX,United States,2022-08-20,Consumer
CUST02609,Charles,Martinez,charles.martinez2609@example.com,804-936-5147,Tampa,FL,United States,2022-09-17,Small Business
CUST02610,Michael,Wilson,michael.wilson2610@example.com,804-123-9347,Bellevue,WA,United States,2025-03-26,Consumer
CUST02611,Nancy,Gonzalez,nancy.gonzalez2611@example.com,804-108-6497,Richmond,VA,United States,2023-02-28,Small Business
CUST02612,Elizabeth,Wilson,elizabeth.wilson2612@example.com,804-479-7869,Orlando,FL,United States,2022-02-19,Corporate
CUST02613,Patricia,Miller,patricia.miller2613@example.com,804-677-4525,Austin,TX,United States,2024-01-27,Corporate
CUST02614,James,Williams,james.williams2614@example.com,804-212-8785,San Jose,CA,United States,2023-08-21,Corporate
CUST02615,Mary,Moore,mary.moore2615@example.com,804-690-1585,San Diego,CA,United States,2024-12-08,Corporate
CUST02616,Elizabeth,Johnson,elizabeth.johnson2616@example.com,804-515-7307,Buffalo,NY,United States,2022-05-11,Small Business
CUST02617,David,Miller,david.miller2617@example.com,804-761-4559,Miami,FL,United States,2023-07-17,Corporate
CUST02618,Charles,Johnson,charles.johnson2618@example.com,804-512-9459,Houston,TX,United States,2022-01-25,Corporate
CUST02619,Sarah,Anderson,sarah.anderson2619@example.com,804-722-1609,Tampa,FL,United States,2022-03-15,Consumer
CUST02620,Patricia,Gonzalez,patricia.gonzalez2620@example.com,804-546-2530,Orlando,FL,United States,2024-09-17,Consumer
CUST02621,Jessica,Taylor,jessica.taylor2621@example.com,804-684-8700,Richmond,VA,United States,2022-06-24,Corporate
CUST02622,Charles,Miller,charles.miller2622@example.com,804-167-8806,Springfield,IL,United States,2022-11-24,Consumer
CUST02623,David,Moore,david.moore2623@example.com,804-465-9832,Austin,TX,United States,2023-01-24,Consumer
CUST02624,Thomas,Jones,thomas.jones2624@example.com,804-345-5054,Tampa,FL,United States,2023-05-21,Small Business
CUST02625,Charles,Garcia,charles.garcia2625@example.com,804-775-3326,Buffalo,NY,United States,2024-03-05,Consumer
CUST02626,Sarah,Hernandez,sarah.hernandez2626@example.com,804-652-5385,Miami,FL,United States,2022-05-17,Corporate
CUST02627,Michael,Smith,michael.smith2627@example.com,804-907-9444,Tacoma,WA,United States,2022-01-14,Corporate
CUST02628,Thomas,Garcia,thomas.garcia2628@example.com,804-673-4636,Alexandria,VA,United States,2024-05-30,Corporate
CUST02629,Mary,Garcia,mary.garcia2629@example.com,,Buffalo,NY,United States,2024-11-26,Consumer
CUST02630,Karen,Anderson,karen.anderson2630@example.com,804-677-8731,Tacoma,WA,United States,2022-01-16,Consumer
CUST02631,Thomas,Davis,thomas.davis2631@example.com,804-580-8469,Orlando,FL,United States,2024-09-17,Small Business
CUST02632,Charles,Martinez,charles.martinez2632@example.com,804-768-9256,Austin,TX,United States,2022-09-20,Corporate
CUST02633,Mary,Smith,mary.smith2633@example.com,804-149-3319,Richmond,VA,United States,2022-10-27,Small Business
CUST02634,Elizabeth,Martinez,elizabeth.martinez2634@example.com,804-856-8920,Virginia Beach,VA,United States,2022-04-17,Small Business
CUST02635,Patricia,Martin,patricia.martin2635@example.com,804-696-8778,Bellevue,WA,United States,2022-09-04,Consumer
CUST02636,Jessica,Lopez,jessica.lopez2636@example.com,804-516-5849,Bellevue,WA,United States,2024-04-04,Consumer
CUST02637,Joseph,Taylor,joseph.taylor2637@example.com,804-897-5358,Tacoma,WA,United States,2023-02-03,Consumer
CUST02638,Robert,Garcia,robert.garcia2638@example.com,804-798-6972,Spokane,WA,United States,2022-10-11,Consumer
CUST02639,Jennifer,Jones,jennifer.jones2639@example.com,804-349-1217,Seattle,WA,United States,2022-06-05,Corporate
CUST02640,Sarah,Davis,sarah.davis2640@example.com,804-604-2872,Richmond,VA,United States,2022-08-22,Consumer
CUST02641,Patricia,Johnson,patricia.johnson2641@example.com,804-109-1503,San Francisco,CA,United States,2022-11-07,Small Business
CUST02642,Karen,Jackson,karen.jackson2642@example.com,804-444-8466,Springfield,IL,United States,2023-06-20,Small Business
CUST02643,David,Martinez,david.martinez2643@example.com,804-191-4062,Orlando,FL,United States,2024-01-04,Consumer
CUST02644,Daniel,Williams,daniel.williams2644@example.com,804-827-9279,Spokane,WA,United States,2024-02-27,Corporate
CUST02645,Elizabeth,Davis,elizabeth.davis2645@example.com,804-193-9107,Tacoma,WA,United States,2022-02-16,Small Business
CUST02646,Jessica,Lopez,jessica.lopez2646@example.com,804-651-6457,Dallas,TX,United States,2023-09-28,Corporate
CUST02647,Jennifer,Thomas,jennifer.thomas2647@example.com,804-140-1563,Springfield,IL,United States,2023-08-18,Small Business
CUST02648,Robert,Smith,robert.smith2648@example.com,804-411-7176,Jacksonville,FL,United States,2022-04-12,Consumer
CUST02649,Karen,Hernandez,karen.hernandez2649@example.com,804-998-2876,Buffalo,NY,United States,2022-10-21,Corporate
CUST02650,Mary,Miller,mary.miller2650@example.com,804-322-7248,Austin,TX,United States,2024-05-11,Small Business
CUST02651,Michael,Smith,michael.smith2651@example.com,804-703-1858,Los Angeles,CA,United States,2022-04-27,Small Business
CUST02652,John,Moore,john.moore2652@example.com,804-974-9711,Richmond,VA,United States,2022-01-08,Consumer
CUST02653,Linda,Hernandez,linda.hernandez2653@example.com,804-656-3944,Naperville,IL,United States,2022-05-13,Small Business
CUST02654,Linda,Johnson,linda.johnson2654@example.com,804-534-2450,Buffalo,NY,United States,2024-06-27,Consumer
CUST02655,Karen,Smith,karen.smith2655@example.com,804-790-8030,Miami,FL,United States,2022-10-15,Small Business
CUST02656,Daniel,Martinez,daniel.martinez2656@example.com,804-967-1061,Bellevue,WA,United States,2023-06-10,Corporate
CUST02657,John,Johnson,john.johnson2657@example.com,804-982-8088,Buffalo,NY,United States,2023-05-16,Corporate
CUST02658,Nancy,Taylor,nancy.taylor2658@example.com,804-698-3044,Buffalo,NY,United States,2022-07-13,Small Business
CUST02659,Nancy,Davis,nancy.davis2659@example.com,804-129-2701,Alexandria,VA,United States,2023-12-31,Corporate
CUST02660,Patricia,Taylor,patricia.taylor2660@example.com,804-773-9696,Alexandria,VA,United States,2024-03-26,Small Business
CUST02661,Linda,Wilson,linda.wilson2661@example.com,804-846-7496,Tampa,FL,United States,2022-02-20,Small Business
CUST02662,Jennifer,Jackson,jennifer.jackson2662@example.com,804-545-8272,Dallas,TX,United States,2024-05-20,Small Business
CUST02663,Daniel,Miller,daniel.miller2663@example.com,804-936-6322,Alexandria,VA,United States,2022-06-25,Consumer
CUST02664,Nancy,Moore,nancy.moore2664@example.com,804-694-4962,Miami,FL,United States,2024-08-07,Corporate
CUST02665,David,Hernandez,david.hernandez2665@example.com,804-255-8107,Jacksonville,FL,United States,2024-09-10,Corporate
CUST02666,Joseph,Martinez,joseph.martinez2666@example.com,804-859-9719,San Diego,CA,United States,2025-02-14,Consumer
CUST02667,Elizabeth,Brown,elizabeth.brown2667@example.com,804-437-8910,Bellevue,WA,United States,2022-08-12,Small Business
CUST02668,Robert,Jackson,robert.jackson2668@example.com,804-920-2520,Spokane,WA,United States,2024-03-22,Small Business
CUST02669,Patricia,Martinez,,804-993-6915,Jacksonville,FL,United States,2022-03-22,Consumer
CUST02670,William,Rodriguez,william.rodriguez2670@example.com,804-674-9049,Orlando,FL,United States,2024-12-06,Corporate
CUST02671,Linda,Smith,linda.smith2671@example.com,804-226-2665,Tacoma,WA,United States,2023-02-06,Small Business
CUST02672,James,Williams,james.williams2672@example.com,804-381-3800,Peoria,IL,United States,2022-03-15,Small Business
CUST02673,Nancy,Lopez,nancy.lopez2673@example.com,804-971-4097,Dallas,TX,United States,2022-11-28,Corporate
CUST02674,Karen,Smith,karen.smith2674@example.com,804-901-9167,Virginia Beach,VA,United States,2022-03-27,Small Business
CUST02675,William,Garcia,william.garcia2675@example.com,804-818-8392,Alexandria,VA,United States,2022-10-12,Corporate
CUST02676,Elizabeth,Smith,elizabeth.smith2676@example.com,804-926-5539,Naperville,IL,United States,2024-10-10,Corporate
CUST02677,Nancy,Lopez,nancy.lopez2677@example.com,804-837-7232,Alexandria,VA,United States,2023-06-08,Small Business
CUST02678,Susan,Martinez,susan.martinez2678@example.com,804-438-2074,Albany,NY,United States,2023-03-25,Corporate
CUST02679,Karen,Moore,karen.moore2679@example.com,804-303-5385,Peoria,IL,United States,2023-12-26,Small Business
CUST02680,Linda,Lopez,linda.lopez2680@example.com,804-952-9102,Peoria,IL,United States,2022-11-24,Consumer
CUST02681,Elizabeth,Taylor,elizabeth.taylor2681@example.com,804-981-8548,Buffalo,NY,United States,2022-11-12,Corporate
CUST02682,Charles,Martin,charles.martin2682@example.com,804-518-4578,Buffalo,NY,United States,2022-11-22,Small Business
CUST02683,Linda,Wilson,linda.wilson2683@example.com,804-464-1389,Tampa,FL,United States,2025-01-01,Small Business
CUST02684,Mary,Lopez,mary.lopez2684@example.com,804-375-7568,Chicago,IL,United States,2022-12-25,Corporate
CUST02685,Mary,Anderson,mary.anderson2685@example.com,804-876-4213,Austin,TX,United States,2022-12-19,Small Business
CUST02686,Linda,Thomas,linda.thomas2686@example.com,804-907-6658,Austin,TX,United States,2023-07-07,Small Business
CUST02687,Linda,Moore,linda.moore2687@example.com,804-443-6753,Los Angeles,CA,United States,2024-05-13,Consumer
CUST02688,James,Martinez,james.martinez2688@example.com,804-196-6106,New York,NY,United States,2023-01-14,Consumer
CUST02689,Robert,Anderson,robert.anderson2689@example.com,804-868-9052,Tampa,FL,United States,2023-04-22,Small Business
CUST02690,Michael,Williams,michael.williams2690@example.com,804-344-6776,Seattle,WA,United States,2022-08-17,Small Business
CUST02691,Jennifer,Gonzalez,jennifer.gonzalez2691@example.com,804-252-8112,Buffalo,NY,United States,2024-08-01,Small Business
CUST02692,Susan,Brown,susan.brown2692@example.com,804-607-4660,Chicago,IL,United States,2024-12-08,Small Business
CUST02693,Susan,Lopez,susan.lopez2693@example.com,804-747-8067,Albany,NY,United States,2022-06-14,Consumer
CUST02694,John,Jackson,john.jackson2694@example.com,804-588-5987,Austin,TX,United States,2022-07-12,Corporate
CUST02695,Linda,Anderson,linda.anderson2695@example.com,804-585-4055,Chicago,IL,United States,2024-05-05,Small Business
CUST02696,Michael,Davis,michael.davis2696@example.com,804-963-3300,Norfolk,VA,United States,2024-02-29,Consumer
CUST02697,Susan,Wilson,susan.wilson2697@example.com,804-203-3847,Springfield,IL,United States,2024-05-21,Corporate
CUST02698,Patricia,Taylor,patricia.taylor2698@example.com,804-114-1970,Bellevue,WA,United States,2024-03-14,Corporate
CUST02699,Jessica,Davis,jessica.davis2699@example.com,804-546-9094,San Diego,CA,United States,2023-11-20,Consumer
CUST02700,David,Martin,david.martin2700@example.com,804-551-4728,Tacoma,WA,United States,2022-09-14,Small Business
CUST02701,Michael,Rodriguez,michael.rodriguez2701@example.com,804-643-1630,Tacoma,WA,United States,2024-12-23,Corporate
CUST02702,John,Martinez,john.martinez2702@example.com,804-478-4969,Springfield,IL,United States,2022-04-28,Corporate
CUST02703,Robert,Moore,robert.moore2703@example.com,804-361-3171,Dallas,TX,United States,2022-08-08,Corporate
CUST02704,Joseph,Anderson,joseph.anderson2704@example.com,804-399-1397,Houston,TX,United States,2022-08-14,Small Business
CUST02705,John,Taylor,john.taylor2705@example.com,804-546-7103,Tacoma,WA,United States,2023-09-05,Consumer
CUST02706,Mary,Garcia,mary.garcia2706@example.com,804-794-2756,Peoria,IL,United States,2024-09-17,Corporate
CUST02707,Daniel,Brown,daniel.brown2707@example.com,804-901-6566,Peoria,IL,United States,2022-09-17,Consumer
CUST02708,Jennifer,Taylor,jennifer.taylor2708@example.com,804-185-1877,San Francisco,CA,United States,2022-10-17,Small Business
CUST02709,Nancy,Jones,nancy.jones2709@example.com,804-506-2237,Houston,TX,United States,2025-01-31,Corporate
CUST02710,Jessica,Thomas,jessica.thomas2710@example.com,,Los Angeles,CA,United States,2024-01-06,Small Business
CUST02711,Elizabeth,Lopez,elizabeth.lopez2711@example.com,804-157-5166,Seattle,WA,United States,2024-02-04,Corporate
CUST02712,Jennifer,Smith,jennifer.smith2712@example.com,804-673-9099,San Antonio,TX,United States,2024-12-02,Small Business
CUST02713,Elizabeth,Lopez,elizabeth.lopez2713@example.com,804-509-8415,San Diego,CA,United States,2023-10-10,Corporate
CUST02714,Mary,Rodriguez,mary.rodriguez2714@example.com,804-801-8524,San Diego,CA,United States,2023-07-14,Small Business
CUST02715,Karen,Jones,karen.jones2715@example.com,804-198-1731,San Antonio,TX,United States,2025-01-14,Consumer
CUST02716,Robert,Anderson,robert.anderson2716@example.com,804-202-4992,Houston,TX,United States,2022-04-10,Consumer
CUST02717,Karen,Martinez,karen.martinez2717@example.com,804-340-9772,Dallas,TX,United States,2022-01-06,Small Business
CUST02718,Linda,Garcia,linda.garcia2718@example.com,804-635-2991,San Diego,CA,United States,2022-06-07,Small Business
CUST02719,Jessica,Smith,jessica.smith2719@example.com,804-855-7232,Houston,TX,United States,2024-09-07,Small Business
CUST02720,Daniel,Martinez,daniel.martinez2720@example.com,804-288-1756,Peoria,IL,United States,2024-05-27,Consumer
CUST02721,William,Brown,william.brown2721@example.com,804-567-2870,Seattle,WA,United States,2024-08-28,Corporate
CUST02722,James,Moore,james.moore2722@example.com,804-321-8516,Spokane,WA,United States,2022-08-02,Consumer
CUST02723,Patricia,Jackson,patricia.jackson2723@example.com,804-411-6927,Seattle,WA,United States,2023-06-27,Corporate
CUST02724,Sarah,Jones,sarah.jones2724@example.com,804-498-2882,Jacksonville,FL,United States,2023-12-06,Small Business
CUST02725,John,Davis,john.davis2725@example.com,804-612-7803,Alexandria,VA,United States,2022-08-27,Consumer
CUST02726,Susan,Gonzalez,susan.gonzalez2726@example.com,804-894-8219,San Diego,CA,United States,2024-04-02,Small Business
CUST02727,Susan,Thomas,susan.thomas2727@example.com,804-657-9597,San Antonio,TX,United States,2022-07-21,Corporate
CUST02728,Mary,Garcia,mary.garcia2728@example.com,804-834-5729,Springfield,IL,United States,2023-03-22,Small Business
CUST02729,Elizabeth,Gonzalez,elizabeth.gonzalez2729@example.com,804-309-4578,Virginia Beach,VA,United States,2024-10-09,Consumer
CUST02730,John,Anderson,john.anderson2730@example.com,804-741-2675,Richmond,VA,United States,2023-09-03,Corporate
CUST02731,Patricia,Martin,patricia.martin2731@example.com,804-368-8851,Alexandria,VA,United States,2023-03-01,Consumer
CUST02732,Joseph,Moore,joseph.moore2732@example.com,804-122-4546,Jacksonville,FL,United States,2024-11-11,Corporate
CUST02733,Linda,Smith,linda.smith2733@example.com,804-598-4732,San Jose,CA,United States,2025-01-13,Corporate
CUST02734,John,Lopez,john.lopez2734@example.com,804-216-3747,Orlando,FL,United States,2022-10-24,Corporate
CUST02735,Nancy,Davis,nancy.davis2735@example.com,804-151-7178,New York,NY,United States,2022-03-31,Small Business
CUST02736,Patricia,Williams,patricia.williams2736@example.com,804-625-3570,Jacksonville,FL,United States,2022-12-15,Corporate
CUST02737,James,Williams,james.williams2737@example.com,804-891-7561,Miami,FL,United States,2024-07-03,Small Business
CUST02738,David,Anderson,david.anderson2738@example.com,804-391-8353,Tampa,FL,United States,2025-03-26,Small Business
CUST02739,Robert,Brown,robert.brown2739@example.com,804-659-7704,Richmond,VA,United States,2022-08-15,Corporate
CUST02740,Patricia,Moore,patricia.moore2740@example.com,804-178-9069,Miami,FL,United States,2022-01-20,Consumer
CUST02741,David,Wilson,david.wilson2741@example.com,804-304-2542,Tacoma,WA,United States,2022-07-13,Consumer
CUST02742,Susan,Lopez,susan.lopez2742@example.com,804-528-5998,Virginia Beach,VA,United States,2024-04-28,Small Business
CUST02743,Karen,Taylor,karen.taylor2743@example.com,804-638-1877,Los Angeles,CA,United States,2025-03-21,Corporate
CUST02744,Mary,Brown,mary.brown2744@example.com,804-178-7979,Tacoma,WA,United States,2022-01-27,Corporate
CUST02745,Jennifer,Brown,jennifer.brown2745@example.com,804-223-4966,Virginia Beach,VA,United States,2023-02-03,Consumer
CUST02746,David,Rodriguez,david.rodriguez2746@example.com,804-805-1922,Miami,FL,United States,2022-04-03,Consumer
CUST02747,Susan,Martinez,susan.martinez2747@example.com,804-449-7899,Albany,NY,United States,2024-10-28,Consumer
CUST02748,Karen,Brown,karen.brown2748@example.com,804-718-3525,San Antonio,TX,United States,2023-07-25,Consumer
CUST02749,David,Brown,david.brown2749@example.com,804-817-4018,Norfolk,VA,United States,2022-05-23,Corporate
CUST02750,William,Thomas,william.thomas2750@example.com,804-938-3985,Bellevue,WA,United States,2023-01-03,Small Business
CUST02751,Patricia,Moore,patricia.moore2751@example.com,804-367-6865,Virginia Beach,VA,United States,2025-03-16,Corporate
CUST02752,Karen,Rodriguez,karen.rodriguez2752@example.com,804-498-4565,Buffalo,NY,United States,2022-07-12,Consumer
CUST02753,Sarah,Martin,sarah.martin2753@example.com,804-701-8022,Norfolk,VA,United States,2022-04-05,Small Business
CUST02754,Daniel,Moore,daniel.moore2754@example.com,804-675-3880,Virginia Beach,VA,United States,2023-07-23,Small Business
CUST02755,Michael,Hernandez,michael.hernandez2755@example.com,804-620-2054,Chicago,IL,United States,2024-05-07,Consumer
CUST02756,Nancy,Thomas,nancy.thomas2756@example.com,804-589-3229,San Antonio,TX,United States,2024-07-16,Consumer
CUST02757,Elizabeth,Smith,elizabeth.smith2757@example.com,804-766-3812,Springfield,IL,United States,2023-09-18,Small Business
CUST02758,William,Brown,william.brown2758@example.com,804-789-5024,Springfield,IL,United States,2022-05-06,Consumer
CUST02759,Elizabeth,Smith,elizabeth.smith2759@example.com,804-374-3755,Los Angeles,CA,United States,2023-09-27,Corporate
CUST02760,William,Jones,william.jones2760@example.com,804-350-7026,Chicago,IL,United States,2022-11-19,Consumer
CUST02761,Jessica,Lopez,jessica.lopez2761@example.com,804-536-2067,Chicago,IL,United States,2022-08-30,Corporate
CUST02762,Nancy,Jackson,nancy.jackson2762@example.com,804-459-4152,New York,NY,United States,2023-09-25,Small Business
CUST02763,Michael,Anderson,michael.anderson2763@example.com,804-237-5916,San Jose,CA,United States,2023-09-30,Corporate
CUST02764,Nancy,Johnson,nancy.johnson2764@example.com,804-783-2156,Orlando,FL,United States,2024-02-29,Consumer
CUST02765,David,Martin,david.martin2765@example.com,804-279-1577,Buffalo,NY,United States,2025-03-29,Small Business
CUST02766,Joseph,Gonzalez,joseph.gonzalez2766@example.com,804-683-6684,Alexandria,VA,United States,2022-12-21,Consumer
CUST02767,Daniel,Rodriguez,daniel.rodriguez2767@example.com,804-723-1266,Los Angeles,CA,United States,2025-01-14,Small Business
CUST02768,Elizabeth,Jones,elizabeth.jones2768@example.com,804-487-7957,Buffalo,NY,United States,2023-08-26,Small Business
CUST02769,William,Wilson,william.wilson2769@example.com,804-651-4769,Dallas,TX,United States,2023-09-07,Consumer
CUST02770,Patricia,Taylor,patricia.taylor2770@example.com,804-619-8121,Alexandria,VA,United States,2023-06-06,Corporate
CUST02771,Linda,Moore,linda.moore2771@example.com,804-437-6628,San Antonio,TX,United States,2022-10-01,Consumer
CUST02772,James,Jackson,james.jackson2772@example.com,804-748-9569,Spokane,WA,United States,2022-12-01,Small Business
CUST02773,Sarah,Smith,sarah.smith2773@example.com,804-434-4432,San Antonio,TX,United States,2024-05-14,Corporate
CUST02774,Sarah,Gonzalez,,804-227-9569,New York,NY,United States,2023-06-14,Consumer
CUST02775,Daniel,Hernandez,daniel.hernandez2775@example.com,804-566-4477,Buffalo,NY,United States,2025-02-01,Corporate
CUST02776,Nancy,Gonzalez,nancy.gonzalez2776@example.com,804-540-8372,Peoria,IL,United States,2024-11-23,Small Business
CUST02777,Thomas,Smith,thomas.smith2777@example.com,804-122-8098,Richmond,VA,United States,2024-07-26,Small Business
CUST02778,Nancy,Anderson,nancy.anderson2778@example.com,804-917-9578,Los Angeles,CA,United States,2022-02-23,Corporate
CUST02779,Thomas,Brown,thomas.brown2779@example.com,804-528-8080,Rochester,NY,United States,2024-09-10,Small Business
CUST02780,John,Moore,john.moore2780@example.com,804-493-9051,Peoria,IL,United States,2022-02-10,Small Business
CUST02781,Jennifer,Miller,jennifer.miller2781@example.com,804-755-8126,Buffalo,NY,United States,2024-01-24,Small Business
CUST02782,William,Hernandez,william.hernandez2782@example.com,804-518-4757,Seattle,WA,United States,2023-11-18,Corporate
CUST02783,William,Garcia,william.garcia2783@example.com,804-951-9799,Bellevue,WA,United States,2022-05-28,Small Business
CUST02784,Thomas,Brown,thomas.brown2784@example.com,804-157-4943,New York,NY,United States,2022-09-24,Small Business
CUST02785,Sarah,Wilson,sarah.wilson2785@example.com,804-626-2168,Springfield,IL,United States,2024-02-10,Small Business
CUST02786,Charles,Martinez,charles.martinez2786@example.com,804-989-1848,Orlando,FL,United States,2024-04-13,Small Business
CUST02787,Susan,Davis,susan.davis2787@example.com,804-970-3315,Los Angeles,CA,United States,2022-02-14,Corporate
CUST02788,David,Williams,david.williams2788@example.com,804-758-9252,Tacoma,WA,United States,2022-01-04,Corporate
CUST02789,Sarah,Anderson,sarah.anderson2789@example.com,804-321-7345,Rochester,NY,United States,2024-08-30,Corporate
CUST02790,Michael,Wilson,michael.wilson2790@example.com,804-316-5229,Austin,TX,United States,2023-09-15,Corporate
CUST02791,Linda,Davis,linda.davis2791@example.com,804-327-7074,Los Angeles,CA,United States,2022-11-05,Corporate
CUST02792,Mary,Anderson,mary.anderson2792@example.com,804-386-6854,Houston,TX,United States,2024-07-03,Corporate
CUST02793,Jessica,Jones,jessica.jones2793@example.com,804-651-6130,Virginia Beach,VA,United States,2024-03-14,Small Business
CUST02794,Karen,Martin,karen.martin2794@example.com,804-891-7133,Alexandria,VA,United States,2023-06-27,Small Business
CUST02795,Linda,Martinez,linda.martinez2795@example.com,804-462-4117,Spokane,WA,United States,2022-10-11,Corporate
CUST02796,James,Davis,james.davis2796@example.com,804-670-8787,Alexandria,VA,United States,2024-08-11,Corporate
CUST02797,James,Thomas,james.thomas2797@example.com,804-415-8293,Alexandria,VA,United States,2023-12-28,Corporate
CUST02798,David,Thomas,david.thomas2798@example.com,804-736-1953,Tacoma,WA,United States,2023-03-02,Consumer
CUST02799,William,Johnson,william.johnson2799@example.com,804-465-9294,Bellevue,WA,United States,2024-02-03,Consumer
CUST02800,William,Hernandez,william.hernandez2800@example.com,804-351-6602,Austin,TX,United States,2024-05-15,Consumer
CUST02801,Robert,Wilson,robert.wilson2801@example.com,804-366-8641,Richmond,VA,United States,2022-01-28,Consumer
CUST02802,John,Williams,john.williams2802@example.com,804-871-6925,San Diego,CA,United States,2023-09-23,Corporate
CUST02803,Nancy,Taylor,nancy.taylor2803@example.com,804-188-9972,Jacksonville,FL,United States,2023-10-06,Consumer
CUST02804,Michael,Anderson,michael.anderson2804@example.com,804-178-6111,Spokane,WA,United States,2024-04-02,Small Business
CUST02805,John,Taylor,john.taylor2805@example.com,804-784-1000,Peoria,IL,United States,2024-11-12,Corporate
CUST02806,Jessica,Gonzalez,jessica.gonzalez2806@example.com,804-825-1259,Peoria,IL,United States,2025-01-26,Small Business
CUST02807,Joseph,Hernandez,joseph.hernandez2807@example.com,804-757-2110,Tampa,FL,United States,2022-02-04,Corporate
CUST02808,Linda,Smith,linda.smith2808@example.com,804-608-7927,Springfield,IL,United States,2025-03-22,Corporate
CUST02809,Sarah,Davis,sarah.davis2809@example.com,804-168-5151,Jacksonville,FL,United States,2022-12-24,Consumer
CUST02810,John,Moore,john.moore2810@example.com,804-596-6038,Alexandria,VA,United States,2022-03-08,Corporate
CUST02811,Daniel,Williams,daniel.williams2811@example.com,804-271-5278,Rochester,NY,United States,2024-10-21,Corporate
CUST02812,Robert,Smith,robert.smith2812@example.com,804-205-1273,Austin,TX,United States,2023-06-22,Small Business
CUST02813,Linda,Taylor,linda.taylor2813@example.com,804-650-7656,Virginia Beach,VA,United States,2024-01-02,Corporate
CUST02814,Sarah,Thomas,sarah.thomas2814@example.com,804-308-7004,New York,NY,United States,2023-02-22,Consumer
CUST02815,Robert,Lopez,robert.lopez2815@example.com,804-528-6214,Tampa,FL,United States,2023-02-05,Small Business
CUST02816,Nancy,Taylor,nancy.taylor2816@example.com,804-600-6371,Spokane,WA,United States,2022-12-10,Corporate
CUST02817,Mary,Jackson,mary.jackson2817@example.com,804-667-7145,Tampa,FL,United States,2022-06-05,Corporate
CUST02818,Patricia,Gonzalez,patricia.gonzalez2818@example.com,804-650-4367,Norfolk,VA,United States,2022-12-31,Consumer
CUST02819,Daniel,Williams,daniel.williams2819@example.com,804-645-2065,Miami,FL,United States,2022-04-24,Corporate
CUST02820,Robert,Martin,robert.martin2820@example.com,804-205-7061,Tacoma,WA,United States,2023-10-01,Small Business
CUST02821,Mary,Jackson,mary.jackson2821@example.com,804-627-6151,Chicago,IL,United States,2022-12-22,Consumer
CUST02822,John,Williams,john.williams2822@example.com,804-355-2373,Rochester,NY,United States,2022-06-30,Corporate
CUST02823,Michael,Johnson,michael.johnson2823@example.com,804-294-1964,San Jose,CA,United States,2023-04-03,Corporate
CUST02824,Karen,Williams,karen.williams2824@example.com,804-858-7672,Chicago,IL,United States,2022-04-08,Corporate
CUST02825,David,Hernandez,david.hernandez2825@example.com,804-867-6004,Alexandria,VA,United States,2024-06-04,Corporate
CUST02826,Karen,Garcia,karen.garcia2826@example.com,804-728-5372,Miami,FL,United States,2022-10-17,Corporate
CUST02827,John,Martin,john.martin2827@example.com,804-207-7265,Chicago,IL,United States,2022-02-16,Small Business
CUST02828,James,Johnson,james.johnson2828@example.com,804-237-3023,Tacoma,WA,United States,2022-11-24,Corporate
CUST02829,Charles,Jones,charles.jones2829@example.com,804-753-7588,Houston,TX,United States,2024-10-19,Consumer
CUST02830,Nancy,Jackson,nancy.jackson2830@example.com,804-641-4171,Bellevue,WA,United States,2022-10-27,Small Business
CUST02831,John,Smith,john.smith2831@example.com,804-242-6762,San Jose,CA,United States,2025-03-10,Corporate
CUST02832,Thomas,Johnson,thomas.johnson2832@example.com,804-131-1763,Springfield,IL,United States,2022-11-20,Small Business
CUST02833,William,Moore,william.moore2833@example.com,804-924-4135,Rochester,NY,United States,2022-09-21,Small Business
CUST02834,Nancy,Lopez,nancy.lopez2834@example.com,804-834-1732,San Jose,CA,United States,2023-11-17,Corporate
CUST02835,James,Jones,james.jones2835@example.com,804-144-5719,Peoria,IL,United States,2022-02-02,Small Business
CUST02836,Jennifer,Rodriguez,jennifer.rodriguez2836@example.com,804-588-5317,San Francisco,CA,United States,2024-01-05,Corporate
CUST02837,Nancy,Hernandez,nancy.hernandez2837@example.com,804-749-9235,Los Angeles,CA,United States,2023-06-11,Small Business
CUST02838,Joseph,Rodriguez,joseph.rodriguez2838@example.com,804-437-6806,Houston,TX,United States,2022-07-12,Corporate
CUST02839,Karen,Thomas,karen.thomas2839@example.com,804-535-4893,Jacksonville,FL,United States,2024-02-20,Consumer
CUST02840,Mary,Wilson,mary.wilson2840@example.com,804-123-2444,Springfield,IL,United States,2022-10-10,Consumer
CUST02841,Karen,Gonzalez,karen.gonzalez2841@example.com,804-383-8327,San Jose,CA,United States,2024-09-14,Consumer
CUST02842,Michael,Taylor,michael.taylor2842@example.com,804-878-5200,San Diego,CA,United States,2023-11-06,Small Business
CUST02843,David,Davis,david.davis2843@example.com,804-415-2202,Orlando,FL,United States,2025-03-12,Small Business
CUST02844,Thomas,Jackson,thomas.jackson2844@example.com,804-415-8217,Chicago,IL,United States,2024-01-11,Consumer
CUST02845,John,Wilson,john.wilson2845@example.com,804-439-4621,Virginia Beach,VA,United States,2022-04-26,Consumer
CUST02846,James,Moore,james.moore2846@example.com,804-954-6435,Rochester,NY,United States,2024-12-18,Corporate
CUST02847,Jennifer,Lopez,jennifer.lopez2847@example.com,804-268-9790,Tacoma,WA,United States,2022-11-22,Consumer
CUST02848,Michael,Jones,michael.jones2848@example.com,804-547-9355,Austin,TX,United States,2023-03-06,Small Business
CUST02849,Elizabeth,Wilson,elizabeth.wilson2849@example.com,804-118-7540,Alexandria,VA,United States,2024-10-11,Corporate
CUST02850,Sarah,Rodriguez,sarah.rodriguez2850@example.com,804-950-8781,Naperville,IL,United States,2025-03-22,Corporate
CUST02851,Michael,Williams,michael.williams2851@example.com,804-714-3599,Norfolk,VA,United States,2023-12-07,Small Business
CUST02852,Karen,Anderson,karen.anderson2852@example.com,804-398-9627,New York,NY,United States,2022-05-12,Corporate
CUST02853,Jennifer,Wilson,jennifer.wilson2853@example.com,804-220-9077,Norfolk,VA,United States,2022-09-04,Corporate
CUST02854,Nancy,Wilson,nancy.wilson2854@example.com,804-897-8140,Albany,NY,United States,2022-05-28,Corporate
CUST02855,Thomas,Taylor,thomas.taylor2855@example.com,804-928-1816,Jacksonville,FL,United States,2023-05-02,Small Business
CUST02856,Charles,Garcia,charles.garcia2856@example.com,804-957-1616,Los Angeles,CA,United States,2024-03-22,Consumer
CUST02857,Sarah,Jones,sarah.jones2857@example.com,804-636-5600,Austin,TX,United States,2022-10-24,Small Business
CUST02858,Nancy,Garcia,nancy.garcia2858@example.com,804-149-9518,Alexandria,VA,United States,2024-04-20,Corporate
CUST02859,John,Taylor,john.taylor2859@example.com,804-301-5915,San Jose,CA,United States,2022-01-17,Small Business
CUST02860,David,Davis,david.davis2860@example.com,804-508-7557,Virginia Beach,VA,United States,2024-02-07,Small Business
CUST02861,David,Rodriguez,david.rodriguez2861@example.com,804-350-3527,Rochester,NY,United States,2022-02-02,Corporate
CUST02862,Sarah,Rodriguez,sarah.rodriguez2862@example.com,804-239-1787,Peoria,IL,United States,2022-10-10,Small Business
CUST02863,Elizabeth,Martin,elizabeth.martin2863@example.com,804-807-3509,Miami,FL,United States,2022-08-08,Small Business
CUST02864,Jessica,Anderson,jessica.anderson2864@example.com,804-855-1697,Springfield,IL,United States,2024-10-23,Consumer
CUST02865,Susan,Hernandez,susan.hernandez2865@example.com,804-981-1321,Springfield,IL,United States,2025-02-14,Small Business
CUST02866,David,Moore,david.moore2866@example.com,804-286-7828,Houston,TX,United States,2022-11-22,Corporate
CUST02867,Joseph,Thomas,joseph.thomas2867@example.com,804-102-8304,Naperville,IL,United States,2023-08-14,Small Business
CUST02868,Sarah,Hernandez,sarah.hernandez2868@example.com,804-567-8917,Los Angeles,CA,United States,2024-10-30,Corporate
CUST02869,William,Martinez,william.martinez2869@example.com,804-310-2643,San Jose,CA,United States,2022-12-05,Corporate
CUST02870,Jennifer,Taylor,jennifer.taylor2870@example.com,804-444-8796,Tacoma,WA,United States,2024-11-25,Corporate
CUST02871,Joseph,Hernandez,joseph.hernandez2871@example.com,804-470-6343,Miami,FL,United States,2024-09-12,Corporate
CUST02872,Michael,Martinez,michael.martinez2872@example.com,804-773-9071,San Antonio,TX,United States,2025-01-04,Consumer
CUST02873,Daniel,Garcia,daniel.garcia2873@example.com,804-979-1880,Houston,TX,United States,2023-06-29,Corporate
CUST02874,Linda,Martinez,linda.martinez2874@example.com,804-468-8599,Seattle,WA,United States,2023-12-10,Corporate
CUST02875,Mary,Brown,mary.brown2875@example.com,804-565-4747,San Jose,CA,United States,2023-06-01,Corporate
CUST02876,John,Rodriguez,john.rodriguez2876@example.com,804-460-6984,Peoria,IL,United States,2022-10-01,Corporate
CUST02877,William,Brown,william.brown2877@example.com,804-848-8992,Austin,TX,United States,2023-07-08,Corporate
CUST02878,Susan,Anderson,susan.anderson2878@example.com,804-981-3368,Austin,TX,United States,2022-11-07,Small Business
CUST02879,Karen,Smith,karen.smith2879@example.com,804-408-8992,Spokane,WA,United States,2024-09-22,Corporate
CUST02880,Jessica,Gonzalez,jessica.gonzalez2880@example.com,804-743-2926,San Diego,CA,United States,2024-12-23,Consumer
CUST02881,Elizabeth,Anderson,elizabeth.anderson2881@example.com,804-204-5122,San Jose,CA,United States,2022-02-07,Corporate
CUST02882,Thomas,Brown,thomas.brown2882@example.com,804-397-3039,Rochester,NY,United States,2024-09-28,Small Business
CUST02883,David,Johnson,david.johnson2883@example.com,804-481-7593,Orlando,FL,United States,2024-10-19,Consumer
CUST02884,Nancy,Gonzalez,nancy.gonzalez2884@example.com,804-456-1511,Los Angeles,CA,United States,2022-06-09,Small Business
CUST02885,Thomas,Johnson,thomas.johnson2885@example.com,804-376-1547,Alexandria,VA,United States,2025-03-19,Corporate
CUST02886,Jennifer,Taylor,jennifer.taylor2886@example.com,804-820-3557,Albany,NY,United States,2022-07-20,Consumer
CUST02887,Linda,Moore,linda.moore2887@example.com,804-793-5095,Bellevue,WA,United States,2024-06-30,Corporate
CUST02888,Sarah,Davis,sarah.davis2888@example.com,804-517-1745,Albany,NY,United States,2024-12-15,Corporate
CUST02889,Karen,Moore,karen.moore2889@example.com,804-336-6659,Austin,TX,United States,2022-06-24,Consumer
CUST02890,John,Rodriguez,john.rodriguez2890@example.com,804-268-9069,Houston,TX,United States,2024-08-16,Small Business
CUST02891,Jessica,Gonzalez,jessica.gonzalez2891@example.com,804-829-7783,Tacoma,WA,United States,2023-10-05,Corporate
CUST02892,William,Taylor,william.taylor2892@example.com,804-567-4740,San Diego,CA,United States,2022-01-23,Corporate
CUST02893,Susan,Moore,susan.moore2893@example.com,804-625-3852,Tacoma,WA,United States,2024-03-09,Corporate
CUST02894,Jessica,Davis,jessica.davis2894@example.com,804-244-9299,Peoria,IL,United States,2023-06-26,Small Business
CUST02895,Patricia,Williams,patricia.williams2895@example.com,804-915-3723,Tacoma,WA,United States,2022-09-21,Consumer
CUST02896,David,Garcia,david.garcia2896@example.com,804-699-9015,Bellevue,WA,United States,2022-06-19,Small Business
CUST02897,Robert,Hernandez,robert.hernandez2897@example.com,804-562-5327,Spokane,WA,United States,2024-03-18,Small Business
CUST02898,Susan,Miller,susan.miller2898@example.com,804-393-2251,Austin,TX,United States,2023-10-12,Consumer
CUST02899,Karen,Hernandez,karen.hernandez2899@example.com,804-292-9375,San Diego,CA,United States,2024-02-22,Consumer
CUST02900,Michael,Moore,michael.moore2900@example.com,804-957-8026,Seattle,WA,United States,2023-03-20,Small Business
CUST02901,William,Thomas,william.thomas2901@example.com,804-269-1457,San Jose,CA,United States,2024-02-22,Consumer
CUST02902,Michael,Davis,michael.davis2902@example.com,804-213-4024,Albany,NY,United States,2022-05-03,Corporate
CUST02903,Joseph,Smith,joseph.smith2903@example.com,804-999-7469,Houston,TX,United States,2024-11-06,Corporate
CUST02904,Daniel,Smith,daniel.smith2904@example.com,804-656-4886,Alexandria,VA,United States,2024-06-10,Corporate
CUST02905,Susan,Smith,susan.smith2905@example.com,804-751-7816,Alexandria,VA,United States,2024-09-15,Consumer
CUST02906,Mary,Martinez,mary.martinez2906@example.com,804-772-5911,Jacksonville,FL,United States,2025-02-22,Consumer
CUST02907,Linda,Johnson,linda.johnson2907@example.com,804-770-6382,Dallas,TX,United States,2024-03-03,Corporate
CUST02908,Elizabeth,Brown,elizabeth.brown2908@example.com,804-430-4779,Miami,FL,United States,2024-04-01,Small Business
CUST02909,William,Jackson,william.jackson2909@example.com,804-405-3141,San Francisco,CA,United States,2022-02-01,Corporate
CUST02910,Nancy,Anderson,nancy.anderson2910@example.com,804-170-7123,Chicago,IL,United States,2022-09-10,Small Business
CUST02911,Karen,Jones,karen.jones2911@example.com,804-573-5542,Jacksonville,FL,United States,2024-08-09,Consumer
CUST02912,Linda,Williams,linda.williams2912@example.com,,Orlando,FL,United States,2024-03-26,Consumer
CUST02913,Jennifer,Brown,jennifer.brown2913@example.com,804-566-7010,Richmond,VA,United States,2025-02-01,Corporate
CUST02914,Nancy,Davis,nancy.davis2914@example.com,804-874-9249,Austin,TX,United States,2025-01-21,Corporate
CUST02915,John,Smith,john.smith2915@example.com,804-922-6345,Norfolk,VA,United States,2024-07-07,Consumer
CUST02916,William,Gonzalez,william.gonzalez2916@example.com,804-126-3669,Orlando,FL,United States,2023-12-08,Small Business
CUST02917,John,Jones,john.jones2917@example.com,804-685-6413,Orlando,FL,United States,2023-01-23,Corporate
CUST02918,Sarah,Jackson,sarah.jackson2918@example.com,804-927-8434,Miami,FL,United States,2023-03-28,Consumer
CUST02919,Sarah,Smith,sarah.smith2919@example.com,804-612-8403,Houston,TX,United States,2023-12-09,Consumer
CUST02920,Robert,Rodriguez,robert.rodriguez2920@example.com,804-195-7425,Peoria,IL,United States,2022-01-10,Corporate
CUST02921,Karen,Jackson,karen.jackson2921@example.com,804-494-5241,Buffalo,NY,United States,2023-05-05,Consumer
CUST02922,Joseph,Anderson,joseph.anderson2922@example.com,804-497-5584,Alexandria,VA,United States,2022-05-05,Consumer
CUST02923,Daniel,Anderson,daniel.anderson2923@example.com,804-880-8740,Springfield,IL,United States,2022-06-13,Consumer
CUST02924,William,Jackson,william.jackson2924@example.com,804-873-9189,Bellevue,WA,United States,2024-07-13,Corporate
CUST02925,James,Martinez,james.martinez2925@example.com,804-700-5972,Tampa,FL,United States,2024-12-28,Small Business
CUST02926,Michael,Brown,michael.brown2926@example.com,804-120-6585,Miami,FL,United States,2023-12-07,Corporate
CUST02927,Nancy,Jackson,nancy.jackson2927@example.com,804-951-2922,Albany,NY,United States,2024-09-04,Consumer
CUST02928,Daniel,Thomas,daniel.thomas2928@example.com,804-396-6752,Norfolk,VA,United States,2024-07-09,Corporate
CUST02929,Daniel,Anderson,daniel.anderson2929@example.com,804-315-5850,Dallas,TX,United States,2024-03-04,Small Business
CUST02930,James,Miller,james.miller2930@example.com,804-801-7229,Miami,FL,United States,2024-11-05,Small Business
CUST02931,James,Wilson,james.wilson2931@example.com,804-323-9509,Virginia Beach,VA,United States,2024-04-15,Consumer
CUST02932,Sarah,Johnson,sarah.johnson2932@example.com,804-549-7137,Jacksonville,FL,United States,2024-06-21,Corporate
CUST02933,Daniel,Jackson,daniel.jackson2933@example.com,804-328-9142,Bellevue,WA,United States,2022-10-23,Corporate
CUST02934,Thomas,Williams,thomas.williams2934@example.com,804-877-4905,Chicago,IL,United States,2022-04-23,Corporate
CUST02935,Jessica,Garcia,jessica.garcia2935@example.com,804-768-3751,Houston,TX,United States,2024-04-13,Corporate
CUST02936,Linda,Johnson,linda.johnson2936@example.com,804-703-4764,Tacoma,WA,United States,2023-03-18,Corporate
CUST02937,Joseph,Smith,joseph.smith2937@example.com,804-824-4712,Bellevue,WA,United States,2025-03-05,Small Business
CUST02938,Susan,Jones,susan.jones2938@example.com,804-501-6293,Austin,TX,United States,2024-06-15,Consumer
CUST02939,Charles,Hernandez,charles.hernandez2939@example.com,804-904-7267,San Antonio,TX,United States,2022-04-10,Corporate
CUST02940,Karen,Hernandez,karen.hernandez2940@example.com,804-209-2907,Rochester,NY,United States,2023-11-29,Small Business
CUST02941,Charles,Smith,charles.smith2941@example.com,804-418-3345,Buffalo,NY,United States,2024-01-12,Small Business
CUST02942,Thomas,Wilson,thomas.wilson2942@example.com,804-441-1489,Spokane,WA,United States,2022-09-28,Corporate
CUST02943,Jessica,Moore,jessica.moore2943@example.com,804-128-3956,Jacksonville,FL,United States,2025-01-19,Consumer
CUST02944,Robert,Garcia,robert.garcia2944@example.com,804-135-2524,San Diego,CA,United States,2022-06-03,Small Business
CUST02945,Karen,Gonzalez,karen.gonzalez2945@example.com,804-652-8732,Virginia Beach,VA,United States,2025-03-27,Small Business
CUST02946,Charles,Thomas,charles.thomas2946@example.com,804-924-6074,Houston,TX,United States,2023-05-31,Small Business
CUST02947,Daniel,Brown,daniel.brown2947@example.com,804-217-7997,Alexandria,VA,United States,2023-09-27,Consumer
CUST02948,Karen,Moore,karen.moore2948@example.com,804-119-6311,Miami,FL,United States,2024-08-22,Consumer
CUST02949,Sarah,Martinez,sarah.martinez2949@example.com,804-250-3608,New York,NY,United States,2022-11-04,Small Business
CUST02950,John,Thomas,john.thomas2950@example.com,804-168-7526,Albany,NY,United States,2024-01-21,Corporate
CUST02951,John,Johnson,john.johnson2951@example.com,804-234-8642,Spokane,WA,United States,2024-04-11,Corporate
CUST02952,Patricia,Lopez,patricia.lopez2952@example.com,804-358-5518,San Antonio,TX,United States,2025-03-15,Consumer
CUST02953,Joseph,Johnson,joseph.johnson2953@example.com,804-924-4090,Norfolk,VA,United States,2023-08-22,Consumer
CUST02954,Charles,Thomas,charles.thomas2954@example.com,804-507-9763,Dallas,TX,United States,2025-02-11,Small Business
CUST02955,John,Rodriguez,john.rodriguez2955@example.com,804-237-7575,Rochester,NY,United States,2022-11-11,Corporate
CUST02956,Karen,Hernandez,karen.hernandez2956@example.com,804-197-6979,Miami,FL,United States,2024-07-31,Consumer
CUST02957,Sarah,Martin,sarah.martin2957@example.com,804-732-3115,Bellevue,WA,United States,2022-09-28,Corporate
CUST02958,Patricia,Moore,patricia.moore2958@example.com,,Austin,TX,United States,2022-09-16,Small Business
CUST02959,William,Jackson,william.jackson2959@example.com,804-448-9282,Springfield,IL,United States,2024-09-03,Consumer
CUST02960,Karen,Lopez,karen.lopez2960@example.com,804-962-4457,New York,NY,United States,2022-06-08,Small Business
CUST02961,Nancy,Garcia,nancy.garcia2961@example.com,804-409-2813,San Francisco,CA,United States,2023-11-16,Corporate
CUST02962,Thomas,Davis,thomas.davis2962@example.com,804-233-6666,Jacksonville,FL,United States,2022-11-21,Small Business
CUST02963,Linda,Williams,linda.williams2963@example.com,804-845-8365,Austin,TX,United States,2025-03-23,Consumer
CUST02964,Thomas,Thomas,thomas.thomas2964@example.com,804-750-6008,Austin,TX,United States,2023-09-01,Consumer
CUST02965,Elizabeth,Martin,elizabeth.martin2965@example.com,804-987-7166,Alexandria,VA,United States,2022-12-04,Corporate
CUST02966,Joseph,Martinez,joseph.martinez2966@example.com,804-685-1768,Houston,TX,United States,2022-11-17,Consumer
CUST02967,James,Martinez,james.martinez2967@example.com,804-984-7860,Austin,TX,United States,2024-08-22,Consumer
CUST02968,Daniel,Martinez,daniel.martinez2968@example.com,804-594-4736,Los Angeles,CA,United States,2024-05-08,Corporate
CUST02969,Jennifer,Gonzalez,jennifer.gonzalez2969@example.com,804-367-3519,Virginia Beach,VA,United States,2022-09-15,Consumer
CUST02970,Linda,Johnson,linda.johnson2970@example.com,804-160-2642,Miami,FL,United States,2023-07-04,Small Business
CUST02971,Patricia,Brown,patricia.brown2971@example.com,804-505-6091,Bellevue,WA,United States,2023-01-13,Consumer
CUST02972,David,Wilson,david.wilson2972@example.com,804-167-9547,Miami,FL,United States,2022-01-24,Corporate
CUST02973,Linda,Miller,linda.miller2973@example.com,804-267-3587,Albany,NY,United States,2024-07-07,Small Business
CUST02974,David,Martin,david.martin2974@example.com,804-916-2350,Alexandria,VA,United States,2024-09-12,Corporate
CUST02975,Jennifer,Garcia,jennifer.garcia2975@example.com,804-846-4871,Virginia Beach,VA,United States,2023-09-09,Corporate
CUST02976,Michael,Jones,michael.jones2976@example.com,804-820-1910,Miami,FL,United States,2025-03-22,Corporate
CUST02977,John,Martinez,john.martinez2977@example.com,804-600-5086,Buffalo,NY,United States,2024-07-13,Small Business
CUST02978,Mary,Martinez,mary.martinez2978@example.com,804-734-9072,Dallas,TX,United States,2022-09-13,Small Business
CUST02979,Mary,Wilson,mary.wilson2979@example.com,804-330-4218,Norfolk,VA,United States,2023-07-03,Corporate
CUST02980,Joseph,Jackson,joseph.jackson2980@example.com,804-857-4001,San Jose,CA,United States,2023-10-17,Small Business
CUST02981,Karen,Davis,karen.davis2981@example.com,804-947-9371,Rochester,NY,United States,2023-02-10,Consumer
CUST02982,Sarah,Davis,sarah.davis2982@example.com,804-958-4411,Albany,NY,United States,2023-05-25,Consumer
CUST02983,Elizabeth,Brown,elizabeth.brown2983@example.com,804-876-8793,Tacoma,WA,United States,2022-11-09,Corporate
CUST02984,Susan,Miller,susan.miller2984@example.com,804-347-4770,Peoria,IL,United States,2022-11-19,Corporate
CUST02985,Joseph,Johnson,joseph.johnson2985@example.com,804-198-1464,Dallas,TX,United States,2022-09-28,Corporate
CUST02986,Susan,Hernandez,susan.hernandez2986@example.com,804-373-1857,Jacksonville,FL,United States,2022-04-21,Corporate
CUST02987,Elizabeth,Hernandez,elizabeth.hernandez2987@example.com,804-707-3560,Norfolk,VA,United States,2022-05-26,Corporate
CUST02988,Robert,Hernandez,robert.hernandez2988@example.com,804-177-2493,Houston,TX,United States,2024-09-22,Consumer
CUST02989,Susan,Smith,susan.smith2989@example.com,804-360-2120,Buffalo,NY,United States,2023-09-28,Small Business
CUST02990,David,Thomas,david.thomas2990@example.com,804-224-7427,Spokane,WA,United States,2024-01-04,Corporate
CUST02991,Charles,Jones,charles.jones2991@example.com,804-960-8054,Rochester,NY,United States,2023-05-19,Consumer
CUST02992,John,Moore,john.moore2992@example.com,,Naperville,IL,United States,2024-06-04,Consumer
CUST02993,Jessica,Williams,jessica.williams2993@example.com,804-156-6151,New York,NY,United States,2023-08-16,Small Business
CUST02994,Susan,Wilson,susan.wilson2994@example.com,804-413-4110,Jacksonville,FL,United States,2024-08-01,Small Business
CUST02995,James,Taylor,james.taylor2995@example.com,804-180-5661,Los Angeles,CA,United States,2022-08-12,Corporate
CUST02996,Michael,Martin,michael.martin2996@example.com,804-612-2608,San Antonio,TX,United States,2024-11-17,Small Business
CUST02997,Joseph,Brown,joseph.brown2997@example.com,804-216-7678,Virginia Beach,VA,United States,2025-02-10,Small Business
CUST02998,Susan,Williams,susan.williams2998@example.com,804-146-6742,Tampa,FL,United States,2024-05-11,Small Business
CUST02999,David,Gonzalez,david.gonzalez2999@example.com,804-280-9585,Tacoma,WA,United States,2024-02-18,Consumer
CUST03000,Sarah,Garcia,sarah.garcia3000@example.com,804-789-5757,Seattle,WA,United States,2025-02-08,Corporate
CUST03001,Michael,Lopez,michael.lopez3001@example.com,804-628-4658,Norfolk,VA,United States,2022-02-06,Small Business
CUST03002,Karen,Davis,karen.davis3002@example.com,804-878-7082,San Francisco,CA,United States,2024-06-27,Consumer
CUST03003,Elizabeth,Martin,elizabeth.martin3003@example.com,804-181-5263,Orlando,FL,United States,2024-04-23,Corporate
CUST03004,Jessica,Gonzalez,jessica.gonzalez3004@example.com,804-170-6531,Jacksonville,FL,United States,2024-07-09,Corporate
CUST03005,Elizabeth,Lopez,elizabeth.lopez3005@example.com,804-914-6987,Richmond,VA,United States,2023-12-21,Corporate
CUST03006,John,Taylor,john.taylor3006@example.com,804-250-1266,San Francisco,CA,United States,2023-03-06,Small Business
CUST03007,Susan,Wilson,susan.wilson3007@example.com,804-820-8812,Buffalo,NY,United States,2023-05-07,Corporate
CUST03008,Michael,Brown,michael.brown3008@example.com,804-210-3635,Alexandria,VA,United States,2025-02-15,Corporate
CUST03009,Sarah,Jones,sarah.jones3009@example.com,804-780-1943,Los Angeles,CA,United States,2022-10-22,Consumer
CUST03010,Elizabeth,Hernandez,elizabeth.hernandez3010@example.com,804-402-1513,New York,NY,United States,2022-04-29,Small Business
CUST03011,Daniel,Jackson,daniel.jackson3011@example.com,804-511-8507,Orlando,FL,United States,2025-03-09,Consumer
CUST03012,Elizabeth,Gonzalez,elizabeth.gonzalez3012@example.com,804-307-5621,San Francisco,CA,United States,2023-03-16,Consumer
CUST03013,Mary,Smith,mary.smith3013@example.com,804-420-3578,Los Angeles,CA,United States,2023-08-20,Small Business
CUST03014,James,Thomas,james.thomas3014@example.com,804-681-7762,Naperville,IL,United States,2022-08-06,Corporate
CUST03015,Joseph,Jones,joseph.jones3015@example.com,804-202-9550,Jacksonville,FL,United States,2023-02-03,Small Business
CUST03016,David,Jones,david.jones3016@example.com,804-104-3718,Norfolk,VA,United States,2024-04-07,Consumer
CUST03017,Elizabeth,Johnson,elizabeth.johnson3017@example.com,804-973-2672,Rochester,NY,United States,2024-08-16,Consumer
CUST03018,Charles,Jackson,charles.jackson3018@example.com,804-628-3719,Chicago,IL,United States,2023-06-22,Small Business
CUST03019,John,Wilson,john.wilson3019@example.com,804-920-2880,Alexandria,VA,United States,2022-03-30,Consumer
CUST03020,Charles,Moore,charles.moore3020@example.com,804-728-1551,Albany,NY,United States,2024-09-22,Small Business
CUST03021,Jessica,Williams,jessica.williams3021@example.com,804-726-6291,Buffalo,NY,United States,2024-08-28,Small Business
CUST03022,Elizabeth,Martinez,elizabeth.martinez3022@example.com,804-263-5252,Buffalo,NY,United States,2022-01-31,Small Business
CUST03023,Karen,Gonzalez,karen.gonzalez3023@example.com,804-340-8569,Houston,TX,United States,2023-05-16,Consumer
CUST03024,John,Brown,john.brown3024@example.com,804-795-7236,Miami,FL,United States,2022-11-09,Small Business
CUST03025,William,Brown,william.brown3025@example.com,804-106-7278,Orlando,FL,United States,2025-03-21,Consumer
CUST03026,John,Taylor,john.taylor3026@example.com,804-923-3051,Miami,FL,United States,2022-07-28,Small Business
CUST03027,Nancy,Jones,nancy.jones3027@example.com,804-665-4463,Rochester,NY,United States,2024-04-18,Corporate
CUST03028,William,Williams,william.williams3028@example.com,804-628-2698,New York,NY,United States,2023-02-10,Consumer
CUST03029,Karen,Brown,karen.brown3029@example.com,804-814-4792,New York,NY,United States,2023-12-02,Consumer
CUST03030,Daniel,Smith,,804-614-6917,Albany,NY,United States,2024-07-11,Corporate
CUST03031,Mary,Gonzalez,mary.gonzalez3031@example.com,804-569-9627,Richmond,VA,United States,2023-08-30,Consumer
CUST03032,William,Lopez,william.lopez3032@example.com,804-585-3050,Bellevue,WA,United States,2023-07-11,Consumer
CUST03033,Sarah,Martin,sarah.martin3033@example.com,804-127-4645,New York,NY,United States,2024-07-20,Consumer
CUST03034,William,Rodriguez,william.rodriguez3034@example.com,804-335-5045,Jacksonville,FL,United States,2022-01-08,Small Business
CUST03035,Nancy,Martinez,nancy.martinez3035@example.com,804-172-1070,San Diego,CA,United States,2024-04-08,Corporate
CUST03036,Thomas,Lopez,thomas.lopez3036@example.com,804-456-9010,Houston,TX,United States,2025-02-13,Corporate
CUST03037,Mary,Williams,mary.williams3037@example.com,804-516-2550,San Francisco,CA,United States,2023-11-12,Consumer
CUST03038,Joseph,Martinez,joseph.martinez3038@example.com,804-397-9536,Los Angeles,CA,United States,2023-07-30,Corporate
CUST03039,Karen,Gonzalez,karen.gonzalez3039@example.com,804-629-2136,Spokane,WA,United States,2024-11-07,Corporate
CUST03040,Joseph,Brown,joseph.brown3040@example.com,804-104-2176,Los Angeles,CA,United States,2024-07-22,Corporate
CUST03041,Linda,Thomas,linda.thomas3041@example.com,804-935-1605,Albany,NY,United States,2023-02-09,Corporate
CUST03042,John,Anderson,john.anderson3042@example.com,804-384-1387,San Francisco,CA,United States,2022-04-17,Consumer
CUST03043,Elizabeth,Williams,elizabeth.williams3043@example.com,804-533-8335,Spokane,WA,United States,2023-11-16,Corporate
CUST03044,Charles,Martinez,charles.martinez3044@example.com,804-265-4748,Peoria,IL,United States,2023-12-03,Small Business
CUST03045,James,Miller,james.miller3045@example.com,804-101-1907,Springfield,IL,United States,2024-01-08,Corporate
CUST03046,Daniel,Garcia,daniel.garcia3046@example.com,804-836-7322,Alexandria,VA,United States,2023-12-14,Small Business
CUST03047,Sarah,Anderson,sarah.anderson3047@example.com,804-681-5971,Houston,TX,United States,2024-07-19,Corporate
CUST03048,Charles,Thomas,charles.thomas3048@example.com,804-942-6717,Springfield,IL,United States,2023-02-06,Small Business
CUST03049,Linda,Martin,linda.martin3049@example.com,804-564-2515,San Antonio,TX,United States,2024-03-05,Corporate
CUST03050,Linda,Rodriguez,linda.rodriguez3050@example.com,804-723-7398,Orlando,FL,United States,2022-09-12,Corporate
CUST03051,Susan,Lopez,susan.lopez3051@example.com,804-944-6233,Miami,FL,United States,2024-09-05,Corporate
CUST03052,Patricia,Gonzalez,patricia.gonzalez3052@example.com,804-814-4079,Austin,TX,United States,2022-02-20,Corporate
CUST03053,Joseph,Miller,joseph.miller3053@example.com,804-403-6368,Bellevue,WA,United States,2022-02-01,Corporate
CUST03054,Linda,Martin,linda.martin3054@example.com,804-586-2622,Springfield,IL,United States,2023-05-29,Small Business
CUST03055,Daniel,Jones,daniel.jones3055@example.com,804-953-1897,Albany,NY,United States,2022-09-16,Corporate
CUST03056,Joseph,Johnson,joseph.johnson3056@example.com,804-783-1907,Los Angeles,CA,United States,2022-06-14,Consumer
CUST03057,Jessica,Williams,jessica.williams3057@example.com,804-364-5134,Bellevue,WA,United States,2023-01-30,Small Business
CUST03058,Robert,Williams,robert.williams3058@example.com,804-788-9388,Tacoma,WA,United States,2022-01-03,Consumer
CUST03059,Elizabeth,Gonzalez,elizabeth.gonzalez3059@example.com,804-589-3094,Seattle,WA,United States,2025-02-22,Consumer
CUST03060,Mary,Rodriguez,mary.rodriguez3060@example.com,804-605-8638,Naperville,IL,United States,2024-12-19,Small Business
CUST03061,Susan,Hernandez,susan.hernandez3061@example.com,804-241-3071,Peoria,IL,United States,2022-05-24,Consumer
CUST03062,Robert,Jones,robert.jones3062@example.com,804-638-7514,San Francisco,CA,United States,2023-03-13,Corporate
CUST03063,Linda,Smith,linda.smith3063@example.com,804-882-2906,Dallas,TX,United States,2024-04-26,Small Business
CUST03064,Jessica,Taylor,jessica.taylor3064@example.com,804-967-8576,Austin,TX,United States,2022-05-16,Corporate
CUST03065,Robert,Davis,robert.davis3065@example.com,804-774-3943,Seattle,WA,United States,2025-03-16,Corporate
CUST03066,Robert,Gonzalez,robert.gonzalez3066@example.com,804-489-4938,Bellevue,WA,United States,2022-07-28,Corporate
CUST03067,Nancy,Jackson,nancy.jackson3067@example.com,804-289-7790,Buffalo,NY,United States,2023-01-17,Corporate
CUST03068,William,Davis,william.davis3068@example.com,804-619-2850,Bellevue,WA,United States,2025-01-15,Consumer
CUST03069,Linda,Davis,linda.davis3069@example.com,804-719-9515,San Francisco,CA,United States,2023-06-12,Consumer
CUST03070,John,Hernandez,john.hernandez3070@example.com,804-497-3734,Albany,NY,United States,2022-04-25,Corporate
CUST03071,Mary,Garcia,mary.garcia3071@example.com,804-830-5365,New York,NY,United States,2022-11-08,Corporate
CUST03072,Patricia,Wilson,patricia.wilson3072@example.com,804-321-3388,San Antonio,TX,United States,2024-03-20,Consumer
CUST03073,Karen,Smith,karen.smith3073@example.com,804-734-9023,Austin,TX,United States,2023-12-07,Corporate
CUST03074,Daniel,Miller,daniel.miller3074@example.com,804-423-6673,Tampa,FL,United States,2024-09-28,Consumer
CUST03075,Robert,Rodriguez,robert.rodriguez3075@example.com,804-175-2054,Peoria,IL,United States,2023-07-06,Corporate
CUST03076,Thomas,Smith,thomas.smith3076@example.com,804-502-8586,San Antonio,TX,United States,2022-10-31,Corporate
CUST03077,Karen,Martinez,karen.martinez3077@example.com,804-131-1236,Springfield,IL,United States,2023-02-25,Small Business
CUST03078,Linda,Johnson,linda.johnson3078@example.com,804-743-5140,Springfield,IL,United States,2025-03-29,Small Business
CUST03079,Linda,Garcia,linda.garcia3079@example.com,804-799-9547,Seattle,WA,United States,2022-03-22,Small Business
CUST03080,Thomas,Davis,thomas.davis3080@example.com,804-657-6716,Peoria,IL,United States,2023-12-25,Consumer
CUST03081,James,Williams,james.williams3081@example.com,804-402-3256,Jacksonville,FL,United States,2022-02-16,Small Business
CUST03082,John,Wilson,john.wilson3082@example.com,804-814-8043,Springfield,IL,United States,2024-09-30,Consumer
CUST03083,Jennifer,Martin,jennifer.martin3083@example.com,804-193-1319,Naperville,IL,United States,2023-12-25,Consumer
CUST03084,Mary,Taylor,mary.taylor3084@example.com,804-827-3111,San Jose,CA,United States,2025-01-06,Consumer
CUST03085,Mary,Smith,mary.smith3085@example.com,804-237-3113,San Antonio,TX,United States,2022-01-22,Consumer
CUST03086,Charles,Davis,charles.davis3086@example.com,804-998-5499,San Diego,CA,United States,2023-07-11,Consumer
CUST03087,Michael,Jackson,michael.jackson3087@example.com,804-969-1493,San Francisco,CA,United States,2025-03-19,Small Business
CUST03088,Joseph,Davis,joseph.davis3088@example.com,804-494-8720,San Francisco,CA,United States,2024-05-23,Small Business
CUST03089,Michael,Smith,michael.smith3089@example.com,804-165-1309,Albany,NY,United States,2023-07-25,Corporate
CUST03090,Daniel,Anderson,daniel.anderson3090@example.com,804-397-6427,Los Angeles,CA,United States,2025-01-24,Small Business
CUST03091,Patricia,Thomas,,804-522-3784,Norfolk,VA,United States,2022-10-20,Small Business
CUST03092,Patricia,Brown,patricia.brown3092@example.com,804-769-7683,New York,NY,United States,2023-10-13,Small Business
CUST03093,Patricia,Miller,patricia.miller3093@example.com,804-481-3618,San Jose,CA,United States,2022-11-29,Small Business
CUST03094,Karen,Johnson,karen.johnson3094@example.com,804-555-5983,Buffalo,NY,United States,2024-07-22,Consumer
CUST03095,Mary,Martinez,mary.martinez3095@example.com,804-864-4251,Alexandria,VA,United States,2022-12-24,Small Business
CUST03096,John,Brown,john.brown3096@example.com,804-618-8133,Buffalo,NY,United States,2023-10-27,Consumer
CUST03097,Karen,Moore,karen.moore3097@example.com,804-184-8293,San Antonio,TX,United States,2022-03-24,Corporate
CUST03098,Linda,Smith,linda.smith3098@example.com,804-107-8715,Albany,NY,United States,2024-12-28,Consumer
CUST03099,Elizabeth,Jones,elizabeth.jones3099@example.com,804-808-5833,Dallas,TX,United States,2024-01-24,Small Business
CUST03100,Jennifer,Johnson,jennifer.johnson3100@example.com,804-553-6262,Albany,NY,United States,2025-02-28,Corporate
CUST03101,John,Brown,john.brown3101@example.com,804-916-9982,Springfield,IL,United States,2024-07-08,Consumer
CUST03102,David,Anderson,david.anderson3102@example.com,,Virginia Beach,VA,United States,2024-06-24,Consumer
CUST03103,Daniel,Lopez,daniel.lopez3103@example.com,804-999-6711,Jacksonville,FL,United States,2022-03-21,Small Business
CUST03104,Patricia,Miller,patricia.miller3104@example.com,804-895-7159,San Antonio,TX,United States,2024-12-04,Consumer
CUST03105,William,Anderson,william.anderson3105@example.com,804-750-9457,Richmond,VA,United States,2022-09-24,Small Business
CUST03106,Sarah,Rodriguez,sarah.rodriguez3106@example.com,804-848-8850,Richmond,VA,United States,2022-08-28,Small Business
CUST03107,Robert,Anderson,robert.anderson3107@example.com,804-901-4609,San Jose,CA,United States,2024-03-17,Consumer
CUST03108,Karen,Taylor,karen.taylor3108@example.com,804-474-9390,Naperville,IL,United States,2022-10-26,Corporate
CUST03109,William,Davis,,804-152-1140,Jacksonville,FL,United States,2024-03-21,Small Business
CUST03110,Daniel,Martinez,daniel.martinez3110@example.com,804-573-5139,Tampa,FL,United States,2023-07-21,Corporate
CUST03111,Mary,Anderson,mary.anderson3111@example.com,804-494-6625,Virginia Beach,VA,United States,2024-05-22,Corporate
CUST03112,Thomas,Lopez,thomas.lopez3112@example.com,804-919-5245,Miami,FL,United States,2024-03-11,Consumer
CUST03113,Charles,Miller,charles.miller3113@example.com,804-573-8031,Tampa,FL,United States,2025-03-08,Corporate
CUST03114,Charles,Davis,charles.davis3114@example.com,804-781-2180,Peoria,IL,United States,2023-11-07,Corporate
CUST03115,Michael,Martinez,michael.martinez3115@example.com,804-158-8255,Chicago,IL,United States,2024-09-28,Small Business
CUST03116,Thomas,Anderson,thomas.anderson3116@example.com,804-773-1418,Richmond,VA,United States,2023-01-31,Small Business
CUST03117,Karen,Miller,karen.miller3117@example.com,804-302-9209,Virginia Beach,VA,United States,2022-11-01,Corporate
CUST03118,Michael,Wilson,michael.wilson3118@example.com,804-441-1708,Tampa,FL,United States,2022-09-24,Small Business
CUST03119,Robert,Gonzalez,robert.gonzalez3119@example.com,804-343-6137,Buffalo,NY,United States,2022-11-21,Small Business
CUST03120,Patricia,Martinez,patricia.martinez3120@example.com,804-708-1878,Jacksonville,FL,United States,2022-11-16,Consumer
CUST03121,William,Thomas,william.thomas3121@example.com,804-911-6402,Richmond,VA,United States,2023-08-22,Consumer
CUST03122,David,Lopez,david.lopez3122@example.com,804-137-1670,Rochester,NY,United States,2022-03-27,Corporate
CUST03123,Michael,Wilson,michael.wilson3123@example.com,804-380-8702,Albany,NY,United States,2024-01-09,Corporate
CUST03124,Karen,Jackson,karen.jackson3124@example.com,804-793-1233,Houston,TX,United States,2022-10-30,Corporate
CUST03125,Joseph,Brown,joseph.brown3125@example.com,804-764-4880,Dallas,TX,United States,2022-11-03,Small Business
CUST03126,Joseph,Martinez,joseph.martinez3126@example.com,804-354-1071,Rochester,NY,United States,2025-02-15,Corporate
CUST03127,David,Jackson,david.jackson3127@example.com,804-317-6453,New York,NY,United States,2022-09-16,Corporate
CUST03128,Karen,Martin,karen.martin3128@example.com,804-761-3242,Spokane,WA,United States,2023-03-20,Corporate
CUST03129,Daniel,Martin,daniel.martin3129@example.com,804-129-9512,San Jose,CA,United States,2024-04-21,Consumer
CUST03130,Joseph,Jackson,joseph.jackson3130@example.com,804-117-4010,Virginia Beach,VA,United States,2024-05-18,Small Business
CUST03131,Thomas,Lopez,thomas.lopez3131@example.com,804-568-1608,New York,NY,United States,2024-03-31,Corporate
CUST03132,James,Williams,james.williams3132@example.com,804-157-4394,New York,NY,United States,2022-12-20,Small Business
CUST03133,Nancy,Johnson,nancy.johnson3133@example.com,804-217-7265,Alexandria,VA,United States,2024-09-01,Consumer
CUST03134,Michael,Davis,michael.davis3134@example.com,804-261-7191,Tacoma,WA,United States,2022-05-29,Small Business
CUST03135,David,Davis,david.davis3135@example.com,804-277-7846,San Francisco,CA,United States,2022-06-24,Consumer
CUST03136,Robert,Jones,robert.jones3136@example.com,804-866-5583,Orlando,FL,United States,2024-08-06,Consumer
CUST03137,Elizabeth,Martin,elizabeth.martin3137@example.com,804-648-8289,Tampa,FL,United States,2024-10-02,Consumer
CUST03138,Mary,Gonzalez,mary.gonzalez3138@example.com,804-950-1422,Dallas,TX,United States,2022-11-22,Consumer
CUST03139,Daniel,Moore,daniel.moore3139@example.com,804-820-7866,San Jose,CA,United States,2023-06-14,Corporate
CUST03140,William,Thomas,william.thomas3140@example.com,804-938-1318,Richmond,VA,United States,2025-03-08,Small Business
CUST03141,William,Anderson,william.anderson3141@example.com,804-470-8553,Austin,TX,United States,2023-12-03,Consumer
CUST03142,William,Thomas,william.thomas3142@example.com,804-103-5466,Norfolk,VA,United States,2022-01-29,Corporate
CUST03143,Mary,Wilson,mary.wilson3143@example.com,804-721-8434,San Diego,CA,United States,2024-11-18,Consumer
CUST03144,Charles,Johnson,charles.johnson3144@example.com,804-510-2166,Tacoma,WA,United States,2024-11-15,Small Business
CUST03145,Patricia,Anderson,patricia.anderson3145@example.com,804-986-9072,Los Angeles,CA,United States,2023-12-01,Consumer
CUST03146,Mary,Hernandez,mary.hernandez3146@example.com,804-110-4297,Alexandria,VA,United States,2025-01-16,Consumer
CUST03147,Joseph,Gonzalez,joseph.gonzalez3147@example.com,804-751-2050,Rochester,NY,United States,2025-03-28,Consumer
CUST03148,Patricia,Garcia,patricia.garcia3148@example.com,804-801-6914,Spokane,WA,United States,2022-10-01,Consumer
CUST03149,William,Williams,william.williams3149@example.com,804-690-2402,Bellevue,WA,United States,2022-02-06,Small Business
CUST03150,James,Taylor,james.taylor3150@example.com,804-101-9428,Richmond,VA,United States,2022-08-31,Small Business
CUST03151,Patricia,Lopez,patricia.lopez3151@example.com,804-764-2695,Houston,TX,United States,2024-09-09,Small Business
CUST03152,Elizabeth,Johnson,elizabeth.johnson3152@example.com,804-661-7111,Buffalo,NY,United States,2023-04-06,Small Business
CUST03153,Robert,Martinez,robert.martinez3153@example.com,804-168-2500,Richmond,VA,United States,2022-04-20,Consumer
CUST03154,James,Johnson,james.johnson3154@example.com,804-608-6932,Peoria,IL,United States,2022-04-15,Consumer
CUST03155,Mary,Jones,mary.jones3155@example.com,804-267-4762,Albany,NY,United States,2025-03-03,Small Business
CUST03156,John,Smith,john.smith3156@example.com,804-739-8755,Springfield,IL,United States,2024-08-21,Corporate
CUST03157,David,Davis,david.davis3157@example.com,804-987-8394,Bellevue,WA,United States,2023-10-21,Small Business
CUST03158,Jennifer,Lopez,jennifer.lopez3158@example.com,804-269-1920,San Antonio,TX,United States,2023-06-13,Corporate
CUST03159,Susan,Miller,susan.miller3159@example.com,804-195-4074,Norfolk,VA,United States,2022-03-22,Consumer
CUST03160,Nancy,Davis,nancy.davis3160@example.com,804-859-8328,Bellevue,WA,United States,2024-05-17,Corporate
CUST03161,Joseph,Smith,joseph.smith3161@example.com,804-885-2448,Spokane,WA,United States,2023-12-05,Corporate
CUST03162,Susan,Taylor,susan.taylor3162@example.com,804-180-5506,Rochester,NY,United States,2024-11-23,Corporate
CUST03163,Mary,Miller,mary.miller3163@example.com,804-275-5640,Spokane,WA,United States,2024-10-27,Small Business
CUST03164,William,Rodriguez,william.rodriguez3164@example.com,804-691-8155,New York,NY,United States,2025-03-02,Consumer
CUST03165,Linda,Hernandez,linda.hernandez3165@example.com,804-219-2483,San Antonio,TX,United States,2022-08-12,Small Business
CUST03166,Charles,Lopez,charles.lopez3166@example.com,804-520-7951,Seattle,WA,United States,2024-12-30,Small Business
CUST03167,David,Martin,david.martin3167@example.com,804-465-7751,Dallas,TX,United States,2022-06-06,Consumer
CUST03168,Thomas,Miller,thomas.miller3168@example.com,804-998-1653,Naperville,IL,United States,2024-12-25,Consumer
CUST03169,William,Jones,william.jones3169@example.com,804-442-6437,Rochester,NY,United States,2022-10-02,Corporate
CUST03170,Daniel,Taylor,daniel.taylor3170@example.com,804-835-3308,Bellevue,WA,United States,2025-01-27,Consumer
CUST03171,Sarah,Rodriguez,sarah.rodriguez3171@example.com,804-495-1080,Tampa,FL,United States,2024-07-04,Corporate
CUST03172,Thomas,Brown,thomas.brown3172@example.com,804-182-5296,Norfolk,VA,United States,2024-08-29,Corporate
CUST03173,David,Moore,david.moore3173@example.com,804-736-3964,San Jose,CA,United States,2023-12-06,Corporate
CUST03174,Jessica,Martin,jessica.martin3174@example.com,804-572-8710,Jacksonville,FL,United States,2025-01-14,Corporate
CUST03175,William,Anderson,william.anderson3175@example.com,804-384-1069,Spokane,WA,United States,2022-05-22,Consumer
CUST03176,Robert,Jackson,robert.jackson3176@example.com,804-807-6378,Springfield,IL,United States,2024-05-01,Small Business
CUST03177,David,Williams,david.williams3177@example.com,804-355-9453,Springfield,IL,United States,2023-05-30,Small Business
CUST03178,William,Taylor,william.taylor3178@example.com,804-348-7912,Albany,NY,United States,2024-09-07,Small Business
CUST03179,Patricia,Williams,patricia.williams3179@example.com,804-239-3167,Rochester,NY,United States,2025-02-09,Small Business
CUST03180,Mary,Anderson,mary.anderson3180@example.com,804-358-9494,San Francisco,CA,United States,2023-11-18,Consumer
CUST03181,Patricia,Gonzalez,patricia.gonzalez3181@example.com,804-750-5907,San Diego,CA,United States,2022-09-25,Consumer
CUST03182,Thomas,Garcia,thomas.garcia3182@example.com,804-523-3653,Bellevue,WA,United States,2022-05-19,Corporate
CUST03183,Susan,Wilson,susan.wilson3183@example.com,804-740-2253,Houston,TX,United States,2022-08-04,Consumer
CUST03184,Karen,Garcia,karen.garcia3184@example.com,804-504-7818,Jacksonville,FL,United States,2025-01-10,Consumer
CUST03185,Susan,Martin,susan.martin3185@example.com,804-485-4795,Spokane,WA,United States,2024-11-17,Corporate
CUST03186,Elizabeth,Williams,elizabeth.williams3186@example.com,804-975-9556,Miami,FL,United States,2022-12-05,Consumer
CUST03187,Jennifer,Taylor,jennifer.taylor3187@example.com,804-142-6178,Peoria,IL,United States,2024-06-05,Small Business
CUST03188,Nancy,Taylor,nancy.taylor3188@example.com,804-613-3561,Spokane,WA,United States,2022-12-26,Small Business
CUST03189,Thomas,Johnson,thomas.johnson3189@example.com,804-181-4608,Buffalo,NY,United States,2022-04-02,Small Business
CUST03190,Karen,Anderson,karen.anderson3190@example.com,804-117-4407,San Diego,CA,United States,2023-03-06,Corporate
CUST03191,Elizabeth,Jones,elizabeth.jones3191@example.com,804-498-3231,Bellevue,WA,United States,2024-09-11,Corporate
CUST03192,David,Garcia,david.garcia3192@example.com,804-856-7204,Virginia Beach,VA,United States,2024-12-19,Consumer
CUST03193,Charles,Thomas,charles.thomas3193@example.com,804-181-1118,Virginia Beach,VA,United States,2023-07-05,Corporate
CUST03194,Linda,Rodriguez,linda.rodriguez3194@example.com,804-348-6605,Naperville,IL,United States,2024-01-25,Corporate
CUST03195,Robert,Anderson,robert.anderson3195@example.com,804-438-4489,Richmond,VA,United States,2022-04-25,Corporate
CUST03196,Sarah,Miller,sarah.miller3196@example.com,804-863-3073,San Diego,CA,United States,2024-08-04,Consumer
CUST03197,Thomas,Smith,thomas.smith3197@example.com,804-881-3496,Buffalo,NY,United States,2023-06-06,Corporate
CUST03198,Jessica,Taylor,jessica.taylor3198@example.com,804-569-1633,Orlando,FL,United States,2025-03-31,Corporate
CUST03199,Karen,Moore,karen.moore3199@example.com,804-531-5677,Seattle,WA,United States,2024-01-07,Corporate
CUST03200,Charles,Gonzalez,charles.gonzalez3200@example.com,804-110-5866,Spokane,WA,United States,2024-02-18,Corporate
CUST03201,William,Wilson,william.wilson3201@example.com,804-828-3921,Virginia Beach,VA,United States,2023-03-01,Small Business
CUST03202,Jennifer,Martinez,jennifer.martinez3202@example.com,804-576-8171,Tampa,FL,United States,2023-12-23,Consumer
CUST03203,Jennifer,Davis,jennifer.davis3203@example.com,804-960-5571,Naperville,IL,United States,2023-10-03,Consumer
CUST03204,Jessica,Smith,jessica.smith3204@example.com,804-187-3109,Naperville,IL,United States,2023-02-27,Small Business
CUST03205,Linda,Jackson,linda.jackson3205@example.com,804-838-9266,Miami,FL,United States,2022-08-29,Corporate
CUST03206,Robert,Moore,robert.moore3206@example.com,804-662-1873,Dallas,TX,United States,2023-12-30,Corporate
CUST03207,John,Johnson,john.johnson3207@example.com,804-938-4579,Miami,FL,United States,2022-08-28,Consumer
CUST03208,Michael,Hernandez,michael.hernandez3208@example.com,804-751-8370,Alexandria,VA,United States,2022-02-13,Corporate
CUST03209,John,Hernandez,john.hernandez3209@example.com,804-476-8580,Norfolk,VA,United States,2024-06-02,Small Business
CUST03210,Elizabeth,Lopez,elizabeth.lopez3210@example.com,804-726-7076,Norfolk,VA,United States,2025-03-09,Corporate
CUST03211,Linda,Gonzalez,linda.gonzalez3211@example.com,804-407-9420,Houston,TX,United States,2024-06-26,Corporate
CUST03212,Elizabeth,Williams,elizabeth.williams3212@example.com,804-806-6127,Orlando,FL,United States,2023-12-08,Consumer
CUST03213,Susan,Jones,susan.jones3213@example.com,804-760-9202,Seattle,WA,United States,2024-07-17,Consumer
CUST03214,David,Brown,david.brown3214@example.com,804-406-7131,Seattle,WA,United States,2023-01-14,Corporate
CUST03215,Robert,Johnson,robert.johnson3215@example.com,804-584-7319,Tacoma,WA,United States,2022-03-24,Small Business
CUST03216,James,Taylor,james.taylor3216@example.com,804-293-6937,Springfield,IL,United States,2023-09-07,Small Business
CUST03217,John,Garcia,john.garcia3217@example.com,804-854-3832,Naperville,IL,United States,2023-08-09,Small Business
CUST03218,Linda,Martinez,linda.martinez3218@example.com,804-192-3884,Chicago,IL,United States,2025-03-25,Small Business
CUST03219,Mary,Lopez,mary.lopez3219@example.com,804-685-6193,Springfield,IL,United States,2023-12-26,Small Business
CUST03220,Elizabeth,Thomas,elizabeth.thomas3220@example.com,804-919-4877,Tampa,FL,United States,2022-07-01,Consumer
CUST03221,John,Moore,john.moore3221@example.com,804-919-5957,Miami,FL,United States,2022-08-22,Small Business
CUST03222,William,Taylor,william.taylor3222@example.com,804-306-4511,Naperville,IL,United States,2024-08-26,Small Business
CUST03223,Jennifer,Anderson,jennifer.anderson3223@example.com,804-605-4919,Alexandria,VA,United States,2022-06-28,Corporate
CUST03224,Patricia,Jones,patricia.jones3224@example.com,804-614-2369,San Diego,CA,United States,2022-06-26,Consumer
CUST03225,Elizabeth,Moore,elizabeth.moore3225@example.com,804-151-9929,San Diego,CA,United States,2024-12-12,Small Business
CUST03226,Joseph,Wilson,joseph.wilson3226@example.com,804-219-2764,Albany,NY,United States,2022-11-20,Small Business
CUST03227,Charles,Jones,charles.jones3227@example.com,804-501-4389,San Diego,CA,United States,2023-01-29,Consumer
CUST03228,Jessica,Gonzalez,jessica.gonzalez3228@example.com,804-595-2393,Richmond,VA,United States,2023-09-08,Consumer
CUST03229,Karen,Jackson,karen.jackson3229@example.com,804-397-1585,Los Angeles,CA,United States,2024-11-02,Corporate
CUST03230,Linda,Miller,linda.miller3230@example.com,804-378-5317,Tacoma,WA,United States,2022-02-16,Small Business
CUST03231,Sarah,Williams,sarah.williams3231@example.com,804-159-9125,Rochester,NY,United States,2024-03-11,Corporate
CUST03232,Susan,Anderson,susan.anderson3232@example.com,804-874-4423,Dallas,TX,United States,2022-06-04,Consumer
CUST03233,Sarah,Taylor,sarah.taylor3233@example.com,804-973-1898,Chicago,IL,United States,2022-07-10,Corporate
CUST03234,Thomas,Smith,thomas.smith3234@example.com,804-534-7536,San Antonio,TX,United States,2023-02-26,Corporate
CUST03235,Nancy,Rodriguez,nancy.rodriguez3235@example.com,804-351-3243,Alexandria,VA,United States,2024-03-24,Consumer
CUST03236,James,Thomas,james.thomas3236@example.com,804-900-1432,San Jose,CA,United States,2024-12-06,Small Business
CUST03237,William,Johnson,william.johnson3237@example.com,804-286-4542,Jacksonville,FL,United States,2023-02-10,Corporate
CUST03238,Joseph,Hernandez,joseph.hernandez3238@example.com,804-812-9875,Jacksonville,FL,United States,2023-08-24,Small Business
CUST03239,Jennifer,Davis,jennifer.davis3239@example.com,804-604-4055,Norfolk,VA,United States,2022-01-11,Consumer
CUST03240,Karen,Jones,karen.jones3240@example.com,804-860-5494,Naperville,IL,United States,2025-02-01,Corporate
CUST03241,Michael,Martin,michael.martin3241@example.com,804-900-1392,Seattle,WA,United States,2025-03-25,Consumer
CUST03242,Jennifer,Davis,jennifer.davis3242@example.com,804-311-9975,Alexandria,VA,United States,2025-01-16,Small Business
CUST03243,Daniel,Miller,daniel.miller3243@example.com,804-133-5228,Dallas,TX,United States,2024-12-25,Small Business
CUST03244,Susan,Taylor,susan.taylor3244@example.com,804-629-8057,Rochester,NY,United States,2024-05-12,Small Business
CUST03245,Patricia,Gonzalez,patricia.gonzalez3245@example.com,804-139-7558,San Antonio,TX,United States,2022-06-30,Consumer
CUST03246,Jennifer,Jackson,jennifer.jackson3246@example.com,,Alexandria,VA,United States,2024-03-29,Corporate
CUST03247,Patricia,Brown,patricia.brown3247@example.com,804-478-8199,Naperville,IL,United States,2023-06-03,Consumer
CUST03248,Michael,Gonzalez,michael.gonzalez3248@example.com,804-490-2937,Los Angeles,CA,United States,2024-04-28,Consumer
CUST03249,Michael,Gonzalez,michael.gonzalez3249@example.com,804-270-7548,Los Angeles,CA,United States,2024-11-23,Small Business
CUST03250,David,Hernandez,david.hernandez3250@example.com,804-364-3874,Naperville,IL,United States,2024-02-16,Small Business
CUST03251,Joseph,Taylor,joseph.taylor3251@example.com,804-562-2466,Spokane,WA,United States,2023-04-20,Corporate
CUST03252,William,Hernandez,william.hernandez3252@example.com,804-790-7721,Albany,NY,United States,2025-03-06,Corporate
CUST03253,James,Williams,james.williams3253@example.com,804-608-3454,San Francisco,CA,United States,2022-10-09,Consumer
CUST03254,Daniel,Thomas,daniel.thomas3254@example.com,804-977-8291,Buffalo,NY,United States,2022-07-22,Small Business
CUST03255,Charles,Davis,charles.davis3255@example.com,804-432-8388,Tampa,FL,United States,2022-04-24,Consumer
CUST03256,William,Smith,william.smith3256@example.com,804-133-9906,Seattle,WA,United States,2024-04-12,Consumer
CUST03257,William,Smith,william.smith3257@example.com,804-357-5456,Austin,TX,United States,2024-12-16,Consumer
CUST03258,Thomas,Johnson,thomas.johnson3258@example.com,804-684-6418,San Francisco,CA,United States,2022-12-20,Small Business
CUST03259,Patricia,Martinez,patricia.martinez3259@example.com,804-391-7343,Tacoma,WA,United States,2023-12-29,Corporate
CUST03260,John,Thomas,john.thomas3260@example.com,804-586-6616,Spokane,WA,United States,2024-06-10,Consumer
CUST03261,Patricia,Wilson,patricia.wilson3261@example.com,804-377-6014,Chicago,IL,United States,2024-07-04,Corporate
CUST03262,David,Jackson,david.jackson3262@example.com,804-935-7705,Dallas,TX,United States,2023-10-04,Small Business
CUST03263,Jennifer,Wilson,jennifer.wilson3263@example.com,804-154-2482,Rochester,NY,United States,2022-07-06,Corporate
CUST03264,Patricia,Jones,patricia.jones3264@example.com,804-514-2227,Naperville,IL,United States,2023-11-23,Small Business
CUST03265,William,Jackson,william.jackson3265@example.com,804-277-5017,Albany,NY,United States,2022-07-04,Corporate
CUST03266,Karen,Miller,karen.miller3266@example.com,804-790-9763,Springfield,IL,United States,2024-09-16,Corporate
CUST03267,Sarah,Jackson,sarah.jackson3267@example.com,804-241-7792,Miami,FL,United States,2023-03-03,Corporate
CUST03268,Sarah,Brown,sarah.brown3268@example.com,804-673-3128,Seattle,WA,United States,2023-12-01,Small Business
CUST03269,Charles,Anderson,charles.anderson3269@example.com,804-599-2979,San Jose,CA,United States,2022-05-30,Consumer
CUST03270,Elizabeth,Gonzalez,elizabeth.gonzalez3270@example.com,804-183-2688,Albany,NY,United States,2024-02-21,Small Business
CUST03271,Daniel,Anderson,daniel.anderson3271@example.com,804-994-9019,Albany,NY,United States,2022-12-20,Consumer
CUST03272,Charles,Moore,charles.moore3272@example.com,804-608-8911,Spokane,WA,United States,2023-01-14,Corporate
CUST03273,Sarah,Anderson,sarah.anderson3273@example.com,804-673-2982,Los Angeles,CA,United States,2024-08-18,Small Business
CUST03274,David,Brown,david.brown3274@example.com,804-663-3677,Houston,TX,United States,2025-02-10,Consumer
CUST03275,Daniel,Johnson,daniel.johnson3275@example.com,804-845-1319,Jacksonville,FL,United States,2024-04-11,Consumer
CUST03276,Michael,Moore,michael.moore3276@example.com,804-519-6037,Austin,TX,United States,2024-07-29,Corporate
CUST03277,Robert,Brown,robert.brown3277@example.com,804-799-8739,Seattle,WA,United States,2022-01-29,Consumer
CUST03278,James,Anderson,james.anderson3278@example.com,804-895-1995,San Diego,CA,United States,2024-09-25,Small Business
CUST03279,Jessica,Wilson,jessica.wilson3279@example.com,804-610-1575,Tacoma,WA,United States,2022-12-03,Small Business
CUST03280,Linda,Rodriguez,linda.rodriguez3280@example.com,804-603-5988,Tampa,FL,United States,2022-11-13,Small Business
CUST03281,Jennifer,Martin,jennifer.martin3281@example.com,804-917-5692,Norfolk,VA,United States,2022-05-02,Small Business
CUST03282,Joseph,Hernandez,joseph.hernandez3282@example.com,804-504-6905,Virginia Beach,VA,United States,2024-05-24,Small Business
CUST03283,Charles,Garcia,charles.garcia3283@example.com,,Miami,FL,United States,2024-07-03,Corporate
CUST03284,Mary,Miller,mary.miller3284@example.com,804-162-4045,Albany,NY,United States,2022-09-29,Corporate
CUST03285,Linda,Johnson,linda.johnson3285@example.com,804-453-3815,Dallas,TX,United States,2024-03-07,Corporate
CUST03286,James,Martin,james.martin3286@example.com,804-894-1642,Chicago,IL,United States,2024-08-03,Small Business
CUST03287,Jessica,Taylor,jessica.taylor3287@example.com,804-576-7548,Buffalo,NY,United States,2022-11-01,Small Business
CUST03288,David,Moore,david.moore3288@example.com,804-125-2013,San Antonio,TX,United States,2025-03-23,Small Business
CUST03289,Michael,Gonzalez,michael.gonzalez3289@example.com,804-239-9070,Peoria,IL,United States,2023-03-04,Corporate
CUST03290,Robert,Jones,robert.jones3290@example.com,804-891-9513,Tampa,FL,United States,2024-03-30,Consumer
CUST03291,Linda,Thomas,linda.thomas3291@example.com,804-868-4406,Springfield,IL,United States,2023-01-17,Consumer
CUST03292,Sarah,Johnson,sarah.johnson3292@example.com,804-312-5112,San Jose,CA,United States,2022-10-19,Consumer
CUST03293,William,Miller,william.miller3293@example.com,804-747-9804,Dallas,TX,United States,2023-02-07,Small Business
CUST03294,Joseph,Williams,joseph.williams3294@example.com,804-740-1207,Austin,TX,United States,2024-09-24,Corporate
CUST03295,Daniel,Taylor,daniel.taylor3295@example.com,804-531-7318,Spokane,WA,United States,2022-08-21,Small Business
CUST03296,Joseph,Martinez,joseph.martinez3296@example.com,804-845-3360,Albany,NY,United States,2023-09-22,Consumer
CUST03297,Karen,Davis,karen.davis3297@example.com,804-130-6295,Virginia Beach,VA,United States,2024-06-10,Consumer
CUST03298,Thomas,Miller,thomas.miller3298@example.com,804-471-4345,Peoria,IL,United States,2024-12-05,Corporate
CUST03299,Karen,Miller,karen.miller3299@example.com,804-567-8679,Chicago,IL,United States,2023-03-29,Small Business
CUST03300,Michael,Williams,michael.williams3300@example.com,804-268-2549,Naperville,IL,United States,2022-02-16,Small Business
CUST03301,Jessica,Lopez,jessica.lopez3301@example.com,804-230-6433,Spokane,WA,United States,2022-06-15,Consumer
CUST03302,Charles,Gonzalez,charles.gonzalez3302@example.com,804-568-4656,Chicago,IL,United States,2024-04-05,Corporate
CUST03303,Elizabeth,Jackson,elizabeth.jackson3303@example.com,804-672-6871,Jacksonville,FL,United States,2023-05-21,Small Business
CUST03304,James,Davis,james.davis3304@example.com,804-250-8695,Tampa,FL,United States,2023-01-15,Corporate
CUST03305,Susan,Jackson,susan.jackson3305@example.com,804-402-4373,Bellevue,WA,United States,2023-05-11,Small Business
CUST03306,Nancy,Martin,nancy.martin3306@example.com,804-305-6699,Albany,NY,United States,2023-08-15,Corporate
CUST03307,Susan,Wilson,susan.wilson3307@example.com,804-581-1953,Spokane,WA,United States,2023-02-11,Small Business
CUST03308,Robert,Williams,robert.williams3308@example.com,804-489-7161,San Diego,CA,United States,2024-08-15,Consumer
CUST03309,Susan,Gonzalez,susan.gonzalez3309@example.com,804-274-4350,Peoria,IL,United States,2023-02-24,Corporate
CUST03310,Daniel,Miller,daniel.miller3310@example.com,804-105-2573,Miami,FL,United States,2024-05-22,Small Business
CUST03311,Elizabeth,Moore,elizabeth.moore3311@example.com,804-865-8247,Jacksonville,FL,United States,2024-03-22,Consumer
CUST03312,Jessica,Martinez,jessica.martinez3312@example.com,804-743-4239,Rochester,NY,United States,2025-02-16,Small Business
CUST03313,Susan,Rodriguez,susan.rodriguez3313@example.com,804-905-1380,San Francisco,CA,United States,2024-06-01,Small Business
CUST03314,Jessica,Martinez,jessica.martinez3314@example.com,804-114-5678,Spokane,WA,United States,2025-02-19,Corporate
CUST03315,William,Wilson,william.wilson3315@example.com,804-911-4496,Norfolk,VA,United States,2023-06-07,Small Business
CUST03316,Thomas,Moore,thomas.moore3316@example.com,804-686-1491,San Jose,CA,United States,2022-09-25,Small Business
CUST03317,John,Moore,john.moore3317@example.com,804-857-8362,San Antonio,TX,United States,2025-01-15,Corporate
CUST03318,Karen,Taylor,karen.taylor3318@example.com,804-934-5325,San Antonio,TX,United States,2023-07-15,Corporate
CUST03319,Charles,Hernandez,charles.hernandez3319@example.com,804-504-3584,Orlando,FL,United States,2024-10-27,Small Business
CUST03320,Mary,Taylor,mary.taylor3320@example.com,804-921-3709,Bellevue,WA,United States,2023-07-29,Corporate
CUST03321,Linda,Lopez,linda.lopez3321@example.com,804-214-4058,Rochester,NY,United States,2023-11-07,Consumer
CUST03322,Linda,Taylor,linda.taylor3322@example.com,804-659-1737,Richmond,VA,United States,2022-01-11,Consumer
CUST03323,Nancy,Martinez,nancy.martinez3323@example.com,804-701-1960,Alexandria,VA,United States,2022-01-02,Consumer
CUST03324,William,Anderson,william.anderson3324@example.com,804-183-4051,Richmond,VA,United States,2022-06-17,Consumer
CUST03325,Linda,Jackson,linda.jackson3325@example.com,804-664-7697,Bellevue,WA,United States,2023-10-04,Small Business
CUST03326,John,Jackson,john.jackson3326@example.com,804-225-6142,Chicago,IL,United States,2022-03-28,Small Business
CUST03327,Susan,Jones,susan.jones3327@example.com,804-202-4660,Bellevue,WA,United States,2024-04-01,Small Business
CUST03328,James,Garcia,james.garcia3328@example.com,804-908-9497,Tampa,FL,United States,2024-09-13,Consumer
CUST03329,James,Williams,james.williams3329@example.com,804-196-9879,Austin,TX,United States,2023-12-26,Consumer
CUST03330,Joseph,Williams,joseph.williams3330@example.com,804-218-4107,Tampa,FL,United States,2025-03-09,Corporate
CUST03331,Mary,Lopez,mary.lopez3331@example.com,804-787-4647,New York,NY,United States,2025-03-24,Small Business
CUST03332,Charles,Wilson,charles.wilson3332@example.com,804-107-9786,Bellevue,WA,United States,2022-06-07,Consumer
CUST03333,Robert,Martin,robert.martin3333@example.com,804-832-6990,Tacoma,WA,United States,2022-11-30,Consumer
CUST03334,Patricia,Martin,patricia.martin3334@example.com,804-325-4400,Richmond,VA,United States,2022-11-11,Consumer
CUST03335,Daniel,Lopez,daniel.lopez3335@example.com,804-992-5344,Dallas,TX,United States,2022-03-28,Consumer
CUST03336,Michael,Thomas,michael.thomas3336@example.com,804-471-9554,Seattle,WA,United States,2024-08-22,Small Business
CUST03337,Thomas,Rodriguez,thomas.rodriguez3337@example.com,804-208-2118,Miami,FL,United States,2024-03-06,Small Business
CUST03338,Jennifer,Wilson,jennifer.wilson3338@example.com,804-335-1975,Tacoma,WA,United States,2022-03-09,Corporate
CUST03339,John,Wilson,john.wilson3339@example.com,804-212-2931,Rochester,NY,United States,2022-07-11,Small Business
CUST03340,John,Moore,john.moore3340@example.com,804-898-4768,Los Angeles,CA,United States,2022-09-27,Small Business
CUST03341,Linda,Miller,linda.miller3341@example.com,804-697-9322,San Diego,CA,United States,2023-10-27,Corporate
CUST03342,Mary,Wilson,mary.wilson3342@example.com,804-909-5661,Tacoma,WA,United States,2023-03-29,Small Business
CUST03343,Charles,Martin,charles.martin3343@example.com,804-820-7339,Seattle,WA,United States,2022-02-11,Small Business
CUST03344,Karen,Johnson,karen.johnson3344@example.com,804-267-2459,Albany,NY,United States,2022-03-05,Consumer
CUST03345,Michael,Wilson,michael.wilson3345@example.com,804-894-2691,Los Angeles,CA,United States,2024-04-09,Small Business
CUST03346,William,Rodriguez,william.rodriguez3346@example.com,804-818-2234,Peoria,IL,United States,2022-03-29,Small Business
CUST03347,William,Johnson,william.johnson3347@example.com,804-677-6335,Tacoma,WA,United States,2023-07-14,Corporate
CUST03348,James,Gonzalez,james.gonzalez3348@example.com,804-523-3157,San Jose,CA,United States,2024-10-24,Small Business
CUST03349,Joseph,Wilson,joseph.wilson3349@example.com,804-685-1665,Orlando,FL,United States,2025-01-23,Corporate
CUST03350,William,Williams,william.williams3350@example.com,804-735-6883,Buffalo,NY,United States,2022-02-02,Corporate
CUST03351,Thomas,Wilson,thomas.wilson3351@example.com,804-646-5712,Austin,TX,United States,2023-01-26,Corporate
CUST03352,John,Martin,john.martin3352@example.com,804-198-7401,Spokane,WA,United States,2023-02-04,Corporate
CUST03353,Joseph,Brown,joseph.brown3353@example.com,804-427-1234,Norfolk,VA,United States,2024-02-08,Consumer
CUST03354,Joseph,Jones,joseph.jones3354@example.com,804-223-7393,Jacksonville,FL,United States,2024-03-05,Corporate
CUST03355,Joseph,Wilson,joseph.wilson3355@example.com,804-634-3088,San Diego,CA,United States,2023-09-24,Corporate
CUST03356,Karen,Martin,karen.martin3356@example.com,804-147-3046,Peoria,IL,United States,2024-09-16,Corporate
CUST03357,Sarah,Thomas,sarah.thomas3357@example.com,804-164-6962,Spokane,WA,United States,2022-04-02,Corporate
CUST03358,Robert,Hernandez,robert.hernandez3358@example.com,804-448-3480,Austin,TX,United States,2023-01-03,Corporate
CUST03359,Mary,Smith,mary.smith3359@example.com,804-416-7397,Tampa,FL,United States,2024-12-06,Consumer
CUST03360,Mary,Hernandez,mary.hernandez3360@example.com,804-468-4730,Tacoma,WA,United States,2022-01-17,Corporate
CUST03361,Patricia,Taylor,patricia.taylor3361@example.com,804-437-4767,Albany,NY,United States,2024-04-27,Corporate
CUST03362,Robert,Brown,robert.brown3362@example.com,804-377-5229,Los Angeles,CA,United States,2022-10-28,Small Business
CUST03363,William,Williams,william.williams3363@example.com,804-624-4644,New York,NY,United States,2025-01-07,Corporate
CUST03364,Michael,Anderson,michael.anderson3364@example.com,804-805-5976,Bellevue,WA,United States,2025-01-19,Consumer
CUST03365,Patricia,Wilson,patricia.wilson3365@example.com,804-322-9062,Orlando,FL,United States,2023-04-13,Small Business
CUST03366,Charles,Williams,charles.williams3366@example.com,804-923-7272,Miami,FL,United States,2022-02-01,Consumer
CUST03367,Jessica,Lopez,jessica.lopez3367@example.com,804-470-9256,Alexandria,VA,United States,2023-03-21,Corporate
CUST03368,Susan,Jones,susan.jones3368@example.com,804-635-9735,Virginia Beach,VA,United States,2023-09-08,Consumer
CUST03369,Sarah,Jones,sarah.jones3369@example.com,804-231-6274,Albany,NY,United States,2023-08-29,Consumer
CUST03370,Thomas,Taylor,thomas.taylor3370@example.com,804-439-1754,Springfield,IL,United States,2025-02-07,Consumer
CUST03371,Karen,Taylor,karen.taylor3371@example.com,804-368-8231,San Antonio,TX,United States,2022-11-22,Corporate
CUST03372,Joseph,Johnson,joseph.johnson3372@example.com,804-607-5902,Orlando,FL,United States,2025-01-11,Corporate
CUST03373,Thomas,Williams,thomas.williams3373@example.com,804-583-6134,Springfield,IL,United States,2022-04-24,Consumer
CUST03374,Michael,Gonzalez,michael.gonzalez3374@example.com,804-480-3232,Tampa,FL,United States,2023-01-24,Corporate
CUST03375,Mary,Thomas,,804-909-5314,Spokane,WA,United States,2022-06-18,Consumer
CUST03376,James,Gonzalez,james.gonzalez3376@example.com,804-245-7257,San Jose,CA,United States,2023-08-10,Corporate
CUST03377,William,Miller,william.miller3377@example.com,804-930-3006,Houston,TX,United States,2024-09-07,Small Business
CUST03378,Linda,Rodriguez,linda.rodriguez3378@example.com,804-542-8657,Bellevue,WA,United States,2022-12-04,Consumer
CUST03379,Michael,Martinez,michael.martinez3379@example.com,804-714-9131,Austin,TX,United States,2023-09-10,Corporate
CUST03380,Susan,Moore,susan.moore3380@example.com,804-636-9299,Peoria,IL,United States,2022-05-21,Consumer
CUST03381,Joseph,Johnson,joseph.johnson3381@example.com,804-686-3514,Springfield,IL,United States,2022-08-25,Corporate
CUST03382,Jessica,Davis,jessica.davis3382@example.com,804-697-1737,Orlando,FL,United States,2024-10-02,Consumer
CUST03383,Jennifer,Davis,jennifer.davis3383@example.com,804-141-8192,Spokane,WA,United States,2023-06-25,Consumer
CUST03384,Patricia,Martinez,patricia.martinez3384@example.com,804-574-6073,Springfield,IL,United States,2024-03-22,Corporate
CUST03385,William,Smith,william.smith3385@example.com,,Richmond,VA,United States,2023-03-29,Corporate
CUST03386,Thomas,Gonzalez,thomas.gonzalez3386@example.com,804-972-3533,Springfield,IL,United States,2022-11-28,Consumer
CUST03387,Karen,Jones,karen.jones3387@example.com,804-985-9801,San Diego,CA,United States,2024-10-28,Consumer
CUST03388,Thomas,Jones,thomas.jones3388@example.com,804-310-4236,Norfolk,VA,United States,2023-03-18,Consumer
CUST03389,Susan,Jackson,susan.jackson3389@example.com,804-778-1601,Bellevue,WA,United States,2025-03-13,Corporate
CUST03390,Mary,Rodriguez,mary.rodriguez3390@example.com,804-286-4315,Tampa,FL,United States,2023-04-20,Corporate
CUST03391,David,Taylor,david.taylor3391@example.com,804-193-2842,Spokane,WA,United States,2025-03-30,Small Business
CUST03392,Jessica,Lopez,jessica.lopez3392@example.com,804-221-1476,San Diego,CA,United States,2023-06-20,Corporate
CUST03393,John,Thomas,john.thomas3393@example.com,804-827-4694,Seattle,WA,United States,2023-09-21,Corporate
CUST03394,Patricia,Williams,patricia.williams3394@example.com,804-458-6921,Peoria,IL,United States,2023-11-24,Small Business
CUST03395,Susan,Jackson,susan.jackson3395@example.com,804-352-9186,Buffalo,NY,United States,2022-05-31,Small Business
CUST03396,Michael,Wilson,michael.wilson3396@example.com,804-608-3904,San Antonio,TX,United States,2023-11-21,Corporate
CUST03397,Sarah,Thomas,sarah.thomas3397@example.com,804-469-7965,Norfolk,VA,United States,2025-03-09,Consumer
CUST03398,John,Thomas,john.thomas3398@example.com,804-893-1384,New York,NY,United States,2023-12-10,Small Business
CUST03399,Jennifer,Wilson,jennifer.wilson3399@example.com,804-305-1212,Bellevue,WA,United States,2022-09-24,Small Business
CUST03400,Patricia,Lopez,patricia.lopez3400@example.com,804-176-2343,Seattle,WA,United States,2022-03-09,Consumer
CUST03401,Charles,Smith,charles.smith3401@example.com,804-522-5114,Albany,NY,United States,2023-01-11,Corporate
CUST03402,William,Jackson,william.jackson3402@example.com,804-984-9594,Miami,FL,United States,2022-06-28,Corporate
CUST03403,William,Anderson,william.anderson3403@example.com,804-919-2467,Chicago,IL,United States,2023-10-01,Corporate
CUST03404,Charles,Smith,charles.smith3404@example.com,804-572-4787,Alexandria,VA,United States,2025-03-18,Corporate
CUST03405,Daniel,Gonzalez,daniel.gonzalez3405@example.com,804-569-3968,Los Angeles,CA,United States,2023-01-07,Corporate
CUST03406,Mary,Lopez,mary.lopez3406@example.com,804-549-3592,Jacksonville,FL,United States,2025-03-08,Corporate
CUST03407,Sarah,Brown,sarah.brown3407@example.com,804-732-4202,Naperville,IL,United States,2024-01-12,Consumer
CUST03408,James,Brown,james.brown3408@example.com,804-198-8643,San Jose,CA,United States,2023-09-24,Small Business
CUST03409,Jennifer,Wilson,jennifer.wilson3409@example.com,804-516-9329,San Francisco,CA,United States,2024-11-06,Small Business
CUST03410,Karen,Wilson,karen.wilson3410@example.com,804-451-8770,Seattle,WA,United States,2022-03-13,Consumer
CUST03411,Sarah,Jackson,sarah.jackson3411@example.com,804-380-5448,Buffalo,NY,United States,2023-02-03,Corporate
CUST03412,Robert,Thomas,robert.thomas3412@example.com,804-708-7450,Alexandria,VA,United States,2024-05-18,Corporate
CUST03413,Joseph,Gonzalez,joseph.gonzalez3413@example.com,804-862-2282,Tampa,FL,United States,2023-06-27,Corporate
CUST03414,Linda,Rodriguez,linda.rodriguez3414@example.com,804-763-1591,Bellevue,WA,United States,2023-06-02,Small Business
CUST03415,Susan,Davis,susan.davis3415@example.com,804-762-1091,Alexandria,VA,United States,2022-12-14,Small Business
CUST03416,Charles,Martin,charles.martin3416@example.com,804-738-5238,Norfolk,VA,United States,2023-04-10,Corporate
CUST03417,Susan,Rodriguez,susan.rodriguez3417@example.com,804-107-7137,Miami,FL,United States,2024-09-14,Consumer
CUST03418,Karen,Lopez,karen.lopez3418@example.com,804-223-5057,Virginia Beach,VA,United States,2023-01-18,Corporate
CUST03419,Charles,Johnson,charles.johnson3419@example.com,804-326-8513,Naperville,IL,United States,2022-03-01,Consumer
CUST03420,William,Williams,william.williams3420@example.com,804-280-5219,New York,NY,United States,2024-03-02,Consumer
CUST03421,Robert,Wilson,robert.wilson3421@example.com,804-746-8075,Buffalo,NY,United States,2024-12-27,Consumer
CUST03422,Joseph,Anderson,joseph.anderson3422@example.com,804-984-8075,Rochester,NY,United States,2023-06-30,Small Business
CUST03423,Robert,Thomas,robert.thomas3423@example.com,804-443-3402,San Antonio,TX,United States,2023-06-26,Consumer
CUST03424,Elizabeth,Williams,elizabeth.williams3424@example.com,804-743-9015,Los Angeles,CA,United States,2022-02-13,Corporate
CUST03425,Patricia,Martin,patricia.martin3425@example.com,804-630-5298,New York,NY,United States,2024-03-13,Small Business
CUST03426,Sarah,Miller,sarah.miller3426@example.com,804-537-2428,Orlando,FL,United States,2023-04-29,Corporate
CUST03427,Thomas,Lopez,thomas.lopez3427@example.com,804-315-6593,Rochester,NY,United States,2024-12-17,Consumer
CUST03428,Jennifer,Wilson,jennifer.wilson3428@example.com,804-843-7610,San Diego,CA,United States,2024-08-15,Small Business
CUST03429,Sarah,Johnson,sarah.johnson3429@example.com,804-263-3987,Richmond,VA,United States,2025-01-14,Consumer
CUST03430,Patricia,Miller,patricia.miller3430@example.com,804-603-8564,Miami,FL,United States,2022-09-18,Corporate
CUST03431,Charles,Martinez,charles.martinez3431@example.com,804-610-7737,Chicago,IL,United States,2023-03-01,Small Business
CUST03432,Charles,Smith,charles.smith3432@example.com,804-921-7626,Richmond,VA,United States,2022-04-02,Small Business
CUST03433,Jessica,Rodriguez,jessica.rodriguez3433@example.com,804-640-4358,San Francisco,CA,United States,2022-03-15,Small Business
CUST03434,Charles,Rodriguez,charles.rodriguez3434@example.com,804-360-9479,Orlando,FL,United States,2022-01-22,Corporate
CUST03435,David,Martinez,david.martinez3435@example.com,804-735-3118,Chicago,IL,United States,2023-08-20,Corporate
CUST03436,James,Miller,james.miller3436@example.com,804-350-7389,San Francisco,CA,United States,2025-02-08,Corporate
CUST03437,Jessica,Thomas,jessica.thomas3437@example.com,804-367-5377,Naperville,IL,United States,2024-10-26,Consumer
CUST03438,David,Jackson,david.jackson3438@example.com,804-740-1551,Houston,TX,United States,2023-02-14,Corporate
CUST03439,James,Hernandez,james.hernandez3439@example.com,804-861-6924,San Antonio,TX,United States,2022-04-21,Consumer
CUST03440,Mary,Jones,mary.jones3440@example.com,804-324-1349,Jacksonville,FL,United States,2024-02-20,Small Business
CUST03441,Linda,Lopez,linda.lopez3441@example.com,804-103-5011,Bellevue,WA,United States,2023-12-24,Consumer
CUST03442,Patricia,Lopez,patricia.lopez3442@example.com,804-313-3676,New York,NY,United States,2023-01-04,Consumer
CUST03443,Nancy,Lopez,nancy.lopez3443@example.com,804-104-1360,Houston,TX,United States,2025-02-17,Corporate
CUST03444,Karen,Jones,karen.jones3444@example.com,804-229-1908,Chicago,IL,United States,2024-02-27,Corporate
CUST03445,Mary,Jackson,mary.jackson3445@example.com,804-643-5716,Houston,TX,United States,2023-12-11,Small Business
CUST03446,Susan,Anderson,susan.anderson3446@example.com,804-700-9608,Bellevue,WA,United States,2024-07-04,Small Business
CUST03447,David,Hernandez,david.hernandez3447@example.com,804-648-3569,Houston,TX,United States,2024-02-07,Corporate
CUST03448,Charles,Jones,charles.jones3448@example.com,804-463-2613,Norfolk,VA,United States,2022-09-27,Small Business
CUST03449,Susan,Anderson,susan.anderson3449@example.com,804-777-2298,Peoria,IL,United States,2024-12-17,Corporate
CUST03450,Linda,Johnson,linda.johnson3450@example.com,804-845-6379,Miami,FL,United States,2025-03-23,Corporate
CUST03451,Joseph,Brown,joseph.brown3451@example.com,804-624-5615,Naperville,IL,United States,2022-01-31,Small Business
CUST03452,David,Smith,david.smith3452@example.com,804-516-5759,Orlando,FL,United States,2023-06-07,Consumer
CUST03453,Thomas,Wilson,thomas.wilson3453@example.com,804-715-4446,Tampa,FL,United States,2023-12-11,Corporate
CUST03454,John,Johnson,john.johnson3454@example.com,804-549-6402,Orlando,FL,United States,2022-11-09,Corporate
CUST03455,Sarah,Thomas,sarah.thomas3455@example.com,804-478-5650,Albany,NY,United States,2025-03-22,Small Business
CUST03456,Thomas,Jones,thomas.jones3456@example.com,804-710-8699,Spokane,WA,United States,2023-05-24,Small Business
CUST03457,Elizabeth,Hernandez,elizabeth.hernandez3457@example.com,804-682-7816,Albany,NY,United States,2025-01-26,Corporate
CUST03458,Patricia,Wilson,patricia.wilson3458@example.com,804-449-7910,Virginia Beach,VA,United States,2023-02-09,Small Business
CUST03459,David,Lopez,david.lopez3459@example.com,804-272-8379,Orlando,FL,United States,2023-12-05,Corporate
CUST03460,James,Gonzalez,james.gonzalez3460@example.com,804-602-3417,New York,NY,United States,2022-11-14,Small Business
CUST03461,John,Martinez,john.martinez3461@example.com,804-306-5526,Spokane,WA,United States,2022-08-20,Consumer
CUST03462,Mary,Johnson,mary.johnson3462@example.com,804-669-4942,Albany,NY,United States,2024-01-17,Corporate
CUST03463,David,Lopez,david.lopez3463@example.com,804-671-4517,Virginia Beach,VA,United States,2022-09-09,Consumer
CUST03464,Sarah,Wilson,sarah.wilson3464@example.com,804-464-1127,Richmond,VA,United States,2025-02-21,Corporate
CUST03465,John,Smith,john.smith3465@example.com,804-305-2301,Jacksonville,FL,United States,2022-04-15,Corporate
CUST03466,Sarah,Moore,sarah.moore3466@example.com,804-835-8484,Buffalo,NY,United States,2022-07-11,Small Business
CUST03467,Joseph,Johnson,joseph.johnson3467@example.com,804-136-9577,Tacoma,WA,United States,2022-05-21,Small Business
CUST03468,Charles,Moore,charles.moore3468@example.com,804-477-7091,New York,NY,United States,2022-06-30,Small Business
CUST03469,Patricia,Lopez,patricia.lopez3469@example.com,804-265-7650,Tacoma,WA,United States,2022-12-21,Corporate
CUST03470,Michael,Davis,michael.davis3470@example.com,804-348-9188,Springfield,IL,United States,2025-03-14,Small Business
CUST03471,Linda,Moore,linda.moore3471@example.com,804-770-2028,Jacksonville,FL,United States,2024-11-28,Small Business
CUST03472,Elizabeth,Martinez,elizabeth.martinez3472@example.com,804-542-7622,Richmond,VA,United States,2024-04-24,Consumer
CUST03473,Robert,Smith,robert.smith3473@example.com,804-816-2518,Orlando,FL,United States,2023-09-05,Consumer
CUST03474,Joseph,Wilson,joseph.wilson3474@example.com,804-845-7767,Rochester,NY,United States,2023-07-24,Corporate
CUST03475,Thomas,Moore,thomas.moore3475@example.com,804-940-8112,Dallas,TX,United States,2024-10-10,Corporate
CUST03476,David,Taylor,david.taylor3476@example.com,804-379-3765,San Francisco,CA,United States,2024-06-27,Corporate
CUST03477,John,Martinez,john.martinez3477@example.com,804-731-6487,Rochester,NY,United States,2023-03-21,Consumer
CUST03478,Jessica,Gonzalez,jessica.gonzalez3478@example.com,804-385-1167,Buffalo,NY,United States,2023-02-06,Consumer
CUST03479,Daniel,Smith,daniel.smith3479@example.com,804-497-7397,Bellevue,WA,United States,2023-07-04,Corporate
CUST03480,John,Brown,john.brown3480@example.com,804-900-3390,Springfield,IL,United States,2022-10-12,Consumer
CUST03481,Robert,Rodriguez,robert.rodriguez3481@example.com,804-153-4711,Alexandria,VA,United States,2022-10-09,Corporate
CUST03482,Karen,Rodriguez,karen.rodriguez3482@example.com,804-627-7777,San Francisco,CA,United States,2022-05-12,Corporate
CUST03483,Charles,Hernandez,charles.hernandez3483@example.com,804-906-6401,Virginia Beach,VA,United States,2022-04-16,Corporate
CUST03484,David,Anderson,david.anderson3484@example.com,804-614-7313,Peoria,IL,United States,2024-02-01,Small Business
CUST03485,Susan,Hernandez,susan.hernandez3485@example.com,804-866-8847,San Diego,CA,United States,2024-03-21,Small Business
CUST03486,Nancy,Rodriguez,nancy.rodriguez3486@example.com,804-578-1596,San Antonio,TX,United States,2023-04-05,Corporate
CUST03487,Jessica,Lopez,jessica.lopez3487@example.com,804-143-2006,Austin,TX,United States,2023-06-03,Corporate
CUST03488,Charles,Wilson,charles.wilson3488@example.com,804-986-7040,Norfolk,VA,United States,2024-07-22,Consumer
CUST03489,Daniel,Williams,daniel.williams3489@example.com,804-518-7128,Tampa,FL,United States,2022-02-14,Small Business
CUST03490,Karen,Hernandez,karen.hernandez3490@example.com,804-290-4044,Los Angeles,CA,United States,2023-06-23,Small Business
CUST03491,Sarah,Wilson,sarah.wilson3491@example.com,804-787-1780,Virginia Beach,VA,United States,2023-01-17,Corporate
CUST03492,Patricia,Smith,patricia.smith3492@example.com,804-179-9045,Richmond,VA,United States,2024-11-01,Consumer
CUST03493,Nancy,Williams,nancy.williams3493@example.com,804-958-5841,Tampa,FL,United States,2023-12-17,Small Business
CUST03494,Nancy,Martin,nancy.martin3494@example.com,804-119-3952,San Jose,CA,United States,2022-09-29,Corporate
CUST03495,Patricia,Martinez,patricia.martinez3495@example.com,804-145-6113,Austin,TX,United States,2024-10-28,Consumer
CUST03496,Susan,Brown,susan.brown3496@example.com,804-111-3509,Houston,TX,United States,2024-05-26,Consumer
CUST03497,Thomas,Martinez,thomas.martinez3497@example.com,804-389-8323,Buffalo,NY,United States,2024-07-30,Consumer
CUST03498,Elizabeth,Davis,elizabeth.davis3498@example.com,804-354-2425,San Diego,CA,United States,2024-06-27,Consumer
CUST03499,Joseph,Johnson,joseph.johnson3499@example.com,804-188-7780,Dallas,TX,United States,2023-02-17,Corporate
CUST03500,Robert,Rodriguez,robert.rodriguez3500@example.com,804-253-7897,Norfolk,VA,United States,2023-11-11,Corporate
CUST03501,Linda,Gonzalez,linda.gonzalez3501@example.com,804-565-6145,Peoria,IL,United States,2022-04-28,Consumer
CUST03502,Susan,Wilson,susan.wilson3502@example.com,804-692-1044,Jacksonville,FL,United States,2022-03-27,Corporate
CUST03503,John,Garcia,john.garcia3503@example.com,804-990-4319,Los Angeles,CA,United States,2024-02-24,Consumer
CUST03504,Michael,Jackson,michael.jackson3504@example.com,804-744-7071,Tacoma,WA,United States,2023-04-19,Corporate
CUST03505,David,Williams,david.williams3505@example.com,804-937-1918,Bellevue,WA,United States,2023-11-09,Corporate
CUST03506,Patricia,Taylor,patricia.taylor3506@example.com,804-280-7487,Houston,TX,United States,2022-10-30,Small Business
CUST03507,David,Hernandez,david.hernandez3507@example.com,804-246-1565,Chicago,IL,United States,2025-03-20,Corporate
CUST03508,John,Hernandez,john.hernandez3508@example.com,804-133-6178,Naperville,IL,United States,2025-01-19,Consumer
CUST03509,Elizabeth,Gonzalez,elizabeth.gonzalez3509@example.com,804-526-4327,Spokane,WA,United States,2023-05-23,Consumer
CUST03510,Susan,Martinez,susan.martinez3510@example.com,804-691-9851,San Antonio,TX,United States,2022-04-19,Corporate
CUST03511,William,Davis,william.davis3511@example.com,804-762-3403,Alexandria,VA,United States,2022-03-09,Consumer
CUST03512,William,Anderson,william.anderson3512@example.com,804-820-3779,Los Angeles,CA,United States,2023-01-12,Small Business
CUST03513,Linda,Miller,linda.miller3513@example.com,804-757-9832,Peoria,IL,United States,2022-07-09,Corporate
CUST03514,Joseph,Martin,joseph.martin3514@example.com,804-718-2546,Norfolk,VA,United States,2022-03-17,Corporate
CUST03515,Daniel,Davis,daniel.davis3515@example.com,804-838-6948,Los Angeles,CA,United States,2022-04-28,Small Business
CUST03516,Karen,Miller,karen.miller3516@example.com,804-316-7156,Houston,TX,United States,2024-09-26,Corporate
CUST03517,Nancy,Rodriguez,nancy.rodriguez3517@example.com,804-458-5849,Naperville,IL,United States,2022-03-30,Corporate
CUST03518,David,Jackson,david.jackson3518@example.com,804-779-9150,Austin,TX,United States,2024-08-14,Corporate
CUST03519,William,Gonzalez,william.gonzalez3519@example.com,804-763-6248,Houston,TX,United States,2024-08-18,Corporate
CUST03520,Jennifer,Anderson,jennifer.anderson3520@example.com,804-878-3108,San Diego,CA,United States,2024-04-21,Small Business
CUST03521,John,Brown,john.brown3521@example.com,804-857-2925,Jacksonville,FL,United States,2024-11-15,Consumer
CUST03522,Linda,Wilson,linda.wilson3522@example.com,804-385-1057,Seattle,WA,United States,2022-05-20,Small Business
CUST03523,Mary,Miller,mary.miller3523@example.com,804-640-1395,San Antonio,TX,United States,2024-04-11,Corporate
CUST03524,Charles,Anderson,charles.anderson3524@example.com,804-186-5547,Alexandria,VA,United States,2024-10-12,Small Business
CUST03525,Joseph,Taylor,joseph.taylor3525@example.com,804-443-7992,Houston,TX,United States,2022-08-04,Small Business
CUST03526,Joseph,Martinez,joseph.martinez3526@example.com,804-307-6209,Richmond,VA,United States,2024-10-02,Small Business
CUST03527,Daniel,Brown,daniel.brown3527@example.com,804-462-2968,Orlando,FL,United States,2022-11-02,Consumer
CUST03528,Daniel,Anderson,daniel.anderson3528@example.com,804-278-6762,Spokane,WA,United States,2024-12-22,Consumer
CUST03529,Jessica,Anderson,jessica.anderson3529@example.com,804-754-8747,Naperville,IL,United States,2024-12-11,Consumer
CUST03530,Robert,Brown,robert.brown3530@example.com,804-560-5622,Alexandria,VA,United States,2023-06-21,Corporate
CUST03531,Nancy,Martin,nancy.martin3531@example.com,804-321-9798,Naperville,IL,United States,2025-01-31,Consumer
CUST03532,Daniel,Thomas,daniel.thomas3532@example.com,804-248-1591,Seattle,WA,United States,2022-12-30,Consumer
CUST03533,Joseph,Rodriguez,joseph.rodriguez3533@example.com,804-929-9042,Richmond,VA,United States,2022-11-01,Consumer
CUST03534,Daniel,Jackson,daniel.jackson3534@example.com,804-794-1615,Dallas,TX,United States,2024-01-27,Consumer
CUST03535,Karen,Thomas,karen.thomas3535@example.com,804-756-7444,Orlando,FL,United States,2022-03-23,Small Business
CUST03536,Sarah,Lopez,sarah.lopez3536@example.com,804-282-7939,Dallas,TX,United States,2023-11-06,Small Business
CUST03537,William,Moore,william.moore3537@example.com,804-226-2863,Norfolk,VA,United States,2024-09-10,Consumer
CUST03538,Daniel,Miller,daniel.miller3538@example.com,804-336-3706,Albany,NY,United States,2022-09-08,Consumer
CUST03539,Thomas,Anderson,thomas.anderson3539@example.com,804-912-5002,Jacksonville,FL,United States,2023-11-19,Small Business
CUST03540,Thomas,Lopez,thomas.lopez3540@example.com,804-593-9109,Seattle,WA,United States,2023-10-10,Small Business
CUST03541,John,Anderson,john.anderson3541@example.com,804-785-5935,Buffalo,NY,United States,2022-06-01,Consumer
CUST03542,Susan,Davis,susan.davis3542@example.com,804-606-6762,Miami,FL,United States,2022-05-21,Consumer
CUST03543,Thomas,Garcia,thomas.garcia3543@example.com,804-850-4081,San Jose,CA,United States,2024-11-21,Corporate
CUST03544,Thomas,Lopez,thomas.lopez3544@example.com,804-304-2645,Virginia Beach,VA,United States,2023-06-10,Corporate
CUST03545,Thomas,Smith,thomas.smith3545@example.com,804-509-5460,Spokane,WA,United States,2023-10-27,Consumer
CUST03546,William,Rodriguez,william.rodriguez3546@example.com,804-116-5912,Seattle,WA,United States,2022-05-04,Consumer
CUST03547,Daniel,Thomas,daniel.thomas3547@example.com,,Buffalo,NY,United States,2023-12-16,Consumer
CUST03548,Charles,Williams,charles.williams3548@example.com,804-259-5020,Jacksonville,FL,United States,2022-08-21,Corporate
CUST03549,Michael,Taylor,michael.taylor3549@example.com,804-432-9183,New York,NY,United States,2022-07-26,Consumer
CUST03550,Susan,Gonzalez,susan.gonzalez3550@example.com,804-961-3643,Los Angeles,CA,United States,2024-04-23,Corporate
CUST03551,David,Hernandez,david.hernandez3551@example.com,804-282-3022,Rochester,NY,United States,2022-11-30,Consumer
CUST03552,Joseph,Martin,joseph.martin3552@example.com,804-683-5661,Springfield,IL,United States,2022-10-23,Consumer
CUST03553,Thomas,Davis,thomas.davis3553@example.com,804-494-7275,Naperville,IL,United States,2023-04-15,Consumer
CUST03554,David,Rodriguez,david.rodriguez3554@example.com,804-151-5093,Richmond,VA,United States,2022-04-14,Small Business
CUST03555,Mary,Anderson,mary.anderson3555@example.com,804-294-6526,Tampa,FL,United States,2022-08-10,Consumer
CUST03556,John,Garcia,john.garcia3556@example.com,804-748-2748,San Diego,CA,United States,2022-12-05,Corporate
CUST03557,Charles,Johnson,charles.johnson3557@example.com,804-780-2407,Tampa,FL,United States,2024-06-12,Small Business
CUST03558,William,Brown,william.brown3558@example.com,804-501-6892,Dallas,TX,United States,2023-02-08,Small Business
CUST03559,David,Martin,david.martin3559@example.com,804-813-6234,Seattle,WA,United States,2023-11-05,Small Business
CUST03560,Patricia,Lopez,patricia.lopez3560@example.com,804-679-1975,Peoria,IL,United States,2025-01-28,Small Business
CUST03561,Elizabeth,Jackson,elizabeth.jackson3561@example.com,804-983-2902,Dallas,TX,United States,2022-06-25,Small Business
CUST03562,Jennifer,Jackson,jennifer.jackson3562@example.com,804-397-2804,Tampa,FL,United States,2024-10-28,Corporate
CUST03563,Charles,Lopez,charles.lopez3563@example.com,804-294-2982,Peoria,IL,United States,2025-03-28,Corporate
CUST03564,Robert,Smith,robert.smith3564@example.com,804-561-5947,San Diego,CA,United States,2022-03-04,Consumer
CUST03565,Charles,Martinez,charles.martinez3565@example.com,804-615-9413,Naperville,IL,United States,2024-06-11,Small Business
CUST03566,Elizabeth,Moore,elizabeth.moore3566@example.com,804-918-3041,San Diego,CA,United States,2024-08-06,Consumer
CUST03567,David,Martin,david.martin3567@example.com,804-810-3027,San Francisco,CA,United States,2023-10-02,Corporate
CUST03568,Patricia,Moore,patricia.moore3568@example.com,804-295-2009,Chicago,IL,United States,2022-07-14,Small Business
CUST03569,Patricia,Lopez,patricia.lopez3569@example.com,804-287-9898,Virginia Beach,VA,United States,2023-04-28,Corporate
CUST03570,Robert,Jones,robert.jones3570@example.com,804-502-8808,Naperville,IL,United States,2024-03-19,Consumer
CUST03571,Jennifer,Smith,jennifer.smith3571@example.com,804-262-4960,Austin,TX,United States,2023-05-21,Small Business
CUST03572,Thomas,Thomas,thomas.thomas3572@example.com,804-733-4242,Richmond,VA,United States,2023-09-29,Small Business
CUST03573,Daniel,Moore,daniel.moore3573@example.com,804-409-1848,Alexandria,VA,United States,2024-03-20,Small Business
CUST03574,Sarah,Thomas,sarah.thomas3574@example.com,804-559-6538,Tacoma,WA,United States,2022-06-03,Consumer
CUST03575,Mary,Smith,mary.smith3575@example.com,804-974-2196,Dallas,TX,United States,2022-03-15,Consumer
CUST03576,Nancy,Thomas,nancy.thomas3576@example.com,804-452-5530,Austin,TX,United States,2024-08-04,Consumer
CUST03577,John,Wilson,john.wilson3577@example.com,804-964-8117,Springfield,IL,United States,2022-12-31,Small Business
CUST03578,Linda,Jackson,linda.jackson3578@example.com,804-668-2694,Tampa,FL,United States,2023-01-15,Small Business
CUST03579,Daniel,Miller,daniel.miller3579@example.com,804-662-7987,Virginia Beach,VA,United States,2022-12-07,Small Business
CUST03580,Mary,Rodriguez,mary.rodriguez3580@example.com,804-891-4784,Dallas,TX,United States,2023-12-23,Consumer
CUST03581,Daniel,Davis,daniel.davis3581@example.com,804-707-4065,Los Angeles,CA,United States,2024-05-23,Small Business
CUST03582,Linda,Martinez,,804-107-8688,Peoria,IL,United States,2022-04-27,Small Business
CUST03583,James,Moore,james.moore3583@example.com,804-774-7545,Tampa,FL,United States,2025-03-05,Consumer
CUST03584,Charles,Wilson,charles.wilson3584@example.com,804-343-9959,Peoria,IL,United States,2022-09-14,Consumer
CUST03585,Susan,Williams,susan.williams3585@example.com,804-857-6881,Tampa,FL,United States,2025-02-05,Corporate
CUST03586,Susan,Jackson,susan.jackson3586@example.com,804-936-4095,Albany,NY,United States,2022-07-26,Small Business
CUST03587,John,Lopez,john.lopez3587@example.com,804-775-6806,New York,NY,United States,2024-04-26,Consumer
CUST03588,Patricia,Smith,patricia.smith3588@example.com,804-450-2757,Jacksonville,FL,United States,2024-10-16,Small Business
CUST03589,Jessica,Davis,jessica.davis3589@example.com,804-851-1498,Norfolk,VA,United States,2022-01-21,Corporate
CUST03590,Robert,Jones,robert.jones3590@example.com,804-986-8976,Austin,TX,United States,2022-10-03,Small Business
CUST03591,Mary,Miller,mary.miller3591@example.com,804-945-9929,Tacoma,WA,United States,2023-03-20,Consumer
CUST03592,John,Taylor,john.taylor3592@example.com,804-790-8260,Tacoma,WA,United States,2023-12-25,Small Business
CUST03593,Robert,Brown,robert.brown3593@example.com,804-695-7932,San Diego,CA,United States,2024-06-22,Consumer
CUST03594,Michael,Williams,michael.williams3594@example.com,804-207-1264,San Jose,CA,United States,2023-02-26,Small Business
CUST03595,Linda,Johnson,linda.johnson3595@example.com,804-365-1431,Bellevue,WA,United States,2023-11-16,Consumer
CUST03596,Patricia,Taylor,patricia.taylor3596@example.com,804-404-9964,Seattle,WA,United States,2023-05-14,Corporate
CUST03597,Mary,Jones,mary.jones3597@example.com,804-823-5142,San Diego,CA,United States,2023-09-16,Consumer
CUST03598,Robert,Taylor,robert.taylor3598@example.com,804-749-8710,Rochester,NY,United States,2022-05-09,Small Business
CUST03599,Michael,Garcia,michael.garcia3599@example.com,804-721-8835,Seattle,WA,United States,2023-07-31,Consumer
CUST03600,James,Rodriguez,james.rodriguez3600@example.com,804-318-4357,Austin,TX,United States,2024-10-11,Corporate
CUST03601,Jessica,Lopez,jessica.lopez3601@example.com,804-963-7473,Los Angeles,CA,United States,2022-02-12,Consumer
CUST03602,Patricia,Miller,patricia.miller3602@example.com,804-441-8458,San Diego,CA,United States,2023-11-20,Small Business
CUST03603,Sarah,Jones,sarah.jones3603@example.com,804-465-7934,Springfield,IL,United States,2023-04-21,Small Business
CUST03604,Sarah,Gonzalez,sarah.gonzalez3604@example.com,804-876-9139,Seattle,WA,United States,2024-12-06,Small Business
CUST03605,Thomas,Thomas,thomas.thomas3605@example.com,804-985-2041,Alexandria,VA,United States,2024-06-15,Consumer
CUST03606,John,Jones,john.jones3606@example.com,804-645-4657,Tacoma,WA,United States,2025-01-04,Small Business
CUST03607,Jennifer,Johnson,jennifer.johnson3607@example.com,804-381-6918,Rochester,NY,United States,2023-04-06,Consumer
CUST03608,Charles,Wilson,charles.wilson3608@example.com,804-387-2859,Miami,FL,United States,2024-07-23,Small Business
CUST03609,Sarah,Jackson,sarah.jackson3609@example.com,804-353-2752,Peoria,IL,United States,2023-10-01,Corporate
CUST03610,Charles,Hernandez,charles.hernandez3610@example.com,804-885-9836,Orlando,FL,United States,2025-03-10,Small Business
CUST03611,Robert,Johnson,robert.johnson3611@example.com,804-295-4859,Albany,NY,United States,2023-09-19,Small Business
CUST03612,Daniel,Hernandez,daniel.hernandez3612@example.com,804-628-6144,New York,NY,United States,2024-04-20,Corporate
CUST03613,Mary,Anderson,mary.anderson3613@example.com,804-569-5572,Chicago,IL,United States,2023-12-29,Consumer
CUST03614,Susan,Lopez,susan.lopez3614@example.com,804-373-5627,Naperville,IL,United States,2023-03-25,Consumer
CUST03615,Charles,Jackson,charles.jackson3615@example.com,804-815-9246,Peoria,IL,United States,2024-07-22,Small Business
CUST03616,Jennifer,Jones,jennifer.jones3616@example.com,804-566-3291,Seattle,WA,United States,2022-03-06,Small Business
CUST03617,James,Martin,james.martin3617@example.com,804-901-3847,Rochester,NY,United States,2022-05-20,Corporate
CUST03618,Susan,Thomas,susan.thomas3618@example.com,804-123-6089,Miami,FL,United States,2023-07-27,Small Business
CUST03619,Charles,Wilson,charles.wilson3619@example.com,804-229-5789,Albany,NY,United States,2022-11-02,Corporate
CUST03620,Mary,Rodriguez,mary.rodriguez3620@example.com,804-217-1256,Jacksonville,FL,United States,2024-08-20,Consumer
CUST03621,James,Davis,james.davis3621@example.com,804-895-1770,Dallas,TX,United States,2023-10-31,Small Business
CUST03622,James,Anderson,james.anderson3622@example.com,804-775-7932,Dallas,TX,United States,2023-09-23,Small Business
CUST03623,Sarah,Rodriguez,sarah.rodriguez3623@example.com,804-894-1934,Miami,FL,United States,2023-03-14,Corporate
CUST03624,Patricia,Anderson,patricia.anderson3624@example.com,804-961-3635,Virginia Beach,VA,United States,2023-06-19,Corporate
CUST03625,Charles,Brown,charles.brown3625@example.com,804-623-7979,San Diego,CA,United States,2022-05-02,Corporate
CUST03626,William,Lopez,william.lopez3626@example.com,804-622-3043,Peoria,IL,United States,2024-02-01,Consumer
CUST03627,Sarah,Johnson,sarah.johnson3627@example.com,804-877-8541,San Diego,CA,United States,2023-07-10,Corporate
CUST03628,Susan,Gonzalez,susan.gonzalez3628@example.com,804-932-6416,Bellevue,WA,United States,2023-08-30,Consumer
CUST03629,Robert,Miller,robert.miller3629@example.com,804-211-2088,Los Angeles,CA,United States,2023-11-21,Consumer
CUST03630,James,Jones,james.jones3630@example.com,804-204-5060,San Francisco,CA,United States,2022-01-24,Small Business
CUST03631,Mary,Johnson,mary.johnson3631@example.com,804-791-6067,Buffalo,NY,United States,2022-12-28,Corporate
CUST03632,Thomas,Davis,thomas.davis3632@example.com,804-371-3229,Naperville,IL,United States,2023-02-14,Corporate
CUST03633,Jessica,Brown,jessica.brown3633@example.com,804-418-5425,Naperville,IL,United States,2025-03-15,Small Business
CUST03634,John,Moore,john.moore3634@example.com,804-549-6189,Albany,NY,United States,2023-10-07,Small Business
CUST03635,Robert,Martin,robert.martin3635@example.com,804-376-6094,New York,NY,United States,2024-12-29,Consumer
CUST03636,Michael,Lopez,michael.lopez3636@example.com,804-623-1916,Tampa,FL,United States,2023-04-17,Small Business
CUST03637,David,Garcia,david.garcia3637@example.com,804-925-9123,Miami,FL,United States,2023-11-20,Corporate
CUST03638,Charles,Williams,charles.williams3638@example.com,804-365-5828,Jacksonville,FL,United States,2023-03-10,Consumer
CUST03639,Sarah,Thomas,sarah.thomas3639@example.com,804-897-5480,Alexandria,VA,United States,2023-06-03,Small Business
CUST03640,Linda,Johnson,linda.johnson3640@example.com,804-149-8123,Rochester,NY,United States,2023-08-02,Consumer
CUST03641,Charles,Jones,charles.jones3641@example.com,804-228-8495,Norfolk,VA,United States,2025-01-23,Corporate
CUST03642,Sarah,Anderson,sarah.anderson3642@example.com,804-767-5755,Orlando,FL,United States,2025-02-25,Small Business
CUST03643,Patricia,Jones,patricia.jones3643@example.com,804-579-3574,Los Angeles,CA,United States,2023-06-05,Corporate
CUST03644,Michael,Martin,michael.martin3644@example.com,804-161-4646,Richmond,VA,United States,2022-07-09,Consumer
CUST03645,Thomas,Smith,thomas.smith3645@example.com,804-469-2706,Virginia Beach,VA,United States,2024-03-24,Small Business
CUST03646,Joseph,Johnson,joseph.johnson3646@example.com,804-764-4786,Dallas,TX,United States,2024-02-01,Small Business
CUST03647,Daniel,Martinez,daniel.martinez3647@example.com,804-570-6857,Austin,TX,United States,2023-07-02,Consumer
CUST03648,John,Thomas,john.thomas3648@example.com,804-843-5301,Tampa,FL,United States,2025-03-13,Corporate
CUST03649,Susan,Martin,susan.martin3649@example.com,804-277-8350,Rochester,NY,United States,2024-11-04,Small Business
CUST03650,Elizabeth,Jones,elizabeth.jones3650@example.com,804-235-3376,Richmond,VA,United States,2024-12-19,Small Business
CUST03651,Michael,Martin,michael.martin3651@example.com,804-496-2677,San Antonio,TX,United States,2022-09-22,Corporate
CUST03652,James,Rodriguez,james.rodriguez3652@example.com,804-779-7006,San Jose,CA,United States,2024-03-08,Consumer
CUST03653,Linda,Taylor,linda.taylor3653@example.com,804-106-3225,Los Angeles,CA,United States,2022-02-02,Small Business
CUST03654,Nancy,Garcia,nancy.garcia3654@example.com,804-446-6841,San Francisco,CA,United States,2023-08-21,Consumer
CUST03655,Robert,Anderson,robert.anderson3655@example.com,804-913-5471,Bellevue,WA,United States,2024-10-01,Consumer
CUST03656,William,Miller,william.miller3656@example.com,804-848-3182,Tacoma,WA,United States,2024-07-24,Small Business
CUST03657,Nancy,Wilson,nancy.wilson3657@example.com,,Tacoma,WA,United States,2022-06-13,Consumer
CUST03658,Thomas,Garcia,thomas.garcia3658@example.com,804-741-5118,San Jose,CA,United States,2023-02-01,Small Business
CUST03659,Daniel,Gonzalez,daniel.gonzalez3659@example.com,804-169-6917,Spokane,WA,United States,2023-03-20,Corporate
CUST03660,James,Lopez,james.lopez3660@example.com,804-672-4187,Houston,TX,United States,2025-02-21,Consumer
CUST03661,Daniel,Lopez,daniel.lopez3661@example.com,804-578-8361,San Francisco,CA,United States,2023-03-06,Consumer
CUST03662,Sarah,Miller,sarah.miller3662@example.com,804-448-1846,New York,NY,United States,2023-09-30,Consumer
CUST03663,Susan,Martin,susan.martin3663@example.com,804-521-9914,Chicago,IL,United States,2024-12-12,Small Business
CUST03664,Sarah,Jones,sarah.jones3664@example.com,804-743-8824,Houston,TX,United States,2025-02-22,Consumer
CUST03665,Patricia,Taylor,patricia.taylor3665@example.com,804-351-6297,Tampa,FL,United States,2023-12-13,Small Business
CUST03666,Linda,Miller,linda.miller3666@example.com,804-459-2883,San Jose,CA,United States,2024-11-22,Corporate
CUST03667,James,Miller,james.miller3667@example.com,804-638-9821,Dallas,TX,United States,2022-01-29,Consumer
CUST03668,Nancy,Martinez,nancy.martinez3668@example.com,804-273-5582,San Francisco,CA,United States,2023-11-20,Consumer
CUST03669,Mary,Anderson,mary.anderson3669@example.com,804-457-9448,Jacksonville,FL,United States,2024-10-07,Small Business
CUST03670,Karen,Hernandez,karen.hernandez3670@example.com,804-410-6492,San Jose,CA,United States,2025-03-23,Consumer
CUST03671,Thomas,Garcia,thomas.garcia3671@example.com,804-398-7444,San Antonio,TX,United States,2024-04-24,Consumer
CUST03672,David,Brown,david.brown3672@example.com,804-140-6053,Miami,FL,United States,2023-08-13,Consumer
CUST03673,David,Johnson,david.johnson3673@example.com,804-208-8978,Naperville,IL,United States,2024-04-01,Corporate
CUST03674,Elizabeth,Martin,elizabeth.martin3674@example.com,804-209-7975,Tacoma,WA,United States,2025-03-21,Small Business
CUST03675,William,Johnson,william.johnson3675@example.com,804-853-6896,Alexandria,VA,United States,2025-02-28,Small Business
CUST03676,John,Williams,john.williams3676@example.com,804-756-3477,San Francisco,CA,United States,2024-06-13,Corporate
CUST03677,Thomas,Martin,thomas.martin3677@example.com,804-424-4549,San Antonio,TX,United States,2025-01-06,Corporate
CUST03678,Jennifer,Rodriguez,jennifer.rodriguez3678@example.com,804-858-5357,Orlando,FL,United States,2022-08-13,Corporate
CUST03679,Robert,Rodriguez,robert.rodriguez3679@example.com,804-376-8215,San Antonio,TX,United States,2025-01-24,Consumer
CUST03680,Daniel,Miller,daniel.miller3680@example.com,804-958-8324,Norfolk,VA,United States,2022-05-20,Corporate
CUST03681,Jessica,Jackson,jessica.jackson3681@example.com,804-580-4413,Houston,TX,United States,2023-03-28,Corporate
CUST03682,Susan,Gonzalez,susan.gonzalez3682@example.com,804-973-5082,Virginia Beach,VA,United States,2022-05-29,Consumer
CUST03683,Thomas,Taylor,thomas.taylor3683@example.com,804-339-3324,Spokane,WA,United States,2022-08-24,Small Business
CUST03684,Joseph,Gonzalez,joseph.gonzalez3684@example.com,804-996-6466,Los Angeles,CA,United States,2025-01-10,Corporate
CUST03685,Nancy,Johnson,nancy.johnson3685@example.com,804-375-2198,Springfield,IL,United States,2022-03-05,Consumer
CUST03686,Michael,Jones,michael.jones3686@example.com,804-373-8271,Tampa,FL,United States,2024-06-07,Small Business
CUST03687,James,Thomas,james.thomas3687@example.com,804-125-9171,Seattle,WA,United States,2024-05-22,Corporate
CUST03688,William,Davis,william.davis3688@example.com,804-902-5551,San Antonio,TX,United States,2022-03-06,Small Business
CUST03689,Sarah,Martinez,sarah.martinez3689@example.com,804-548-2350,Buffalo,NY,United States,2024-03-04,Small Business
CUST03690,Joseph,Davis,joseph.davis3690@example.com,804-995-2299,Jacksonville,FL,United States,2024-06-13,Corporate
CUST03691,Elizabeth,Smith,elizabeth.smith3691@example.com,804-953-9218,Naperville,IL,United States,2023-06-07,Corporate
CUST03692,Elizabeth,Moore,elizabeth.moore3692@example.com,804-380-3790,Peoria,IL,United States,2023-09-22,Corporate
CUST03693,John,Rodriguez,john.rodriguez3693@example.com,804-312-5230,San Francisco,CA,United States,2022-12-21,Small Business
CUST03694,Jennifer,Jones,jennifer.jones3694@example.com,804-954-9587,Dallas,TX,United States,2025-03-26,Consumer
CUST03695,James,Smith,james.smith3695@example.com,804-777-1110,Richmond,VA,United States,2023-03-10,Corporate
CUST03696,William,Lopez,william.lopez3696@example.com,804-472-5356,Alexandria,VA,United States,2024-09-16,Consumer
CUST03697,Joseph,Gonzalez,joseph.gonzalez3697@example.com,804-661-4779,San Jose,CA,United States,2023-10-09,Small Business
CUST03698,Elizabeth,Lopez,elizabeth.lopez3698@example.com,804-869-7545,Alexandria,VA,United States,2024-10-03,Corporate
CUST03699,Joseph,Gonzalez,joseph.gonzalez3699@example.com,804-147-6780,Spokane,WA,United States,2024-09-11,Consumer
CUST03700,David,Jones,david.jones3700@example.com,804-428-4031,Jacksonville,FL,United States,2023-09-29,Consumer
CUST03701,Daniel,Martin,daniel.martin3701@example.com,804-707-9212,Jacksonville,FL,United States,2024-12-19,Corporate
CUST03702,Elizabeth,Rodriguez,elizabeth.rodriguez3702@example.com,804-178-6927,Dallas,TX,United States,2022-01-11,Small Business
CUST03703,Jennifer,Martin,jennifer.martin3703@example.com,804-638-8074,Bellevue,WA,United States,2023-04-21,Small Business
CUST03704,Sarah,Jones,sarah.jones3704@example.com,804-698-1613,Rochester,NY,United States,2024-06-03,Consumer
CUST03705,William,Davis,william.davis3705@example.com,804-813-4111,San Diego,CA,United States,2022-07-02,Small Business
CUST03706,James,Williams,james.williams3706@example.com,804-784-1351,Los Angeles,CA,United States,2024-11-07,Corporate
CUST03707,David,Hernandez,david.hernandez3707@example.com,804-236-5743,Jacksonville,FL,United States,2023-10-17,Corporate
CUST03708,David,Williams,david.williams3708@example.com,804-568-5144,Buffalo,NY,United States,2024-04-23,Corporate
CUST03709,Michael,Hernandez,michael.hernandez3709@example.com,804-304-9219,San Francisco,CA,United States,2025-03-17,Corporate
CUST03710,Linda,Hernandez,linda.hernandez3710@example.com,804-542-5054,Rochester,NY,United States,2024-05-18,Small Business
CUST03711,Karen,Jackson,karen.jackson3711@example.com,804-575-9747,Rochester,NY,United States,2023-05-28,Consumer
CUST03712,Mary,Brown,mary.brown3712@example.com,804-370-7956,Miami,FL,United States,2024-06-04,Small Business
CUST03713,Jennifer,Jackson,jennifer.jackson3713@example.com,804-240-8071,San Antonio,TX,United States,2025-01-04,Small Business
CUST03714,Sarah,Jackson,sarah.jackson3714@example.com,,Virginia Beach,VA,United States,2024-06-08,Consumer
CUST03715,Sarah,Williams,sarah.williams3715@example.com,804-956-1147,Miami,FL,United States,2023-10-03,Consumer
CUST03716,Jennifer,Brown,jennifer.brown3716@example.com,804-177-1679,Houston,TX,United States,2024-01-19,Small Business
CUST03717,Joseph,Garcia,joseph.garcia3717@example.com,804-805-3996,Spokane,WA,United States,2023-07-09,Consumer
CUST03718,Jessica,Wilson,jessica.wilson3718@example.com,804-137-9551,Dallas,TX,United States,2023-03-11,Consumer
CUST03719,Joseph,Jones,joseph.jones3719@example.com,804-383-1237,Buffalo,NY,United States,2025-01-07,Consumer
CUST03720,David,Martin,david.martin3720@example.com,804-263-2004,Spokane,WA,United States,2022-05-15,Consumer
CUST03721,Michael,Lopez,michael.lopez3721@example.com,804-114-4479,San Francisco,CA,United States,2023-07-28,Small Business
CUST03722,Charles,Johnson,charles.johnson3722@example.com,804-371-5420,Bellevue,WA,United States,2022-02-20,Consumer
CUST03723,John,Smith,john.smith3723@example.com,804-198-3849,Miami,FL,United States,2024-08-16,Consumer
CUST03724,Linda,Jones,linda.jones3724@example.com,804-758-4614,Bellevue,WA,United States,2024-08-30,Corporate
CUST03725,Thomas,Gonzalez,thomas.gonzalez3725@example.com,804-465-8795,San Francisco,CA,United States,2022-09-18,Consumer
CUST03726,Patricia,Martinez,patricia.martinez3726@example.com,804-516-8012,Richmond,VA,United States,2023-01-04,Consumer
CUST03727,Daniel,Miller,daniel.miller3727@example.com,804-573-1835,Tacoma,WA,United States,2023-06-30,Consumer
CUST03728,Patricia,Miller,patricia.miller3728@example.com,804-151-8154,Buffalo,NY,United States,2023-05-27,Consumer
CUST03729,Karen,Martin,karen.martin3729@example.com,804-394-8314,Naperville,IL,United States,2024-10-29,Corporate
CUST03730,Daniel,Williams,daniel.williams3730@example.com,804-560-2833,Tacoma,WA,United States,2022-03-30,Small Business
CUST03731,Thomas,Lopez,thomas.lopez3731@example.com,804-422-8568,Orlando,FL,United States,2025-03-07,Small Business
CUST03732,Jennifer,Williams,jennifer.williams3732@example.com,804-281-1550,Seattle,WA,United States,2024-05-13,Small Business
CUST03733,David,Martin,david.martin3733@example.com,804-954-5119,Los Angeles,CA,United States,2022-01-08,Consumer
CUST03734,Joseph,Rodriguez,joseph.rodriguez3734@example.com,804-866-7855,Albany,NY,United States,2023-03-07,Small Business
CUST03735,James,Johnson,james.johnson3735@example.com,804-507-9195,Virginia Beach,VA,United States,2022-12-05,Consumer
CUST03736,Mary,Taylor,mary.taylor3736@example.com,804-157-4576,Norfolk,VA,United States,2024-09-14,Consumer
CUST03737,Mary,Smith,mary.smith3737@example.com,804-316-3302,Los Angeles,CA,United States,2022-05-03,Corporate
CUST03738,Sarah,Anderson,sarah.anderson3738@example.com,804-664-7769,Albany,NY,United States,2024-04-04,Consumer
CUST03739,Elizabeth,Anderson,elizabeth.anderson3739@example.com,804-380-7900,Chicago,IL,United States,2023-05-10,Small Business
CUST03740,Elizabeth,Gonzalez,elizabeth.gonzalez3740@example.com,804-942-2065,Rochester,NY,United States,2024-12-18,Corporate
CUST03741,Michael,Hernandez,michael.hernandez3741@example.com,804-308-6137,San Francisco,CA,United States,2023-10-03,Consumer
CUST03742,Patricia,Thomas,patricia.thomas3742@example.com,804-469-7691,Alexandria,VA,United States,2024-01-06,Corporate
CUST03743,Linda,Davis,linda.davis3743@example.com,804-683-7474,Norfolk,VA,United States,2022-11-11,Small Business
CUST03744,Robert,Williams,robert.williams3744@example.com,804-433-2516,San Diego,CA,United States,2023-01-12,Small Business
CUST03745,Daniel,Lopez,daniel.lopez3745@example.com,804-233-4765,Tacoma,WA,United States,2024-07-17,Corporate
CUST03746,John,Martinez,john.martinez3746@example.com,804-158-4029,San Antonio,TX,United States,2023-09-21,Small Business
CUST03747,John,Davis,john.davis3747@example.com,804-704-3338,Bellevue,WA,United States,2022-11-14,Consumer
CUST03748,Susan,Jones,susan.jones3748@example.com,804-721-7050,Buffalo,NY,United States,2022-11-09,Consumer
CUST03749,Elizabeth,Jackson,elizabeth.jackson3749@example.com,804-126-8550,Virginia Beach,VA,United States,2025-02-14,Corporate
CUST03750,David,Miller,david.miller3750@example.com,804-651-4480,Miami,FL,United States,2025-01-22,Small Business
CUST03751,Sarah,Gonzalez,sarah.gonzalez3751@example.com,804-617-3553,Richmond,VA,United States,2022-04-14,Corporate
CUST03752,Joseph,Gonzalez,joseph.gonzalez3752@example.com,804-541-1079,Tampa,FL,United States,2025-02-24,Small Business
CUST03753,Michael,Taylor,michael.taylor3753@example.com,804-642-6357,Virginia Beach,VA,United States,2023-12-31,Corporate
CUST03754,Jessica,Garcia,jessica.garcia3754@example.com,804-489-3397,Jacksonville,FL,United States,2023-01-13,Consumer
CUST03755,David,Anderson,david.anderson3755@example.com,804-747-5983,Springfield,IL,United States,2024-09-26,Small Business
CUST03756,Karen,Martin,karen.martin3756@example.com,804-845-5431,Springfield,IL,United States,2024-08-27,Corporate
CUST03757,Linda,Rodriguez,linda.rodriguez3757@example.com,804-507-2726,Naperville,IL,United States,2024-05-31,Consumer
CUST03758,Elizabeth,Martin,elizabeth.martin3758@example.com,804-149-7200,Peoria,IL,United States,2022-06-28,Small Business
CUST03759,Karen,Gonzalez,karen.gonzalez3759@example.com,804-356-5174,Bellevue,WA,United States,2022-12-13,Consumer
CUST03760,Nancy,Lopez,nancy.lopez3760@example.com,804-919-2420,San Francisco,CA,United States,2023-10-26,Consumer
CUST03761,Karen,Moore,karen.moore3761@example.com,804-353-9920,Dallas,TX,United States,2022-07-27,Consumer
CUST03762,Michael,Rodriguez,michael.rodriguez3762@example.com,804-760-4333,Alexandria,VA,United States,2022-05-20,Corporate
CUST03763,Linda,Martin,linda.martin3763@example.com,804-263-1455,Miami,FL,United States,2022-07-06,Consumer
CUST03764,Susan,Garcia,susan.garcia3764@example.com,804-693-2628,Los Angeles,CA,United States,2022-11-10,Corporate
CUST03765,Michael,Davis,michael.davis3765@example.com,804-398-1079,Bellevue,WA,United States,2023-03-21,Small Business
CUST03766,Sarah,Johnson,sarah.johnson3766@example.com,804-709-7986,Dallas,TX,United States,2022-09-08,Corporate
CUST03767,Jennifer,Martin,jennifer.martin3767@example.com,804-779-8479,New York,NY,United States,2023-05-17,Corporate
CUST03768,Daniel,Smith,daniel.smith3768@example.com,804-695-2297,Los Angeles,CA,United States,2022-08-04,Corporate
CUST03769,Michael,Garcia,michael.garcia3769@example.com,804-363-4583,Albany,NY,United States,2024-12-20,Small Business
CUST03770,Susan,Williams,susan.williams3770@example.com,804-545-2888,Albany,NY,United States,2024-10-06,Consumer
CUST03771,Karen,Anderson,karen.anderson3771@example.com,804-645-4053,San Diego,CA,United States,2024-09-15,Consumer
CUST03772,Nancy,Davis,nancy.davis3772@example.com,804-389-2868,Chicago,IL,United States,2025-01-21,Consumer
CUST03773,Joseph,Smith,joseph.smith3773@example.com,804-371-2246,San Jose,CA,United States,2023-03-16,Small Business
CUST03774,Susan,Garcia,susan.garcia3774@example.com,804-469-3417,Peoria,IL,United States,2024-02-27,Small Business
CUST03775,John,Davis,john.davis3775@example.com,804-677-6674,Los Angeles,CA,United States,2024-06-13,Small Business
CUST03776,Michael,Garcia,michael.garcia3776@example.com,804-867-2367,Alexandria,VA,United States,2022-02-24,Corporate
CUST03777,Jessica,Anderson,jessica.anderson3777@example.com,804-107-3941,Bellevue,WA,United States,2022-10-05,Corporate
CUST03778,Joseph,Rodriguez,joseph.rodriguez3778@example.com,804-339-1257,Tacoma,WA,United States,2024-06-04,Consumer
CUST03779,Elizabeth,Williams,elizabeth.williams3779@example.com,804-977-1379,Norfolk,VA,United States,2023-03-04,Corporate
CUST03780,Michael,Williams,michael.williams3780@example.com,804-780-6615,Tampa,FL,United States,2022-06-02,Consumer
CUST03781,James,Taylor,james.taylor3781@example.com,804-398-7764,Albany,NY,United States,2022-12-02,Corporate
CUST03782,Sarah,Taylor,sarah.taylor3782@example.com,804-603-1811,Rochester,NY,United States,2024-07-14,Small Business
CUST03783,Linda,Smith,linda.smith3783@example.com,804-775-5818,Peoria,IL,United States,2024-03-15,Consumer
CUST03784,David,Hernandez,david.hernandez3784@example.com,804-267-8239,Chicago,IL,United States,2022-06-22,Consumer
CUST03785,Thomas,Davis,thomas.davis3785@example.com,804-678-1422,Springfield,IL,United States,2025-01-28,Consumer
CUST03786,Linda,Jones,linda.jones3786@example.com,804-869-3582,San Jose,CA,United States,2022-08-10,Consumer
CUST03787,Jessica,Miller,jessica.miller3787@example.com,804-174-1647,Bellevue,WA,United States,2024-12-29,Corporate
CUST03788,Joseph,Hernandez,joseph.hernandez3788@example.com,804-830-5475,Los Angeles,CA,United States,2024-08-18,Corporate
CUST03789,Thomas,Johnson,thomas.johnson3789@example.com,804-460-8207,Peoria,IL,United States,2023-07-11,Small Business
CUST03790,Joseph,Miller,joseph.miller3790@example.com,804-949-1917,Chicago,IL,United States,2022-12-01,Corporate
CUST03791,Elizabeth,Martinez,elizabeth.martinez3791@example.com,804-773-9539,Miami,FL,United States,2023-05-20,Consumer
CUST03792,Patricia,Rodriguez,patricia.rodriguez3792@example.com,804-914-7588,Spokane,WA,United States,2024-04-13,Corporate
CUST03793,Daniel,Hernandez,daniel.hernandez3793@example.com,804-855-1474,Austin,TX,United States,2025-03-02,Consumer
CUST03794,Patricia,Anderson,patricia.anderson3794@example.com,804-594-8646,Norfolk,VA,United States,2023-11-10,Consumer
CUST03795,Michael,Moore,michael.moore3795@example.com,804-412-8407,San Jose,CA,United States,2023-12-18,Small Business
CUST03796,Robert,Hernandez,robert.hernandez3796@example.com,804-732-6788,Tacoma,WA,United States,2022-11-01,Small Business
CUST03797,Karen,Rodriguez,karen.rodriguez3797@example.com,804-825-9225,Jacksonville,FL,United States,2023-04-28,Corporate
CUST03798,Jennifer,Martin,jennifer.martin3798@example.com,804-842-6561,Orlando,FL,United States,2023-03-17,Small Business
CUST03799,James,Garcia,james.garcia3799@example.com,804-348-9241,Naperville,IL,United States,2022-03-03,Corporate
CUST03800,Nancy,Taylor,nancy.taylor3800@example.com,804-392-5367,Rochester,NY,United States,2023-08-10,Consumer
CUST03801,Karen,Davis,karen.davis3801@example.com,804-827-4928,Rochester,NY,United States,2023-12-12,Small Business
CUST03802,Jessica,Anderson,jessica.anderson3802@example.com,804-354-6463,Virginia Beach,VA,United States,2022-11-15,Consumer
CUST03803,James,Gonzalez,james.gonzalez3803@example.com,804-520-7948,Springfield,IL,United States,2022-04-26,Consumer
CUST03804,Patricia,Rodriguez,patricia.rodriguez3804@example.com,804-507-4215,Springfield,IL,United States,2022-07-08,Corporate
CUST03805,Jennifer,Wilson,jennifer.wilson3805@example.com,804-669-7874,San Antonio,TX,United States,2022-12-17,Consumer
CUST03806,Thomas,Johnson,thomas.johnson3806@example.com,804-471-2920,Albany,NY,United States,2023-06-30,Small Business
CUST03807,Elizabeth,Miller,elizabeth.miller3807@example.com,804-179-2724,Albany,NY,United States,2022-10-29,Corporate
CUST03808,William,Martinez,william.martinez3808@example.com,804-395-3731,Tampa,FL,United States,2024-09-06,Consumer
CUST03809,Elizabeth,Garcia,elizabeth.garcia3809@example.com,804-617-2796,Spokane,WA,United States,2024-02-15,Corporate
CUST03810,Patricia,Wilson,patricia.wilson3810@example.com,804-776-7347,Rochester,NY,United States,2022-12-22,Corporate
CUST03811,Charles,Anderson,charles.anderson3811@example.com,804-430-4512,Austin,TX,United States,2024-06-22,Small Business
CUST03812,Sarah,Lopez,sarah.lopez3812@example.com,804-974-1034,Seattle,WA,United States,2024-01-08,Consumer
CUST03813,William,Lopez,william.lopez3813@example.com,804-977-5554,Chicago,IL,United States,2024-12-19,Corporate
CUST03814,Linda,Johnson,linda.johnson3814@example.com,804-366-6313,Rochester,NY,United States,2025-02-16,Small Business
CUST03815,Charles,Williams,charles.williams3815@example.com,804-344-8838,Austin,TX,United States,2024-04-08,Small Business
CUST03816,Joseph,Garcia,joseph.garcia3816@example.com,804-172-5401,Buffalo,NY,United States,2022-04-08,Small Business
CUST03817,Daniel,Gonzalez,daniel.gonzalez3817@example.com,804-741-7770,Los Angeles,CA,United States,2024-02-13,Consumer
CUST03818,Nancy,Brown,nancy.brown3818@example.com,804-602-1605,Tacoma,WA,United States,2022-05-11,Corporate
CUST03819,William,Anderson,,804-210-3698,San Jose,CA,United States,2022-01-19,Corporate
CUST03820,Michael,Williams,michael.williams3820@example.com,804-879-1863,Richmond,VA,United States,2022-01-04,Consumer
CUST03821,Karen,Martin,karen.martin3821@example.com,804-754-3189,Jacksonville,FL,United States,2024-11-13,Consumer
CUST03822,Joseph,Williams,joseph.williams3822@example.com,804-137-8570,Albany,NY,United States,2022-10-16,Small Business
CUST03823,Nancy,Anderson,nancy.anderson3823@example.com,804-163-2105,Tampa,FL,United States,2022-12-02,Corporate
CUST03824,Robert,Rodriguez,robert.rodriguez3824@example.com,804-962-9000,Richmond,VA,United States,2024-09-01,Consumer
CUST03825,Jessica,Williams,jessica.williams3825@example.com,804-273-9500,Naperville,IL,United States,2025-03-31,Small Business
CUST03826,Nancy,Martin,nancy.martin3826@example.com,804-814-8156,Rochester,NY,United States,2023-10-25,Consumer
CUST03827,Nancy,Taylor,nancy.taylor3827@example.com,804-421-9174,Dallas,TX,United States,2022-02-28,Corporate
CUST03828,Nancy,Moore,nancy.moore3828@example.com,804-544-1259,Tacoma,WA,United States,2024-03-09,Corporate
CUST03829,Mary,Lopez,mary.lopez3829@example.com,804-205-6184,Orlando,FL,United States,2023-07-13,Consumer
CUST03830,Linda,Jackson,linda.jackson3830@example.com,804-859-1416,San Diego,CA,United States,2023-11-30,Consumer
CUST03831,Jessica,Martin,jessica.martin3831@example.com,804-975-7867,Peoria,IL,United States,2024-05-21,Consumer
CUST03832,Joseph,Smith,joseph.smith3832@example.com,804-189-1932,Norfolk,VA,United States,2022-06-17,Consumer
CUST03833,Jennifer,Jones,jennifer.jones3833@example.com,804-639-1382,Norfolk,VA,United States,2023-08-09,Consumer
CUST03834,Elizabeth,Johnson,elizabeth.johnson3834@example.com,804-515-7119,Tampa,FL,United States,2023-04-25,Consumer
CUST03835,Linda,Thomas,linda.thomas3835@example.com,804-942-8327,Bellevue,WA,United States,2023-11-09,Small Business
CUST03836,Susan,Hernandez,susan.hernandez3836@example.com,804-673-6777,Virginia Beach,VA,United States,2024-09-22,Small Business
CUST03837,John,Garcia,john.garcia3837@example.com,804-529-8503,Austin,TX,United States,2025-02-02,Small Business
CUST03838,Sarah,Hernandez,sarah.hernandez3838@example.com,804-703-3869,Tacoma,WA,United States,2022-11-20,Small Business
CUST03839,Jessica,Hernandez,jessica.hernandez3839@example.com,804-360-1864,Dallas,TX,United States,2024-03-24,Consumer
CUST03840,Charles,Hernandez,charles.hernandez3840@example.com,804-160-5296,New York,NY,United States,2024-06-15,Consumer
CUST03841,Robert,Martinez,robert.martinez3841@example.com,804-581-6245,San Antonio,TX,United States,2025-03-01,Consumer
CUST03842,John,Miller,john.miller3842@example.com,804-441-3638,Peoria,IL,United States,2024-02-08,Small Business
CUST03843,Robert,Wilson,robert.wilson3843@example.com,804-160-9374,Springfield,IL,United States,2022-02-14,Corporate
CUST03844,Linda,Miller,linda.miller3844@example.com,804-639-9162,Rochester,NY,United States,2022-06-06,Small Business
CUST03845,Charles,Garcia,charles.garcia3845@example.com,804-950-4089,Peoria,IL,United States,2023-12-17,Small Business
CUST03846,Elizabeth,Brown,elizabeth.brown3846@example.com,804-923-7301,Chicago,IL,United States,2024-09-12,Consumer
CUST03847,Linda,Johnson,linda.johnson3847@example.com,804-188-9669,Tampa,FL,United States,2023-08-21,Small Business
CUST03848,Jessica,Johnson,jessica.johnson3848@example.com,804-719-4263,Springfield,IL,United States,2022-02-02,Consumer
CUST03849,Karen,Johnson,karen.johnson3849@example.com,804-694-4936,Springfield,IL,United States,2022-05-17,Corporate
CUST03850,Jessica,Thomas,jessica.thomas3850@example.com,804-973-7816,Alexandria,VA,United States,2024-07-20,Corporate
CUST03851,Elizabeth,Lopez,elizabeth.lopez3851@example.com,804-159-4408,Albany,NY,United States,2023-11-09,Corporate
CUST03852,Nancy,Hernandez,nancy.hernandez3852@example.com,804-890-2819,Spokane,WA,United States,2023-02-18,Consumer
CUST03853,Nancy,Miller,nancy.miller3853@example.com,804-340-1807,Tampa,FL,United States,2024-01-31,Small Business
CUST03854,Michael,Davis,michael.davis3854@example.com,804-795-2144,Houston,TX,United States,2023-02-26,Corporate
CUST03855,David,Smith,david.smith3855@example.com,804-356-1284,Richmond,VA,United States,2022-10-21,Corporate
CUST03856,James,Gonzalez,james.gonzalez3856@example.com,804-747-3020,Norfolk,VA,United States,2022-08-06,Small Business
CUST03857,Charles,Thomas,charles.thomas3857@example.com,804-392-5008,Virginia Beach,VA,United States,2022-08-08,Small Business
CUST03858,Thomas,Jackson,thomas.jackson3858@example.com,804-697-5618,Virginia Beach,VA,United States,2022-04-22,Consumer
CUST03859,Sarah,Garcia,sarah.garcia3859@example.com,804-334-6918,Buffalo,NY,United States,2022-03-10,Small Business
CUST03860,Patricia,Garcia,patricia.garcia3860@example.com,804-643-2386,Buffalo,NY,United States,2025-01-04,Small Business
CUST03861,Daniel,Martinez,daniel.martinez3861@example.com,804-794-6469,Spokane,WA,United States,2022-06-19,Small Business
CUST03862,Daniel,Rodriguez,daniel.rodriguez3862@example.com,804-542-5119,Rochester,NY,United States,2023-08-24,Corporate
CUST03863,James,Smith,james.smith3863@example.com,804-410-3559,New York,NY,United States,2024-01-29,Small Business
CUST03864,Susan,Hernandez,susan.hernandez3864@example.com,804-614-8699,Rochester,NY,United States,2022-01-20,Corporate
CUST03865,Mary,Brown,mary.brown3865@example.com,804-144-4743,Naperville,IL,United States,2024-02-09,Corporate
CUST03866,David,Johnson,david.johnson3866@example.com,804-158-6072,Springfield,IL,United States,2024-10-28,Small Business
CUST03867,Mary,Thomas,mary.thomas3867@example.com,804-789-5066,Austin,TX,United States,2024-05-17,Consumer
CUST03868,Elizabeth,Smith,elizabeth.smith3868@example.com,804-494-5394,Peoria,IL,United States,2022-09-19,Corporate
CUST03869,Sarah,Lopez,sarah.lopez3869@example.com,804-990-3056,Buffalo,NY,United States,2024-10-26,Small Business
CUST03870,Charles,Hernandez,charles.hernandez3870@example.com,804-500-9537,San Jose,CA,United States,2022-04-17,Small Business
CUST03871,Thomas,Brown,thomas.brown3871@example.com,804-793-7822,Naperville,IL,United States,2024-01-18,Consumer
CUST03872,Daniel,Martinez,daniel.martinez3872@example.com,804-497-5110,San Diego,CA,United States,2024-05-11,Corporate
CUST03873,Susan,Hernandez,susan.hernandez3873@example.com,804-324-4392,San Francisco,CA,United States,2022-08-27,Small Business
CUST03874,Jennifer,Jones,jennifer.jones3874@example.com,804-252-7114,Albany,NY,United States,2022-06-02,Corporate
CUST03875,Robert,Williams,robert.williams3875@example.com,804-965-6110,San Antonio,TX,United States,2025-03-08,Small Business
CUST03876,Joseph,Jackson,joseph.jackson3876@example.com,804-684-9314,Norfolk,VA,United States,2024-12-12,Small Business
CUST03877,Michael,Williams,michael.williams3877@example.com,804-455-3654,Jacksonville,FL,United States,2023-04-05,Corporate
CUST03878,Michael,Gonzalez,michael.gonzalez3878@example.com,804-933-2287,Orlando,FL,United States,2023-01-05,Corporate
CUST03879,Patricia,Jones,patricia.jones3879@example.com,804-835-1163,Norfolk,VA,United States,2024-04-10,Consumer
CUST03880,Patricia,Martin,patricia.martin3880@example.com,804-798-1278,San Francisco,CA,United States,2023-05-15,Small Business
CUST03881,Joseph,Smith,joseph.smith3881@example.com,804-112-7770,Virginia Beach,VA,United States,2022-12-22,Consumer
CUST03882,Susan,Thomas,susan.thomas3882@example.com,804-848-5740,Norfolk,VA,United States,2024-03-12,Consumer
CUST03883,John,Smith,john.smith3883@example.com,804-322-3610,Spokane,WA,United States,2022-01-18,Corporate
CUST03884,Robert,Martinez,robert.martinez3884@example.com,804-985-7241,Tacoma,WA,United States,2024-06-29,Consumer
CUST03885,Linda,Hernandez,linda.hernandez3885@example.com,804-670-9435,Bellevue,WA,United States,2022-06-15,Small Business
CUST03886,Linda,Moore,linda.moore3886@example.com,804-782-7767,San Francisco,CA,United States,2023-11-06,Consumer
CUST03887,Michael,Williams,michael.williams3887@example.com,804-267-9233,Chicago,IL,United States,2022-07-12,Consumer
CUST03888,James,Miller,james.miller3888@example.com,804-502-4744,Peoria,IL,United States,2024-05-18,Corporate
CUST03889,Elizabeth,Thomas,elizabeth.thomas3889@example.com,804-524-6347,Houston,TX,United States,2023-05-20,Small Business
CUST03890,Michael,Miller,michael.miller3890@example.com,804-783-5556,Peoria,IL,United States,2022-04-11,Consumer
CUST03891,Michael,Lopez,michael.lopez3891@example.com,804-259-5111,Springfield,IL,United States,2022-08-09,Small Business
CUST03892,Thomas,Hernandez,thomas.hernandez3892@example.com,804-746-6608,Alexandria,VA,United States,2022-07-20,Consumer
CUST03893,Linda,Johnson,linda.johnson3893@example.com,804-668-2009,Rochester,NY,United States,2024-10-23,Corporate
CUST03894,Joseph,Hernandez,joseph.hernandez3894@example.com,804-718-2183,Austin,TX,United States,2023-08-22,Small Business
CUST03895,Nancy,Taylor,nancy.taylor3895@example.com,804-435-2979,Dallas,TX,United States,2022-01-09,Corporate
CUST03896,Jessica,Rodriguez,jessica.rodriguez3896@example.com,804-843-2390,Miami,FL,United States,2023-05-19,Corporate
CUST03897,Susan,Jones,susan.jones3897@example.com,804-211-6370,Orlando,FL,United States,2022-10-02,Small Business
CUST03898,James,Jones,james.jones3898@example.com,804-694-5857,Tampa,FL,United States,2025-02-24,Consumer
CUST03899,William,Hernandez,william.hernandez3899@example.com,804-178-4894,Alexandria,VA,United States,2024-04-18,Small Business
CUST03900,David,Smith,david.smith3900@example.com,804-708-6679,Seattle,WA,United States,2022-07-05,Small Business
CUST03901,Michael,Jones,michael.jones3901@example.com,804-926-1250,Austin,TX,United States,2023-01-21,Consumer
CUST03902,Robert,Anderson,robert.anderson3902@example.com,804-675-6360,San Francisco,CA,United States,2024-02-24,Small Business
CUST03903,Charles,Thomas,charles.thomas3903@example.com,804-100-3291,Miami,FL,United States,2024-06-16,Consumer
CUST03904,Michael,Moore,michael.moore3904@example.com,804-111-7994,Miami,FL,United States,2022-05-17,Corporate
CUST03905,Linda,Anderson,linda.anderson3905@example.com,804-554-4662,Houston,TX,United States,2023-02-13,Corporate
CUST03906,Joseph,Lopez,joseph.lopez3906@example.com,,Alexandria,VA,United States,2022-01-02,Small Business
CUST03907,Joseph,Hernandez,joseph.hernandez3907@example.com,804-517-9013,Norfolk,VA,United States,2023-02-01,Corporate
CUST03908,Thomas,Miller,thomas.miller3908@example.com,804-357-1092,Orlando,FL,United States,2022-06-05,Small Business
CUST03909,William,Wilson,william.wilson3909@example.com,804-873-6796,Jacksonville,FL,United States,2023-05-09,Small Business
CUST03910,Patricia,Johnson,patricia.johnson3910@example.com,804-196-3238,Tacoma,WA,United States,2023-11-08,Small Business
CUST03911,Jessica,Jones,jessica.jones3911@example.com,804-149-1535,Albany,NY,United States,2024-10-11,Small Business
CUST03912,James,Williams,james.williams3912@example.com,804-951-6168,Spokane,WA,United States,2024-03-01,Small Business
CUST03913,James,Johnson,james.johnson3913@example.com,804-561-4434,Los Angeles,CA,United States,2022-04-24,Small Business
CUST03914,Joseph,Anderson,joseph.anderson3914@example.com,804-389-4997,Tacoma,WA,United States,2023-09-25,Corporate
CUST03915,Daniel,Johnson,daniel.johnson3915@example.com,804-209-9702,Tampa,FL,United States,2022-08-03,Corporate
CUST03916,John,Taylor,john.taylor3916@example.com,804-113-6736,Dallas,TX,United States,2022-08-12,Corporate
CUST03917,William,Garcia,william.garcia3917@example.com,804-696-1685,New York,NY,United States,2022-08-01,Consumer
CUST03918,James,Jackson,james.jackson3918@example.com,804-164-3972,Buffalo,NY,United States,2025-03-28,Corporate
CUST03919,Daniel,Johnson,daniel.johnson3919@example.com,804-671-9884,Springfield,IL,United States,2022-10-13,Small Business
CUST03920,Thomas,Gonzalez,thomas.gonzalez3920@example.com,804-496-3708,Bellevue,WA,United States,2022-03-16,Small Business
CUST03921,John,Miller,john.miller3921@example.com,804-317-8706,Spokane,WA,United States,2022-02-04,Small Business
CUST03922,Elizabeth,Miller,elizabeth.miller3922@example.com,804-517-4912,Los Angeles,CA,United States,2024-11-11,Consumer
CUST03923,Michael,Martin,michael.martin3923@example.com,804-494-7256,Bellevue,WA,United States,2022-01-18,Consumer
CUST03924,Sarah,Brown,sarah.brown3924@example.com,804-664-6336,Albany,NY,United States,2025-02-19,Consumer
CUST03925,Patricia,Williams,patricia.williams3925@example.com,804-157-6588,Bellevue,WA,United States,2024-11-09,Corporate
CUST03926,Thomas,Thomas,thomas.thomas3926@example.com,804-721-3208,San Diego,CA,United States,2025-02-18,Consumer
CUST03927,Robert,Taylor,robert.taylor3927@example.com,804-134-6857,Norfolk,VA,United States,2024-06-15,Small Business
CUST03928,Linda,Smith,linda.smith3928@example.com,804-548-9008,San Antonio,TX,United States,2022-01-27,Small Business
CUST03929,Jennifer,Rodriguez,jennifer.rodriguez3929@example.com,804-431-6596,Bellevue,WA,United States,2022-12-25,Corporate
CUST03930,Elizabeth,Jackson,elizabeth.jackson3930@example.com,804-814-6955,Bellevue,WA,United States,2024-09-03,Consumer
CUST03931,Linda,Anderson,linda.anderson3931@example.com,804-836-5922,Buffalo,NY,United States,2023-12-29,Corporate
CUST03932,Charles,Moore,charles.moore3932@example.com,804-770-1795,Austin,TX,United States,2022-10-13,Small Business
CUST03933,Patricia,Brown,patricia.brown3933@example.com,804-587-5090,Seattle,WA,United States,2023-10-07,Consumer
CUST03934,David,Anderson,david.anderson3934@example.com,804-137-7033,Norfolk,VA,United States,2024-05-11,Consumer
CUST03935,Karen,Smith,karen.smith3935@example.com,804-169-4659,Orlando,FL,United States,2024-10-29,Corporate
CUST03936,Jennifer,Thomas,jennifer.thomas3936@example.com,804-740-5902,Rochester,NY,United States,2022-04-16,Small Business
CUST03937,Michael,Davis,michael.davis3937@example.com,804-254-5001,Tacoma,WA,United States,2025-01-11,Corporate
CUST03938,Robert,Rodriguez,robert.rodriguez3938@example.com,804-447-2263,Spokane,WA,United States,2024-07-14,Corporate
CUST03939,Sarah,Taylor,sarah.taylor3939@example.com,804-648-9911,Springfield,IL,United States,2024-04-04,Consumer
CUST03940,Jennifer,Rodriguez,jennifer.rodriguez3940@example.com,804-486-2803,Springfield,IL,United States,2024-08-08,Small Business
CUST03941,Jennifer,Taylor,jennifer.taylor3941@example.com,804-592-7847,Peoria,IL,United States,2024-08-05,Small Business
CUST03942,Michael,Thomas,michael.thomas3942@example.com,804-767-5572,San Diego,CA,United States,2025-02-13,Corporate
CUST03943,Jennifer,Wilson,jennifer.wilson3943@example.com,804-225-3539,Miami,FL,United States,2025-03-14,Consumer
CUST03944,John,Garcia,john.garcia3944@example.com,804-871-1015,Springfield,IL,United States,2022-10-13,Corporate
CUST03945,Daniel,Rodriguez,daniel.rodriguez3945@example.com,804-381-6598,Seattle,WA,United States,2024-10-24,Corporate
CUST03946,Nancy,Garcia,nancy.garcia3946@example.com,804-884-1058,Buffalo,NY,United States,2022-06-25,Consumer
CUST03947,Linda,Smith,linda.smith3947@example.com,804-541-8779,Dallas,TX,United States,2024-10-31,Consumer
CUST03948,Nancy,Smith,nancy.smith3948@example.com,804-468-8258,Rochester,NY,United States,2025-01-24,Consumer
CUST03949,Daniel,Wilson,daniel.wilson3949@example.com,804-251-7007,Springfield,IL,United States,2022-07-09,Consumer
CUST03950,Karen,Wilson,karen.wilson3950@example.com,804-740-4445,Tampa,FL,United States,2024-03-01,Corporate
CUST03951,Charles,Moore,charles.moore3951@example.com,804-274-6922,Dallas,TX,United States,2022-02-11,Small Business
CUST03952,Elizabeth,Gonzalez,elizabeth.gonzalez3952@example.com,804-179-7498,Virginia Beach,VA,United States,2024-03-15,Consumer
CUST03953,Elizabeth,Gonzalez,elizabeth.gonzalez3953@example.com,804-862-7457,Los Angeles,CA,United States,2024-08-18,Consumer
CUST03954,Michael,Gonzalez,michael.gonzalez3954@example.com,804-901-9185,New York,NY,United States,2024-11-21,Corporate
CUST03955,Jessica,Davis,jessica.davis3955@example.com,804-197-2000,Buffalo,NY,United States,2022-03-12,Small Business
CUST03956,Jessica,Davis,jessica.davis3956@example.com,804-869-3354,Bellevue,WA,United States,2024-06-02,Small Business
CUST03957,Elizabeth,Williams,elizabeth.williams3957@example.com,804-439-8433,New York,NY,United States,2024-12-28,Small Business
CUST03958,Joseph,Jones,joseph.jones3958@example.com,804-749-1030,Austin,TX,United States,2022-06-05,Small Business
CUST03959,Mary,Gonzalez,mary.gonzalez3959@example.com,804-287-7381,Peoria,IL,United States,2022-03-31,Consumer
CUST03960,Patricia,Anderson,patricia.anderson3960@example.com,804-949-2735,Albany,NY,United States,2023-02-13,Small Business
CUST03961,Elizabeth,Rodriguez,elizabeth.rodriguez3961@example.com,804-741-9054,Los Angeles,CA,United States,2024-05-02,Small Business
CUST03962,Sarah,Davis,sarah.davis3962@example.com,804-457-1917,Tacoma,WA,United States,2022-06-05,Consumer
CUST03963,Michael,Taylor,michael.taylor3963@example.com,804-860-5165,Orlando,FL,United States,2023-12-11,Consumer
CUST03964,James,Anderson,james.anderson3964@example.com,804-124-3767,Tacoma,WA,United States,2024-11-22,Consumer
CUST03965,Susan,Smith,susan.smith3965@example.com,804-196-5138,Bellevue,WA,United States,2024-06-07,Small Business
CUST03966,Michael,Brown,michael.brown3966@example.com,804-688-6190,Richmond,VA,United States,2023-06-06,Corporate
CUST03967,Jennifer,Jackson,jennifer.jackson3967@example.com,804-282-3565,Tacoma,WA,United States,2023-08-23,Consumer
CUST03968,Karen,Williams,karen.williams3968@example.com,804-700-6803,Buffalo,NY,United States,2022-04-08,Consumer
CUST03969,Joseph,Moore,joseph.moore3969@example.com,804-721-8046,Los Angeles,CA,United States,2022-11-20,Consumer
CUST03970,David,Johnson,david.johnson3970@example.com,804-867-2038,Virginia Beach,VA,United States,2022-10-06,Consumer
CUST03971,Mary,Davis,mary.davis3971@example.com,804-859-3758,Tacoma,WA,United States,2024-01-19,Corporate
CUST03972,Robert,Davis,robert.davis3972@example.com,804-402-1774,Orlando,FL,United States,2024-11-01,Small Business
CUST03973,Joseph,Lopez,joseph.lopez3973@example.com,804-963-6838,Buffalo,NY,United States,2023-06-29,Small Business
CUST03974,James,Taylor,james.taylor3974@example.com,804-669-7741,Norfolk,VA,United States,2022-07-16,Small Business
CUST03975,Mary,Taylor,mary.taylor3975@example.com,804-872-5462,New York,NY,United States,2023-11-13,Small Business
CUST03976,Patricia,Hernandez,patricia.hernandez3976@example.com,804-670-3052,Miami,FL,United States,2023-10-08,Consumer
CUST03977,Mary,Martin,mary.martin3977@example.com,804-363-8709,San Francisco,CA,United States,2023-06-03,Small Business
CUST03978,John,Thomas,john.thomas3978@example.com,804-130-4283,San Francisco,CA,United States,2023-05-30,Small Business
CUST03979,Charles,Rodriguez,charles.rodriguez3979@example.com,804-872-4409,Jacksonville,FL,United States,2023-11-06,Corporate
CUST03980,Joseph,Gonzalez,joseph.gonzalez3980@example.com,804-324-7451,Richmond,VA,United States,2024-06-25,Corporate
CUST03981,Sarah,Rodriguez,sarah.rodriguez3981@example.com,804-208-9900,San Diego,CA,United States,2022-01-14,Consumer
CUST03982,Michael,Taylor,michael.taylor3982@example.com,804-909-9740,Springfield,IL,United States,2023-12-30,Small Business
CUST03983,James,Martinez,james.martinez3983@example.com,804-511-1298,Dallas,TX,United States,2024-01-18,Consumer
CUST03984,David,Thomas,david.thomas3984@example.com,804-528-5745,Norfolk,VA,United States,2022-09-29,Small Business
CUST03985,Patricia,Wilson,patricia.wilson3985@example.com,804-171-8535,San Antonio,TX,United States,2024-08-20,Corporate
CUST03986,Karen,Williams,karen.williams3986@example.com,804-494-5384,Austin,TX,United States,2023-05-15,Consumer
CUST03987,Charles,Davis,charles.davis3987@example.com,804-739-6863,Tacoma,WA,United States,2022-01-24,Consumer
CUST03988,Joseph,Johnson,joseph.johnson3988@example.com,804-714-8667,Tampa,FL,United States,2023-01-21,Consumer
CUST03989,John,Williams,john.williams3989@example.com,804-436-5461,Rochester,NY,United States,2023-09-16,Small Business
CUST03990,Thomas,Anderson,thomas.anderson3990@example.com,804-527-8517,San Jose,CA,United States,2022-03-23,Small Business
CUST03991,Joseph,Hernandez,joseph.hernandez3991@example.com,804-724-7306,Jacksonville,FL,United States,2024-07-12,Consumer
CUST03992,Michael,Rodriguez,michael.rodriguez3992@example.com,804-511-9870,San Jose,CA,United States,2024-08-20,Small Business
CUST03993,Charles,Smith,charles.smith3993@example.com,804-539-5553,New York,NY,United States,2024-10-14,Consumer
CUST03994,Jennifer,Brown,jennifer.brown3994@example.com,804-793-7952,Peoria,IL,United States,2024-07-18,Small Business
CUST03995,Charles,Anderson,charles.anderson3995@example.com,804-415-2149,Dallas,TX,United States,2024-04-20,Consumer
CUST03996,David,Anderson,david.anderson3996@example.com,804-248-7308,Jacksonville,FL,United States,2024-07-09,Corporate
CUST03997,Karen,Williams,karen.williams3997@example.com,804-969-9037,Orlando,FL,United States,2022-08-29,Small Business
CUST03998,Charles,Lopez,charles.lopez3998@example.com,804-789-2048,Springfield,IL,United States,2023-06-13,Small Business
CUST03999,Charles,Martinez,charles.martinez3999@example.com,804-996-7027,San Jose,CA,United States,2025-02-21,Consumer
CUST04000,William,Miller,william.miller4000@example.com,804-642-6257,Alexandria,VA,United States,2023-02-21,Corporate
CUST04001,James,Thomas,james.thomas4001@example.com,804-954-5185,Seattle,WA,United States,2024-06-10,Corporate
CUST04002,Patricia,Rodriguez,patricia.rodriguez4002@example.com,804-160-5452,Naperville,IL,United States,2022-01-05,Consumer
CUST04003,Mary,Jones,mary.jones4003@example.com,804-419-1661,Houston,TX,United States,2022-04-15,Corporate
CUST04004,Jennifer,Jackson,jennifer.jackson4004@example.com,804-615-6409,Virginia Beach,VA,United States,2022-12-28,Small Business
CUST04005,Michael,Rodriguez,michael.rodriguez4005@example.com,804-252-7141,Rochester,NY,United States,2025-03-25,Consumer
CUST04006,Nancy,Thomas,nancy.thomas4006@example.com,804-746-6270,Springfield,IL,United States,2024-04-21,Corporate
CUST04007,Charles,Anderson,charles.anderson4007@example.com,804-161-6285,Tacoma,WA,United States,2024-09-18,Consumer
CUST04008,Robert,Lopez,robert.lopez4008@example.com,804-570-2972,Chicago,IL,United States,2024-05-30,Small Business
CUST04009,James,Brown,james.brown4009@example.com,804-363-2003,Norfolk,VA,United States,2023-04-05,Consumer
CUST04010,Mary,Johnson,mary.johnson4010@example.com,804-518-7501,New York,NY,United States,2023-02-16,Corporate
CUST04011,James,Anderson,james.anderson4011@example.com,804-823-8679,San Diego,CA,United States,2024-07-06,Consumer
CUST04012,David,Smith,david.smith4012@example.com,804-261-1385,Norfolk,VA,United States,2023-01-01,Small Business
CUST04013,Patricia,Thomas,patricia.thomas4013@example.com,804-238-3751,Peoria,IL,United States,2024-08-03,Corporate
CUST04014,Elizabeth,Davis,elizabeth.davis4014@example.com,804-168-6219,San Francisco,CA,United States,2023-04-21,Small Business
CUST04015,Sarah,Jones,sarah.jones4015@example.com,804-493-8657,Rochester,NY,United States,2022-04-21,Small Business
CUST04016,Michael,Wilson,michael.wilson4016@example.com,804-427-6749,Miami,FL,United States,2024-03-11,Consumer
CUST04017,John,Davis,john.davis4017@example.com,804-195-3212,New York,NY,United States,2024-08-23,Consumer
CUST04018,Jessica,Gonzalez,jessica.gonzalez4018@example.com,804-393-1069,Alexandria,VA,United States,2024-04-11,Corporate
CUST04019,William,Garcia,william.garcia4019@example.com,804-384-4625,Chicago,IL,United States,2024-04-23,Corporate
CUST04020,Charles,Wilson,charles.wilson4020@example.com,804-474-2110,San Francisco,CA,United States,2025-01-31,Consumer
CUST04021,David,Anderson,david.anderson4021@example.com,804-487-8267,Dallas,TX,United States,2022-08-26,Small Business
CUST04022,Karen,Gonzalez,karen.gonzalez4022@example.com,804-236-7697,Albany,NY,United States,2023-11-12,Consumer
CUST04023,James,Lopez,james.lopez4023@example.com,804-472-3563,Naperville,IL,United States,2024-10-16,Small Business
CUST04024,Joseph,Moore,joseph.moore4024@example.com,804-229-4128,Norfolk,VA,United States,2023-08-16,Corporate
CUST04025,Karen,Jackson,karen.jackson4025@example.com,804-506-3465,Virginia Beach,VA,United States,2023-10-14,Corporate
CUST04026,Mary,Gonzalez,mary.gonzalez4026@example.com,804-164-6999,Springfield,IL,United States,2023-11-17,Consumer
CUST04027,Daniel,Anderson,daniel.anderson4027@example.com,804-305-8776,Naperville,IL,United States,2022-06-04,Small Business
CUST04028,John,Garcia,john.garcia4028@example.com,804-926-6476,Virginia Beach,VA,United States,2023-07-02,Small Business
CUST04029,Nancy,Thomas,nancy.thomas4029@example.com,804-375-7830,Virginia Beach,VA,United States,2022-08-18,Consumer
CUST04030,John,Hernandez,john.hernandez4030@example.com,804-254-3312,San Antonio,TX,United States,2023-11-18,Consumer
CUST04031,Thomas,Johnson,thomas.johnson4031@example.com,804-376-9651,Chicago,IL,United States,2022-01-05,Small Business
CUST04032,Thomas,Williams,thomas.williams4032@example.com,804-715-5113,Tampa,FL,United States,2022-03-31,Consumer
CUST04033,Elizabeth,Moore,elizabeth.moore4033@example.com,804-627-2801,Chicago,IL,United States,2022-10-06,Corporate
CUST04034,James,Smith,james.smith4034@example.com,804-654-1195,Miami,FL,United States,2023-10-25,Corporate
CUST04035,Charles,Johnson,charles.johnson4035@example.com,804-297-4549,Miami,FL,United States,2023-07-03,Corporate
CUST04036,Mary,Moore,mary.moore4036@example.com,804-485-4626,Seattle,WA,United States,2022-04-09,Corporate
CUST04037,Jessica,Jackson,jessica.jackson4037@example.com,804-896-4865,Miami,FL,United States,2023-01-13,Consumer
CUST04038,Daniel,Martinez,daniel.martinez4038@example.com,804-176-3633,Richmond,VA,United States,2022-10-08,Corporate
CUST04039,Jessica,Rodriguez,jessica.rodriguez4039@example.com,804-679-9580,Houston,TX,United States,2022-11-02,Consumer
CUST04040,Thomas,Rodriguez,,804-176-3820,Tampa,FL,United States,2023-10-20,Corporate
CUST04041,James,Davis,james.davis4041@example.com,804-478-7836,Houston,TX,United States,2023-06-16,Small Business
CUST04042,Patricia,Wilson,patricia.wilson4042@example.com,804-746-2581,Norfolk,VA,United States,2024-10-02,Consumer
CUST04043,Nancy,Lopez,nancy.lopez4043@example.com,804-613-7489,Seattle,WA,United States,2023-09-13,Corporate
CUST04044,Susan,Johnson,susan.johnson4044@example.com,804-998-6291,Jacksonville,FL,United States,2022-10-23,Consumer
CUST04045,Robert,Davis,robert.davis4045@example.com,804-844-9015,San Francisco,CA,United States,2022-10-30,Corporate
CUST04046,Jessica,Brown,jessica.brown4046@example.com,804-357-6252,Austin,TX,United States,2024-01-14,Small Business
CUST04047,James,Hernandez,james.hernandez4047@example.com,804-419-1592,Tacoma,WA,United States,2025-03-26,Small Business
CUST04048,William,Jones,william.jones4048@example.com,804-461-9941,Peoria,IL,United States,2024-11-20,Small Business
CUST04049,Jessica,Martin,jessica.martin4049@example.com,804-300-3912,Norfolk,VA,United States,2024-02-20,Corporate
CUST04050,Robert,Anderson,robert.anderson4050@example.com,804-524-9828,Virginia Beach,VA,United States,2022-10-12,Consumer
CUST04051,David,Davis,david.davis4051@example.com,804-727-6642,New York,NY,United States,2024-12-26,Corporate
CUST04052,Karen,Johnson,karen.johnson4052@example.com,804-190-8444,Dallas,TX,United States,2024-11-18,Corporate
CUST04053,Jessica,Jones,jessica.jones4053@example.com,804-236-7333,Tampa,FL,United States,2024-01-14,Small Business
CUST04054,Thomas,Davis,thomas.davis4054@example.com,804-197-5618,Spokane,WA,United States,2023-03-14,Small Business
CUST04055,Michael,Garcia,michael.garcia4055@example.com,804-958-7995,Houston,TX,United States,2024-12-18,Corporate
CUST04056,Jessica,Wilson,jessica.wilson4056@example.com,804-593-3224,Peoria,IL,United States,2023-06-11,Consumer
CUST04057,Mary,Martinez,mary.martinez4057@example.com,804-352-8672,San Diego,CA,United States,2024-11-09,Small Business
CUST04058,John,Moore,john.moore4058@example.com,804-871-6665,Alexandria,VA,United States,2024-09-01,Small Business
CUST04059,Elizabeth,Jones,elizabeth.jones4059@example.com,804-331-3124,Austin,TX,United States,2023-03-10,Consumer
CUST04060,Sarah,Thomas,sarah.thomas4060@example.com,804-358-6932,Virginia Beach,VA,United States,2024-07-22,Corporate
CUST04061,Patricia,Taylor,patricia.taylor4061@example.com,804-202-5619,Tampa,FL,United States,2023-01-18,Small Business
CUST04062,Linda,Gonzalez,linda.gonzalez4062@example.com,804-600-9880,Dallas,TX,United States,2024-03-22,Small Business
CUST04063,James,Martinez,james.martinez4063@example.com,804-477-9240,Norfolk,VA,United States,2025-02-21,Small Business
CUST04064,Mary,Gonzalez,mary.gonzalez4064@example.com,804-448-4954,Orlando,FL,United States,2022-12-30,Consumer
CUST04065,David,Martinez,david.martinez4065@example.com,804-585-5748,Richmond,VA,United States,2024-05-09,Corporate
CUST04066,Thomas,Taylor,thomas.taylor4066@example.com,804-629-8119,Chicago,IL,United States,2024-11-30,Consumer
CUST04067,John,Davis,john.davis4067@example.com,804-435-3212,Spokane,WA,United States,2023-08-19,Small Business
CUST04068,Karen,Hernandez,karen.hernandez4068@example.com,804-747-6442,Peoria,IL,United States,2022-12-21,Small Business
CUST04069,Thomas,Miller,thomas.miller4069@example.com,804-240-7570,Alexandria,VA,United States,2025-03-15,Small Business
CUST04070,Daniel,Gonzalez,daniel.gonzalez4070@example.com,804-737-9084,Spokane,WA,United States,2023-08-22,Small Business
CUST04071,Sarah,Moore,sarah.moore4071@example.com,804-145-3020,Springfield,IL,United States,2022-10-04,Consumer
CUST04072,William,Garcia,william.garcia4072@example.com,804-159-7473,Jacksonville,FL,United States,2024-05-02,Consumer
CUST04073,David,Jackson,david.jackson4073@example.com,804-885-1700,New York,NY,United States,2023-06-03,Small Business
CUST04074,James,Taylor,james.taylor4074@example.com,804-461-9435,Los Angeles,CA,United States,2023-06-28,Small Business
CUST04075,Jennifer,Garcia,jennifer.garcia4075@example.com,804-457-3105,Norfolk,VA,United States,2024-03-18,Small Business
CUST04076,Mary,Lopez,mary.lopez4076@example.com,804-575-3544,San Francisco,CA,United States,2022-09-12,Small Business
CUST04077,Michael,Rodriguez,michael.rodriguez4077@example.com,804-542-8590,Dallas,TX,United States,2023-11-02,Corporate
CUST04078,Sarah,Anderson,sarah.anderson4078@example.com,804-918-6485,Austin,TX,United States,2022-09-24,Small Business
CUST04079,Michael,Williams,michael.williams4079@example.com,804-194-5206,San Jose,CA,United States,2024-06-15,Consumer
CUST04080,Jennifer,Taylor,jennifer.taylor4080@example.com,804-710-1577,San Francisco,CA,United States,2022-06-24,Corporate
CUST04081,Joseph,Wilson,joseph.wilson4081@example.com,804-255-2476,Jacksonville,FL,United States,2023-07-14,Corporate
CUST04082,Elizabeth,Davis,elizabeth.davis4082@example.com,804-772-5013,Rochester,NY,United States,2024-05-16,Small Business
CUST04083,Michael,Gonzalez,michael.gonzalez4083@example.com,804-433-9716,Spokane,WA,United States,2022-10-23,Corporate
CUST04084,Sarah,Miller,sarah.miller4084@example.com,804-877-2533,New York,NY,United States,2024-08-29,Small Business
CUST04085,Charles,Davis,charles.davis4085@example.com,804-374-7802,Naperville,IL,United States,2024-08-02,Small Business
CUST04086,Jennifer,Gonzalez,jennifer.gonzalez4086@example.com,804-514-4875,San Jose,CA,United States,2023-02-24,Consumer
CUST04087,Thomas,Hernandez,thomas.hernandez4087@example.com,804-694-1626,Norfolk,VA,United States,2023-06-08,Small Business
CUST04088,David,Gonzalez,david.gonzalez4088@example.com,804-767-7453,Virginia Beach,VA,United States,2022-02-03,Consumer
CUST04089,Patricia,Johnson,patricia.johnson4089@example.com,804-157-8296,New York,NY,United States,2024-03-07,Small Business
CUST04090,Mary,Martinez,mary.martinez4090@example.com,804-858-6962,Seattle,WA,United States,2022-07-05,Consumer
CUST04091,Sarah,Davis,sarah.davis4091@example.com,804-594-3673,Jacksonville,FL,United States,2024-01-18,Small Business
CUST04092,Joseph,Anderson,joseph.anderson4092@example.com,804-469-5885,Alexandria,VA,United States,2022-05-06,Small Business
CUST04093,Mary,Thomas,mary.thomas4093@example.com,804-883-2574,San Diego,CA,United States,2024-02-26,Corporate
CUST04094,Sarah,Smith,sarah.smith4094@example.com,804-322-2718,San Diego,CA,United States,2025-03-21,Consumer
CUST04095,Daniel,Miller,daniel.miller4095@example.com,804-260-2054,Norfolk,VA,United States,2024-05-11,Consumer
CUST04096,Karen,Martinez,karen.martinez4096@example.com,804-185-3218,San Jose,CA,United States,2024-10-20,Small Business
CUST04097,William,Garcia,william.garcia4097@example.com,804-461-7777,Naperville,IL,United States,2022-05-10,Consumer
CUST04098,Susan,Hernandez,susan.hernandez4098@example.com,804-809-7039,Orlando,FL,United States,2022-11-14,Corporate
CUST04099,David,Moore,david.moore4099@example.com,804-105-3479,Richmond,VA,United States,2024-06-14,Consumer
CUST04100,Jennifer,Martin,jennifer.martin4100@example.com,804-656-8189,Dallas,TX,United States,2024-01-01,Small Business
CUST04101,Michael,Lopez,michael.lopez4101@example.com,804-260-7726,Bellevue,WA,United States,2023-09-08,Small Business
CUST04102,Sarah,Rodriguez,sarah.rodriguez4102@example.com,804-134-8452,Norfolk,VA,United States,2024-01-08,Small Business
CUST04103,Patricia,Smith,patricia.smith4103@example.com,804-659-1804,San Jose,CA,United States,2022-04-11,Small Business
CUST04104,Elizabeth,Lopez,elizabeth.lopez4104@example.com,804-213-1196,Seattle,WA,United States,2023-11-25,Corporate
CUST04105,Karen,Moore,karen.moore4105@example.com,804-603-5259,Peoria,IL,United States,2024-09-23,Corporate
CUST04106,Michael,Anderson,michael.anderson4106@example.com,804-949-7293,Jacksonville,FL,United States,2024-02-11,Small Business
CUST04107,Linda,Davis,linda.davis4107@example.com,804-383-7691,Austin,TX,United States,2024-06-28,Consumer
CUST04108,Robert,Jones,,804-217-2216,Bellevue,WA,United States,2022-12-15,Corporate
CUST04109,Elizabeth,Miller,elizabeth.miller4109@example.com,804-420-1823,Jacksonville,FL,United States,2023-05-17,Corporate
CUST04110,Elizabeth,Smith,elizabeth.smith4110@example.com,804-233-7827,New York,NY,United States,2023-06-02,Consumer
CUST04111,Daniel,Wilson,daniel.wilson4111@example.com,804-701-8975,Houston,TX,United States,2023-07-07,Corporate
CUST04112,Joseph,Smith,joseph.smith4112@example.com,804-670-2525,Tampa,FL,United States,2022-08-24,Corporate
CUST04113,Linda,Gonzalez,linda.gonzalez4113@example.com,804-551-9662,Norfolk,VA,United States,2023-02-24,Small Business
CUST04114,Elizabeth,Taylor,elizabeth.taylor4114@example.com,804-219-5009,Naperville,IL,United States,2024-01-12,Consumer
CUST04115,William,Rodriguez,william.rodriguez4115@example.com,804-348-6245,Rochester,NY,United States,2022-05-13,Consumer
CUST04116,Sarah,Thomas,sarah.thomas4116@example.com,804-261-2300,Buffalo,NY,United States,2024-06-17,Consumer
CUST04117,Thomas,Anderson,thomas.anderson4117@example.com,804-183-9983,Rochester,NY,United States,2022-05-29,Small Business
CUST04118,Susan,Thomas,susan.thomas4118@example.com,804-933-1663,Orlando,FL,United States,2022-09-17,Small Business
CUST04119,David,Jackson,david.jackson4119@example.com,804-857-2856,San Jose,CA,United States,2023-08-11,Corporate
CUST04120,Susan,Martinez,susan.martinez4120@example.com,804-685-4671,San Jose,CA,United States,2025-03-07,Corporate
CUST04121,Jessica,Jones,jessica.jones4121@example.com,804-292-4838,Bellevue,WA,United States,2022-07-31,Consumer
CUST04122,Jessica,Hernandez,jessica.hernandez4122@example.com,804-997-7036,Dallas,TX,United States,2024-02-01,Small Business
CUST04123,Daniel,Moore,daniel.moore4123@example.com,,San Francisco,CA,United States,2022-11-17,Small Business
CUST04124,Sarah,Moore,sarah.moore4124@example.com,804-767-3396,Norfolk,VA,United States,2024-08-21,Small Business
CUST04125,Thomas,Wilson,thomas.wilson4125@example.com,804-324-9445,Houston,TX,United States,2024-08-18,Small Business
CUST04126,Joseph,Wilson,joseph.wilson4126@example.com,804-615-6339,San Francisco,CA,United States,2025-03-12,Corporate
CUST04127,Mary,Martinez,mary.martinez4127@example.com,804-821-3301,Albany,NY,United States,2022-04-05,Small Business
CUST04128,James,Williams,james.williams4128@example.com,804-806-3417,San Francisco,CA,United States,2023-04-19,Corporate
CUST04129,Jennifer,Lopez,jennifer.lopez4129@example.com,804-440-5985,Rochester,NY,United States,2023-05-02,Small Business
CUST04130,Sarah,Brown,sarah.brown4130@example.com,804-308-8246,San Francisco,CA,United States,2024-06-24,Consumer
CUST04131,Karen,Williams,karen.williams4131@example.com,804-787-9205,Peoria,IL,United States,2022-03-12,Corporate
CUST04132,David,Miller,david.miller4132@example.com,804-859-7420,Chicago,IL,United States,2024-01-17,Corporate
CUST04133,Jessica,Taylor,jessica.taylor4133@example.com,804-858-1393,Austin,TX,United States,2022-03-10,Corporate
CUST04134,Mary,Wilson,mary.wilson4134@example.com,804-166-3105,Jacksonville,FL,United States,2024-07-07,Small Business
CUST04135,Linda,Moore,linda.moore4135@example.com,804-985-9531,Richmond,VA,United States,2023-01-11,Corporate
CUST04136,Karen,Jones,karen.jones4136@example.com,804-417-2383,San Jose,CA,United States,2025-03-20,Consumer
CUST04137,James,Wilson,james.wilson4137@example.com,804-948-9670,Springfield,IL,United States,2025-03-05,Corporate
CUST04138,Karen,Rodriguez,karen.rodriguez4138@example.com,804-226-7936,Springfield,IL,United States,2024-05-20,Corporate
CUST04139,Jessica,Hernandez,jessica.hernandez4139@example.com,804-586-8876,Peoria,IL,United States,2022-04-05,Corporate
CUST04140,Susan,Anderson,susan.anderson4140@example.com,804-202-1049,Tacoma,WA,United States,2023-11-01,Corporate
CUST04141,Thomas,Thomas,thomas.thomas4141@example.com,804-400-1640,Springfield,IL,United States,2023-12-26,Consumer
CUST04142,Karen,Martin,karen.martin4142@example.com,804-653-6245,Chicago,IL,United States,2022-02-22,Corporate
CUST04143,David,Thomas,david.thomas4143@example.com,804-744-3440,Tampa,FL,United States,2024-01-07,Consumer
CUST04144,Patricia,Smith,patricia.smith4144@example.com,804-160-8649,Spokane,WA,United States,2022-06-25,Small Business
CUST04145,Daniel,Davis,daniel.davis4145@example.com,804-635-2947,San Francisco,CA,United States,2024-02-16,Corporate
CUST04146,John,Hernandez,john.hernandez4146@example.com,804-191-4784,Naperville,IL,United States,2024-02-23,Small Business
CUST04147,Thomas,Lopez,thomas.lopez4147@example.com,804-443-5929,Los Angeles,CA,United States,2022-03-26,Consumer
CUST04148,Robert,Jones,robert.jones4148@example.com,804-995-1608,Peoria,IL,United States,2022-02-17,Small Business
CUST04149,Elizabeth,Martin,elizabeth.martin4149@example.com,804-456-9293,Austin,TX,United States,2024-06-14,Consumer
CUST04150,Joseph,Miller,joseph.miller4150@example.com,804-598-3295,Orlando,FL,United States,2024-04-06,Consumer
CUST04151,Charles,Brown,charles.brown4151@example.com,804-341-6725,Richmond,VA,United States,2024-12-09,Consumer
CUST04152,Jennifer,Rodriguez,jennifer.rodriguez4152@example.com,804-787-1577,Rochester,NY,United States,2024-04-02,Consumer
CUST04153,Michael,Jackson,michael.jackson4153@example.com,804-988-9908,Chicago,IL,United States,2023-07-14,Small Business
CUST04154,David,Brown,david.brown4154@example.com,804-212-8168,New York,NY,United States,2025-03-24,Consumer
CUST04155,Thomas,Miller,thomas.miller4155@example.com,804-613-2895,San Francisco,CA,United States,2022-01-29,Corporate
CUST04156,Karen,Brown,karen.brown4156@example.com,804-658-5817,Houston,TX,United States,2023-04-16,Corporate
CUST04157,Karen,Brown,karen.brown4157@example.com,804-358-6333,New York,NY,United States,2022-07-27,Corporate
CUST04158,Robert,Lopez,robert.lopez4158@example.com,804-986-6720,Virginia Beach,VA,United States,2022-08-17,Consumer
CUST04159,Joseph,Jackson,joseph.jackson4159@example.com,804-888-3650,Jacksonville,FL,United States,2024-03-19,Small Business
CUST04160,Daniel,Martinez,daniel.martinez4160@example.com,804-668-1981,Norfolk,VA,United States,2024-01-16,Small Business
CUST04161,Thomas,Brown,thomas.brown4161@example.com,804-876-6518,Virginia Beach,VA,United States,2023-03-28,Corporate
CUST04162,William,Garcia,william.garcia4162@example.com,804-558-2434,Richmond,VA,United States,2023-06-27,Corporate
CUST04163,William,Brown,william.brown4163@example.com,804-390-6652,Buffalo,NY,United States,2024-05-30,Small Business
CUST04164,Robert,Martin,robert.martin4164@example.com,804-363-2414,Bellevue,WA,United States,2023-08-09,Small Business
CUST04165,Patricia,Davis,patricia.davis4165@example.com,804-360-9290,Peoria,IL,United States,2025-02-16,Corporate
CUST04166,Nancy,Miller,nancy.miller4166@example.com,804-708-7425,Tacoma,WA,United States,2024-06-28,Corporate
CUST04167,Jennifer,Thomas,jennifer.thomas4167@example.com,804-388-2983,Peoria,IL,United States,2022-01-05,Corporate
CUST04168,William,Smith,william.smith4168@example.com,804-294-6772,Tacoma,WA,United States,2024-06-10,Consumer
CUST04169,David,Gonzalez,david.gonzalez4169@example.com,804-837-3497,San Diego,CA,United States,2022-10-21,Consumer
CUST04170,Patricia,Lopez,patricia.lopez4170@example.com,804-783-6760,New York,NY,United States,2022-01-19,Corporate
CUST04171,Susan,Jones,susan.jones4171@example.com,804-476-7585,Bellevue,WA,United States,2023-11-26,Small Business
CUST04172,William,Taylor,william.taylor4172@example.com,804-582-2176,Houston,TX,United States,2024-06-17,Consumer
CUST04173,Mary,Garcia,mary.garcia4173@example.com,804-207-5067,Springfield,IL,United States,2024-09-27,Consumer
CUST04174,Linda,Davis,linda.davis4174@example.com,804-557-8037,San Antonio,TX,United States,2022-09-14,Corporate
CUST04175,David,Taylor,david.taylor4175@example.com,804-650-8312,Seattle,WA,United States,2023-08-23,Small Business
CUST04176,Daniel,Jones,daniel.jones4176@example.com,804-725-4176,Tampa,FL,United States,2023-07-04,Consumer
CUST04177,Sarah,Garcia,sarah.garcia4177@example.com,804-366-1074,Bellevue,WA,United States,2024-04-17,Small Business
CUST04178,Jessica,Anderson,jessica.anderson4178@example.com,804-295-2239,Springfield,IL,United States,2023-01-18,Corporate
CUST04179,Michael,Brown,michael.brown4179@example.com,804-349-5954,Alexandria,VA,United States,2022-01-31,Consumer
CUST04180,Karen,Davis,karen.davis4180@example.com,804-426-2570,Dallas,TX,United States,2022-07-28,Small Business
CUST04181,William,Moore,william.moore4181@example.com,804-533-3214,Seattle,WA,United States,2022-11-19,Small Business
CUST04182,Nancy,Davis,nancy.davis4182@example.com,804-212-6793,Tampa,FL,United States,2023-02-02,Corporate
CUST04183,Linda,Jackson,linda.jackson4183@example.com,804-351-5261,Richmond,VA,United States,2024-01-07,Consumer
CUST04184,John,Smith,john.smith4184@example.com,804-612-7885,Peoria,IL,United States,2024-05-23,Consumer
CUST04185,Mary,Martinez,mary.martinez4185@example.com,804-768-3860,Richmond,VA,United States,2022-10-17,Consumer
CUST04186,Karen,Martin,karen.martin4186@example.com,804-753-3398,Dallas,TX,United States,2023-11-21,Corporate
CUST04187,Linda,Hernandez,linda.hernandez4187@example.com,804-161-9673,San Francisco,CA,United States,2022-09-14,Corporate
CUST04188,Sarah,Martin,sarah.martin4188@example.com,804-239-9576,Jacksonville,FL,United States,2022-02-06,Consumer
CUST04189,Sarah,Lopez,sarah.lopez4189@example.com,804-528-7130,San Antonio,TX,United States,2024-12-23,Consumer
CUST04190,Karen,Williams,karen.williams4190@example.com,804-216-5766,Bellevue,WA,United States,2025-02-15,Consumer
CUST04191,Michael,Johnson,michael.johnson4191@example.com,804-872-4238,Jacksonville,FL,United States,2022-06-19,Small Business
CUST04192,Nancy,Jones,nancy.jones4192@example.com,804-281-7517,Los Angeles,CA,United States,2023-11-30,Consumer
CUST04193,Elizabeth,Thomas,elizabeth.thomas4193@example.com,804-635-9753,Albany,NY,United States,2024-07-08,Small Business
CUST04194,Jennifer,Anderson,jennifer.anderson4194@example.com,804-256-4394,Houston,TX,United States,2023-11-08,Consumer
CUST04195,Jennifer,Hernandez,jennifer.hernandez4195@example.com,804-706-5076,New York,NY,United States,2022-08-18,Small Business
CUST04196,Elizabeth,Thomas,elizabeth.thomas4196@example.com,804-756-2397,Spokane,WA,United States,2023-08-21,Small Business
CUST04197,Susan,Martin,susan.martin4197@example.com,804-158-8791,Rochester,NY,United States,2025-01-23,Small Business
CUST04198,William,Wilson,william.wilson4198@example.com,804-955-9572,San Antonio,TX,United States,2024-04-21,Consumer
CUST04199,Susan,Smith,susan.smith4199@example.com,804-652-9074,Albany,NY,United States,2025-01-19,Corporate
CUST04200,Sarah,Anderson,sarah.anderson4200@example.com,804-554-3372,Los Angeles,CA,United States,2023-01-21,Consumer
CUST04201,Linda,Lopez,linda.lopez4201@example.com,804-314-4874,Miami,FL,United States,2023-08-03,Consumer
CUST04202,Jessica,Jackson,jessica.jackson4202@example.com,804-149-2366,Norfolk,VA,United States,2022-02-07,Corporate
CUST04203,Nancy,Miller,nancy.miller4203@example.com,804-969-8123,Austin,TX,United States,2023-01-16,Consumer
CUST04204,Joseph,Johnson,joseph.johnson4204@example.com,804-861-5527,Springfield,IL,United States,2022-06-08,Consumer
CUST04205,Linda,Davis,linda.davis4205@example.com,804-153-3558,San Francisco,CA,United States,2022-07-13,Consumer
CUST04206,John,Anderson,john.anderson4206@example.com,804-856-5096,San Jose,CA,United States,2023-10-11,Consumer
CUST04207,Daniel,Lopez,daniel.lopez4207@example.com,804-961-6451,Los Angeles,CA,United States,2022-01-24,Corporate
CUST04208,Linda,Lopez,linda.lopez4208@example.com,804-712-7047,San Antonio,TX,United States,2023-04-08,Consumer
CUST04209,Susan,Garcia,susan.garcia4209@example.com,804-128-3458,New York,NY,United States,2023-05-07,Small Business
CUST04210,Charles,Gonzalez,charles.gonzalez4210@example.com,804-524-6349,Richmond,VA,United States,2022-04-22,Small Business
CUST04211,Daniel,Garcia,daniel.garcia4211@example.com,804-554-5711,Austin,TX,United States,2024-07-01,Consumer
CUST04212,Susan,Thomas,susan.thomas4212@example.com,804-254-3105,San Francisco,CA,United States,2023-11-22,Small Business
CUST04213,Nancy,Thomas,nancy.thomas4213@example.com,804-224-6175,Naperville,IL,United States,2022-12-01,Small Business
CUST04214,Nancy,Taylor,nancy.taylor4214@example.com,804-982-5084,Miami,FL,United States,2024-04-01,Consumer
CUST04215,Patricia,Williams,patricia.williams4215@example.com,804-218-3575,San Jose,CA,United States,2022-11-29,Corporate
CUST04216,Susan,Martinez,susan.martinez4216@example.com,804-788-4340,Alexandria,VA,United States,2023-03-21,Corporate
CUST04217,William,Williams,william.williams4217@example.com,804-711-6262,Miami,FL,United States,2024-04-19,Corporate
CUST04218,Mary,Moore,mary.moore4218@example.com,804-360-1121,Rochester,NY,United States,2022-01-11,Consumer
CUST04219,Sarah,Gonzalez,sarah.gonzalez4219@example.com,804-206-4379,San Francisco,CA,United States,2022-03-01,Small Business
CUST04220,Robert,Anderson,robert.anderson4220@example.com,804-746-2439,Dallas,TX,United States,2022-07-05,Corporate
CUST04221,David,Thomas,david.thomas4221@example.com,804-365-1200,Jacksonville,FL,United States,2024-01-03,Consumer
CUST04222,David,Martinez,david.martinez4222@example.com,804-826-8171,Tacoma,WA,United States,2024-03-27,Small Business
CUST04223,Elizabeth,Williams,elizabeth.williams4223@example.com,804-377-3826,San Francisco,CA,United States,2023-07-28,Corporate
CUST04224,John,Brown,john.brown4224@example.com,804-774-7484,Rochester,NY,United States,2023-10-12,Corporate
CUST04225,Charles,Jones,charles.jones4225@example.com,804-535-5814,Dallas,TX,United States,2022-05-08,Consumer
CUST04226,Jessica,Taylor,jessica.taylor4226@example.com,804-630-6696,Rochester,NY,United States,2022-04-23,Consumer
CUST04227,Robert,Davis,robert.davis4227@example.com,804-250-2058,Rochester,NY,United States,2024-03-11,Corporate
CUST04228,Michael,Davis,michael.davis4228@example.com,804-911-6152,San Francisco,CA,United States,2023-07-08,Consumer
CUST04229,Elizabeth,Brown,elizabeth.brown4229@example.com,804-206-4666,San Diego,CA,United States,2024-09-01,Small Business
CUST04230,Linda,Brown,linda.brown4230@example.com,804-712-1745,Seattle,WA,United States,2024-10-13,Small Business
CUST04231,David,Anderson,david.anderson4231@example.com,804-670-9632,Peoria,IL,United States,2022-04-20,Consumer
CUST04232,David,Rodriguez,david.rodriguez4232@example.com,804-957-9164,Naperville,IL,United States,2024-09-27,Consumer
CUST04233,Susan,Martin,susan.martin4233@example.com,804-589-1564,Virginia Beach,VA,United States,2024-06-03,Consumer
CUST04234,Susan,Jones,susan.jones4234@example.com,804-781-8924,Spokane,WA,United States,2023-05-10,Corporate
CUST04235,Daniel,Miller,daniel.miller4235@example.com,804-630-6365,Richmond,VA,United States,2022-06-19,Small Business
CUST04236,Thomas,Rodriguez,thomas.rodriguez4236@example.com,804-678-1348,Chicago,IL,United States,2024-01-05,Corporate
CUST04237,Susan,Johnson,susan.johnson4237@example.com,804-256-9227,Tampa,FL,United States,2024-09-16,Consumer
CUST04238,Robert,Gonzalez,robert.gonzalez4238@example.com,804-858-3816,Richmond,VA,United States,2024-03-23,Corporate
CUST04239,Patricia,Williams,patricia.williams4239@example.com,804-931-7246,Tampa,FL,United States,2023-07-06,Consumer
CUST04240,Nancy,Smith,nancy.smith4240@example.com,804-918-4299,Miami,FL,United States,2024-03-17,Consumer
CUST04241,Patricia,Anderson,patricia.anderson4241@example.com,804-252-3624,Tampa,FL,United States,2022-10-13,Consumer
CUST04242,David,Gonzalez,david.gonzalez4242@example.com,804-102-4509,Alexandria,VA,United States,2022-10-08,Small Business
CUST04243,Jessica,Brown,jessica.brown4243@example.com,804-367-2506,Virginia Beach,VA,United States,2024-08-01,Consumer
CUST04244,Sarah,Miller,sarah.miller4244@example.com,804-603-4809,Dallas,TX,United States,2023-10-09,Small Business
CUST04245,Patricia,Martinez,patricia.martinez4245@example.com,804-358-4033,Springfield,IL,United States,2022-01-25,Consumer
CUST04246,Sarah,Rodriguez,sarah.rodriguez4246@example.com,804-167-5710,San Jose,CA,United States,2024-11-06,Consumer
CUST04247,David,Jackson,david.jackson4247@example.com,804-926-1035,Austin,TX,United States,2023-04-09,Small Business
CUST04248,Karen,Thomas,karen.thomas4248@example.com,804-787-3984,Virginia Beach,VA,United States,2024-03-20,Corporate
CUST04249,Thomas,Jones,thomas.jones4249@example.com,804-230-3434,Houston,TX,United States,2024-05-14,Consumer
CUST04250,John,Davis,john.davis4250@example.com,804-130-8789,Springfield,IL,United States,2022-04-14,Corporate
CUST04251,Mary,Garcia,mary.garcia4251@example.com,804-385-9606,Spokane,WA,United States,2024-04-09,Corporate
CUST04252,Jennifer,Miller,jennifer.miller4252@example.com,804-976-3787,Dallas,TX,United States,2023-01-07,Consumer
CUST04253,Charles,Hernandez,charles.hernandez4253@example.com,804-411-4394,Peoria,IL,United States,2022-05-02,Small Business
CUST04254,Sarah,Smith,sarah.smith4254@example.com,804-631-4360,Tampa,FL,United States,2025-02-24,Corporate
CUST04255,Patricia,Wilson,patricia.wilson4255@example.com,804-765-1886,Tacoma,WA,United States,2022-10-15,Small Business
CUST04256,Nancy,Miller,nancy.miller4256@example.com,804-739-4799,Richmond,VA,United States,2024-02-02,Consumer
CUST04257,Elizabeth,Rodriguez,elizabeth.rodriguez4257@example.com,804-302-8278,Springfield,IL,United States,2025-01-11,Small Business
CUST04258,Linda,Moore,linda.moore4258@example.com,804-556-2002,Los Angeles,CA,United States,2023-04-03,Small Business
CUST04259,Jennifer,Martinez,jennifer.martinez4259@example.com,804-131-8202,Spokane,WA,United States,2023-10-04,Corporate
CUST04260,David,Davis,david.davis4260@example.com,804-233-4349,Albany,NY,United States,2024-11-05,Corporate
CUST04261,Patricia,Taylor,patricia.taylor4261@example.com,804-863-4806,San Diego,CA,United States,2025-03-02,Small Business
CUST04262,Robert,Moore,robert.moore4262@example.com,804-666-3719,Rochester,NY,United States,2024-09-12,Corporate
CUST04263,Linda,Anderson,linda.anderson4263@example.com,804-202-6261,San Jose,CA,United States,2024-05-22,Consumer
CUST04264,James,Gonzalez,james.gonzalez4264@example.com,804-760-7579,Alexandria,VA,United States,2024-10-07,Consumer
CUST04265,Patricia,Jackson,patricia.jackson4265@example.com,804-206-6445,Seattle,WA,United States,2024-06-01,Corporate
CUST04266,Linda,Thomas,linda.thomas4266@example.com,804-801-1935,Houston,TX,United States,2023-01-25,Consumer
CUST04267,Thomas,Smith,thomas.smith4267@example.com,804-746-4460,Tacoma,WA,United States,2024-09-21,Consumer
CUST04268,Daniel,Jones,daniel.jones4268@example.com,804-629-3123,Los Angeles,CA,United States,2023-08-11,Consumer
CUST04269,Joseph,Garcia,joseph.garcia4269@example.com,804-230-5891,Spokane,WA,United States,2024-07-08,Corporate
CUST04270,Linda,Jones,linda.jones4270@example.com,804-436-3202,Albany,NY,United States,2022-05-05,Small Business
CUST04271,Linda,Gonzalez,linda.gonzalez4271@example.com,804-124-8377,Bellevue,WA,United States,2022-09-03,Consumer
CUST04272,Mary,Martin,mary.martin4272@example.com,804-123-4836,Rochester,NY,United States,2025-01-28,Corporate
CUST04273,James,Moore,james.moore4273@example.com,804-384-6272,San Francisco,CA,United States,2025-01-10,Corporate
CUST04274,Karen,Williams,karen.williams4274@example.com,804-289-1550,Bellevue,WA,United States,2023-06-24,Corporate
CUST04275,Susan,Williams,susan.williams4275@example.com,804-916-5597,Albany,NY,United States,2024-05-09,Consumer
CUST04276,Patricia,Gonzalez,patricia.gonzalez4276@example.com,804-853-4976,Peoria,IL,United States,2023-10-10,Consumer
CUST04277,Linda,Rodriguez,linda.rodriguez4277@example.com,804-457-9828,Seattle,WA,United States,2023-09-13,Consumer
CUST04278,Daniel,Williams,daniel.williams4278@example.com,804-467-6068,Spokane,WA,United States,2023-07-11,Small Business
CUST04279,James,Johnson,james.johnson4279@example.com,804-830-7755,New York,NY,United States,2022-02-16,Corporate
CUST04280,Thomas,Gonzalez,thomas.gonzalez4280@example.com,804-929-8220,Orlando,FL,United States,2023-08-29,Corporate
CUST04281,Elizabeth,Moore,elizabeth.moore4281@example.com,804-535-3204,Orlando,FL,United States,2023-08-01,Corporate
CUST04282,Michael,Taylor,michael.taylor4282@example.com,804-191-9309,San Francisco,CA,United States,2023-11-10,Consumer
CUST04283,Joseph,Lopez,joseph.lopez4283@example.com,804-791-2925,Austin,TX,United States,2022-05-03,Corporate
CUST04284,Elizabeth,Davis,elizabeth.davis4284@example.com,804-988-2157,San Jose,CA,United States,2022-02-14,Corporate
CUST04285,William,Thomas,william.thomas4285@example.com,804-938-2663,Bellevue,WA,United States,2024-03-04,Small Business
CUST04286,Linda,Garcia,linda.garcia4286@example.com,804-569-7586,Springfield,IL,United States,2022-09-07,Corporate
CUST04287,Joseph,Brown,joseph.brown4287@example.com,804-488-7871,Norfolk,VA,United States,2023-08-23,Corporate
CUST04288,Charles,Martin,charles.martin4288@example.com,804-186-9884,Tacoma,WA,United States,2023-05-30,Consumer
CUST04289,John,Williams,john.williams4289@example.com,804-230-5454,Tacoma,WA,United States,2024-06-28,Small Business
CUST04290,Sarah,Martin,sarah.martin4290@example.com,804-866-6318,Tacoma,WA,United States,2025-03-30,Small Business
CUST04291,Elizabeth,Taylor,elizabeth.taylor4291@example.com,804-688-6071,Tampa,FL,United States,2022-02-10,Corporate
CUST04292,Karen,Rodriguez,karen.rodriguez4292@example.com,804-866-5738,Virginia Beach,VA,United States,2022-11-13,Small Business
CUST04293,Sarah,Moore,sarah.moore4293@example.com,804-506-8820,San Francisco,CA,United States,2023-05-15,Corporate
CUST04294,Sarah,Miller,sarah.miller4294@example.com,804-380-3425,Richmond,VA,United States,2023-10-21,Corporate
CUST04295,Karen,Anderson,karen.anderson4295@example.com,804-685-8313,San Francisco,CA,United States,2022-09-17,Corporate
CUST04296,Jessica,Wilson,jessica.wilson4296@example.com,804-183-2974,Peoria,IL,United States,2022-04-28,Small Business
CUST04297,Joseph,Rodriguez,joseph.rodriguez4297@example.com,804-764-4450,Austin,TX,United States,2025-03-27,Consumer
CUST04298,Sarah,Smith,sarah.smith4298@example.com,804-426-2913,Tampa,FL,United States,2024-05-11,Consumer
CUST04299,Jessica,Miller,jessica.miller4299@example.com,804-777-5964,Bellevue,WA,United States,2024-09-20,Corporate
CUST04300,Sarah,Brown,sarah.brown4300@example.com,804-966-8668,New York,NY,United States,2023-12-29,Consumer
CUST04301,James,Williams,james.williams4301@example.com,804-732-5623,Albany,NY,United States,2023-08-01,Consumer
CUST04302,Nancy,Moore,nancy.moore4302@example.com,804-479-7380,Rochester,NY,United States,2023-10-26,Small Business
CUST04303,William,Moore,william.moore4303@example.com,804-826-8756,Albany,NY,United States,2023-11-21,Corporate
CUST04304,Jessica,Miller,jessica.miller4304@example.com,804-103-6471,Austin,TX,United States,2023-07-11,Consumer
CUST04305,Michael,Smith,michael.smith4305@example.com,804-851-8702,Peoria,IL,United States,2022-11-25,Consumer
CUST04306,Robert,Thomas,robert.thomas4306@example.com,804-609-1986,Norfolk,VA,United States,2024-11-05,Small Business
CUST04307,Jennifer,Wilson,jennifer.wilson4307@example.com,804-519-7941,Bellevue,WA,United States,2022-02-16,Small Business
CUST04308,Jennifer,Anderson,jennifer.anderson4308@example.com,804-276-5677,Norfolk,VA,United States,2023-06-26,Consumer
CUST04309,Sarah,Martin,sarah.martin4309@example.com,804-463-4668,Bellevue,WA,United States,2022-07-30,Corporate
CUST04310,Charles,Rodriguez,charles.rodriguez4310@example.com,804-530-5717,Austin,TX,United States,2024-10-02,Small Business
CUST04311,Joseph,Miller,joseph.miller4311@example.com,804-975-8712,Peoria,IL,United States,2023-11-15,Consumer
CUST04312,Mary,Brown,mary.brown4312@example.com,804-727-8805,Richmond,VA,United States,2023-12-16,Small Business
CUST04313,Robert,Miller,robert.miller4313@example.com,804-636-2037,San Francisco,CA,United States,2022-04-05,Consumer
CUST04314,Elizabeth,Jackson,elizabeth.jackson4314@example.com,804-406-4796,San Diego,CA,United States,2023-03-04,Consumer
CUST04315,Jennifer,Rodriguez,jennifer.rodriguez4315@example.com,804-103-2479,Tampa,FL,United States,2022-07-20,Small Business
CUST04316,Susan,Martin,susan.martin4316@example.com,804-810-3859,Miami,FL,United States,2022-08-30,Small Business
CUST04317,William,Johnson,william.johnson4317@example.com,804-259-8571,Houston,TX,United States,2022-08-08,Small Business
CUST04318,Susan,Jackson,susan.jackson4318@example.com,804-248-1450,New York,NY,United States,2022-06-18,Consumer
CUST04319,Mary,Lopez,mary.lopez4319@example.com,804-761-5158,Jacksonville,FL,United States,2024-06-04,Consumer
CUST04320,Elizabeth,Miller,elizabeth.miller4320@example.com,804-982-5702,Orlando,FL,United States,2024-09-13,Consumer
CUST04321,Linda,Thomas,linda.thomas4321@example.com,804-742-6316,Peoria,IL,United States,2023-05-10,Consumer
CUST04322,Jennifer,Anderson,jennifer.anderson4322@example.com,804-689-4348,Virginia Beach,VA,United States,2022-06-12,Consumer
CUST04323,David,Lopez,david.lopez4323@example.com,804-732-3386,Dallas,TX,United States,2024-05-19,Corporate
CUST04324,Elizabeth,Taylor,elizabeth.taylor4324@example.com,804-671-8559,San Antonio,TX,United States,2022-10-22,Small Business
CUST04325,Charles,Taylor,charles.taylor4325@example.com,804-975-9627,Tampa,FL,United States,2022-06-12,Corporate
CUST04326,Sarah,Rodriguez,sarah.rodriguez4326@example.com,804-401-1295,Alexandria,VA,United States,2022-06-20,Corporate
CUST04327,Jennifer,Martin,jennifer.martin4327@example.com,804-954-5615,Alexandria,VA,United States,2023-10-05,Consumer
CUST04328,John,Taylor,john.taylor4328@example.com,804-120-5323,San Diego,CA,United States,2022-02-07,Consumer
CUST04329,Patricia,Jackson,patricia.jackson4329@example.com,804-905-5071,San Diego,CA,United States,2023-07-28,Corporate
CUST04330,Jessica,Lopez,jessica.lopez4330@example.com,804-505-4637,Richmond,VA,United States,2023-08-20,Corporate
CUST04331,Michael,Lopez,michael.lopez4331@example.com,804-216-6296,Houston,TX,United States,2022-06-12,Small Business
CUST04332,Linda,Williams,linda.williams4332@example.com,804-811-1758,Tacoma,WA,United States,2024-09-04,Small Business
CUST04333,Thomas,Rodriguez,thomas.rodriguez4333@example.com,804-468-7796,Orlando,FL,United States,2022-07-08,Consumer
CUST04334,James,Garcia,james.garcia4334@example.com,804-318-4867,San Francisco,CA,United States,2023-03-13,Small Business
CUST04335,Mary,Williams,mary.williams4335@example.com,804-679-3814,Seattle,WA,United States,2022-07-20,Corporate
CUST04336,Karen,Martin,karen.martin4336@example.com,804-115-1001,Tacoma,WA,United States,2022-11-23,Corporate
CUST04337,David,Rodriguez,david.rodriguez4337@example.com,804-275-6129,Bellevue,WA,United States,2024-04-05,Consumer
CUST04338,David,Moore,david.moore4338@example.com,804-185-2050,Chicago,IL,United States,2023-07-21,Small Business
CUST04339,Mary,Martinez,mary.martinez4339@example.com,804-864-4971,New York,NY,United States,2022-06-19,Consumer
CUST04340,David,Martin,david.martin4340@example.com,804-593-7655,Bellevue,WA,United States,2022-04-30,Small Business
CUST04341,William,Thomas,william.thomas4341@example.com,804-967-6363,Alexandria,VA,United States,2024-05-04,Corporate
CUST04342,David,Gonzalez,david.gonzalez4342@example.com,804-108-5478,Austin,TX,United States,2024-08-25,Consumer
CUST04343,William,Johnson,william.johnson4343@example.com,804-875-2796,Norfolk,VA,United States,2024-10-21,Small Business
CUST04344,William,Brown,william.brown4344@example.com,804-211-2897,Springfield,IL,United States,2024-10-18,Corporate
CUST04345,Patricia,Gonzalez,patricia.gonzalez4345@example.com,804-177-9179,San Jose,CA,United States,2025-02-13,Small Business
CUST04346,Sarah,Johnson,sarah.johnson4346@example.com,804-855-9985,Orlando,FL,United States,2024-04-02,Corporate
CUST04347,Mary,Rodriguez,mary.rodriguez4347@example.com,804-385-3251,Albany,NY,United States,2022-07-07,Small Business
CUST04348,Robert,Gonzalez,robert.gonzalez4348@example.com,804-162-6677,Richmond,VA,United States,2024-12-21,Consumer
CUST04349,Linda,Anderson,linda.anderson4349@example.com,804-622-5129,Peoria,IL,United States,2022-12-29,Small Business
CUST04350,Elizabeth,Jones,elizabeth.jones4350@example.com,804-781-9272,New York,NY,United States,2024-04-21,Consumer
CUST04351,James,Anderson,james.anderson4351@example.com,804-110-1722,Richmond,VA,United States,2024-06-18,Corporate
CUST04352,Linda,Wilson,linda.wilson4352@example.com,804-710-8659,Rochester,NY,United States,2022-11-12,Corporate
CUST04353,Mary,Hernandez,mary.hernandez4353@example.com,804-430-1618,New York,NY,United States,2024-07-29,Consumer
CUST04354,John,Anderson,john.anderson4354@example.com,804-105-8352,New York,NY,United States,2025-01-04,Corporate
CUST04355,Elizabeth,Lopez,elizabeth.lopez4355@example.com,804-642-8010,Rochester,NY,United States,2024-06-13,Corporate
CUST04356,Jessica,Thomas,jessica.thomas4356@example.com,804-666-4810,Houston,TX,United States,2022-11-23,Corporate
CUST04357,Michael,Smith,michael.smith4357@example.com,804-262-8413,Springfield,IL,United States,2022-08-15,Consumer
CUST04358,Karen,Davis,karen.davis4358@example.com,804-903-1891,San Antonio,TX,United States,2024-08-07,Small Business
CUST04359,Mary,Lopez,mary.lopez4359@example.com,804-743-7407,Tampa,FL,United States,2023-08-10,Small Business
CUST04360,Karen,Smith,karen.smith4360@example.com,804-873-7635,San Diego,CA,United States,2022-12-05,Consumer
CUST04361,Patricia,Smith,patricia.smith4361@example.com,804-602-1630,Seattle,WA,United States,2022-11-01,Consumer
CUST04362,Jennifer,Johnson,jennifer.johnson4362@example.com,804-163-4710,Peoria,IL,United States,2023-05-09,Corporate
CUST04363,Nancy,Brown,nancy.brown4363@example.com,804-487-2259,New York,NY,United States,2024-03-12,Corporate
CUST04364,Daniel,Gonzalez,daniel.gonzalez4364@example.com,804-994-4159,Spokane,WA,United States,2025-01-14,Corporate
CUST04365,Susan,Davis,susan.davis4365@example.com,804-292-3364,Bellevue,WA,United States,2024-11-17,Consumer
CUST04366,William,Lopez,william.lopez4366@example.com,804-374-1300,Los Angeles,CA,United States,2024-03-04,Small Business
CUST04367,Thomas,Miller,thomas.miller4367@example.com,804-304-5710,Bellevue,WA,United States,2022-07-18,Consumer
CUST04368,James,Wilson,james.wilson4368@example.com,804-627-5705,Norfolk,VA,United States,2025-01-10,Consumer
CUST04369,Daniel,Davis,daniel.davis4369@example.com,804-163-4688,Los Angeles,CA,United States,2023-07-21,Small Business
CUST04370,Jessica,Smith,jessica.smith4370@example.com,804-382-5013,Peoria,IL,United States,2022-03-20,Corporate
CUST04371,Elizabeth,Martinez,elizabeth.martinez4371@example.com,804-941-4974,Richmond,VA,United States,2023-10-07,Consumer
CUST04372,Sarah,Taylor,sarah.taylor4372@example.com,804-535-5307,Miami,FL,United States,2022-11-24,Corporate
CUST04373,Mary,Hernandez,mary.hernandez4373@example.com,804-658-6370,Chicago,IL,United States,2022-08-31,Corporate
CUST04374,Karen,Taylor,karen.taylor4374@example.com,804-284-8941,Seattle,WA,United States,2025-01-14,Corporate
CUST04375,Jennifer,Taylor,jennifer.taylor4375@example.com,804-452-6156,New York,NY,United States,2024-06-29,Consumer
CUST04376,Robert,Moore,robert.moore4376@example.com,804-157-2918,New York,NY,United States,2023-10-17,Consumer
CUST04377,John,Williams,john.williams4377@example.com,804-585-6661,Bellevue,WA,United States,2025-02-06,Consumer
CUST04378,Nancy,Brown,nancy.brown4378@example.com,804-125-6879,Tampa,FL,United States,2022-06-29,Small Business
CUST04379,Robert,Smith,robert.smith4379@example.com,804-747-1683,Chicago,IL,United States,2024-10-05,Corporate
CUST04380,David,Wilson,david.wilson4380@example.com,804-584-7671,Orlando,FL,United States,2023-03-19,Small Business
CUST04381,Joseph,Moore,joseph.moore4381@example.com,804-623-8626,Tampa,FL,United States,2024-07-06,Small Business
CUST04382,Robert,Lopez,robert.lopez4382@example.com,804-152-7012,Dallas,TX,United States,2022-04-10,Corporate
CUST04383,Thomas,Williams,thomas.williams4383@example.com,804-588-4361,Austin,TX,United States,2022-09-10,Small Business
CUST04384,Robert,Hernandez,robert.hernandez4384@example.com,804-540-7379,Miami,FL,United States,2025-03-08,Small Business
CUST04385,Elizabeth,Miller,elizabeth.miller4385@example.com,804-773-6017,Norfolk,VA,United States,2023-02-04,Small Business
CUST04386,Nancy,Rodriguez,nancy.rodriguez4386@example.com,804-476-1519,Rochester,NY,United States,2025-02-04,Small Business
CUST04387,Elizabeth,Gonzalez,elizabeth.gonzalez4387@example.com,804-558-8846,Springfield,IL,United States,2022-08-09,Corporate
CUST04388,Mary,Jones,mary.jones4388@example.com,804-929-4443,Houston,TX,United States,2023-07-30,Consumer
CUST04389,Charles,Davis,charles.davis4389@example.com,804-432-1443,San Francisco,CA,United States,2022-01-09,Small Business
CUST04390,Sarah,Smith,sarah.smith4390@example.com,804-351-9950,New York,NY,United States,2022-02-19,Corporate
CUST04391,Elizabeth,Anderson,elizabeth.anderson4391@example.com,804-143-3624,San Francisco,CA,United States,2022-11-09,Corporate
CUST04392,Nancy,Wilson,nancy.wilson4392@example.com,804-129-6847,Virginia Beach,VA,United States,2024-04-26,Consumer
CUST04393,Charles,Johnson,charles.johnson4393@example.com,804-974-1707,Tacoma,WA,United States,2023-02-17,Small Business
CUST04394,Daniel,Moore,daniel.moore4394@example.com,804-151-8646,Austin,TX,United States,2024-08-08,Corporate
CUST04395,Joseph,Jones,joseph.jones4395@example.com,804-776-7783,Los Angeles,CA,United States,2025-02-27,Consumer
CUST04396,Jennifer,Taylor,jennifer.taylor4396@example.com,804-687-7344,Chicago,IL,United States,2024-05-17,Consumer
CUST04397,Joseph,Taylor,joseph.taylor4397@example.com,804-702-1769,Chicago,IL,United States,2022-11-23,Corporate
CUST04398,Jennifer,Moore,jennifer.moore4398@example.com,804-615-1380,Naperville,IL,United States,2024-02-12,Corporate
CUST04399,Thomas,Martin,thomas.martin4399@example.com,804-781-8476,Dallas,TX,United States,2023-08-08,Small Business
CUST04400,Mary,Moore,mary.moore4400@example.com,804-842-1071,San Diego,CA,United States,2023-06-26,Small Business
CUST04401,William,Rodriguez,william.rodriguez4401@example.com,804-145-5451,Jacksonville,FL,United States,2025-02-02,Small Business
CUST04402,David,Moore,david.moore4402@example.com,804-161-3994,Alexandria,VA,United States,2022-10-05,Consumer
CUST04403,Charles,Smith,charles.smith4403@example.com,804-157-6245,Alexandria,VA,United States,2024-04-29,Small Business
CUST04404,Elizabeth,Davis,elizabeth.davis4404@example.com,804-842-1141,Chicago,IL,United States,2024-12-23,Small Business
CUST04405,David,Davis,david.davis4405@example.com,804-852-9616,Richmond,VA,United States,2022-09-17,Small Business
CUST04406,John,Hernandez,john.hernandez4406@example.com,804-751-2612,Spokane,WA,United States,2024-09-23,Consumer
CUST04407,John,Martinez,john.martinez4407@example.com,804-784-6541,Tacoma,WA,United States,2022-09-02,Corporate
CUST04408,Nancy,Martin,nancy.martin4408@example.com,804-955-2822,Albany,NY,United States,2023-05-20,Corporate
CUST04409,Linda,Johnson,linda.johnson4409@example.com,804-238-1524,Rochester,NY,United States,2024-04-16,Small Business
CUST04410,Thomas,Taylor,thomas.taylor4410@example.com,804-882-2883,Rochester,NY,United States,2023-06-03,Corporate
CUST04411,Joseph,Jones,joseph.jones4411@example.com,804-962-8003,San Francisco,CA,United States,2024-11-12,Corporate
CUST04412,David,Martinez,david.martinez4412@example.com,804-907-7912,Austin,TX,United States,2023-11-16,Corporate
CUST04413,Daniel,Martin,daniel.martin4413@example.com,804-835-7881,San Francisco,CA,United States,2022-11-28,Corporate
CUST04414,James,Brown,james.brown4414@example.com,804-629-3681,Albany,NY,United States,2022-08-02,Corporate
CUST04415,Karen,Wilson,karen.wilson4415@example.com,804-238-4324,Springfield,IL,United States,2023-04-30,Small Business
CUST04416,Joseph,Jones,joseph.jones4416@example.com,804-764-9208,Austin,TX,United States,2023-06-02,Small Business
CUST04417,Jessica,Williams,jessica.williams4417@example.com,804-481-9146,San Diego,CA,United States,2024-01-09,Corporate
CUST04418,Elizabeth,Miller,elizabeth.miller4418@example.com,804-264-7724,Richmond,VA,United States,2023-09-18,Consumer
CUST04419,James,Gonzalez,james.gonzalez4419@example.com,804-941-8011,Los Angeles,CA,United States,2022-06-08,Corporate
CUST04420,Mary,Jackson,mary.jackson4420@example.com,804-719-1594,Bellevue,WA,United States,2022-06-04,Small Business
CUST04421,Mary,Martin,mary.martin4421@example.com,804-954-6293,San Francisco,CA,United States,2024-03-14,Corporate
CUST04422,Linda,Johnson,linda.johnson4422@example.com,804-990-5403,Los Angeles,CA,United States,2024-08-29,Corporate
CUST04423,Sarah,Martinez,sarah.martinez4423@example.com,804-422-3963,Tacoma,WA,United States,2022-01-09,Small Business
CUST04424,Karen,Jackson,karen.jackson4424@example.com,804-611-4248,Jacksonville,FL,United States,2023-02-09,Consumer
CUST04425,Susan,Gonzalez,susan.gonzalez4425@example.com,804-160-9719,Miami,FL,United States,2022-04-04,Small Business
CUST04426,John,Brown,john.brown4426@example.com,804-785-5142,Bellevue,WA,United States,2022-07-10,Consumer
CUST04427,James,Wilson,james.wilson4427@example.com,804-530-5214,Buffalo,NY,United States,2022-10-30,Consumer
CUST04428,Elizabeth,Wilson,elizabeth.wilson4428@example.com,804-162-6240,Buffalo,NY,United States,2024-06-01,Consumer
CUST04429,William,Williams,william.williams4429@example.com,804-620-7127,San Francisco,CA,United States,2022-01-31,Small Business
CUST04430,Karen,Moore,karen.moore4430@example.com,804-713-9086,Peoria,IL,United States,2023-12-05,Corporate
CUST04431,Mary,Rodriguez,mary.rodriguez4431@example.com,804-267-9673,Chicago,IL,United States,2023-12-07,Small Business
CUST04432,Linda,Johnson,linda.johnson4432@example.com,804-846-4784,Seattle,WA,United States,2024-03-28,Consumer
CUST04433,Robert,Martin,robert.martin4433@example.com,804-758-5706,Alexandria,VA,United States,2023-07-26,Consumer
CUST04434,Robert,Jackson,robert.jackson4434@example.com,804-637-8021,Naperville,IL,United States,2023-12-08,Corporate
CUST04435,Mary,Martinez,mary.martinez4435@example.com,804-368-7444,Bellevue,WA,United States,2024-07-19,Small Business
CUST04436,Robert,Taylor,robert.taylor4436@example.com,804-914-1166,Austin,TX,United States,2022-07-30,Corporate
CUST04437,John,Smith,john.smith4437@example.com,804-398-3846,San Francisco,CA,United States,2025-02-18,Small Business
CUST04438,Linda,Williams,linda.williams4438@example.com,804-231-9237,Norfolk,VA,United States,2022-09-26,Consumer
CUST04439,Nancy,Thomas,nancy.thomas4439@example.com,804-628-2170,Seattle,WA,United States,2023-01-04,Consumer
CUST04440,Daniel,Jackson,daniel.jackson4440@example.com,804-861-5276,Miami,FL,United States,2024-01-11,Consumer
CUST04441,Joseph,Lopez,joseph.lopez4441@example.com,804-309-5345,San Diego,CA,United States,2023-04-02,Corporate
CUST04442,James,Taylor,james.taylor4442@example.com,804-321-2165,Seattle,WA,United States,2024-04-28,Small Business
CUST04443,Elizabeth,Davis,elizabeth.davis4443@example.com,804-375-6343,Rochester,NY,United States,2025-01-10,Small Business
CUST04444,Patricia,Jones,patricia.jones4444@example.com,804-203-2169,Orlando,FL,United States,2022-05-31,Consumer
CUST04445,Patricia,Taylor,patricia.taylor4445@example.com,804-886-9122,San Jose,CA,United States,2023-06-09,Small Business
CUST04446,Thomas,Anderson,thomas.anderson4446@example.com,804-976-1463,San Francisco,CA,United States,2022-04-30,Corporate
CUST04447,James,Gonzalez,james.gonzalez4447@example.com,804-554-7630,San Antonio,TX,United States,2023-03-22,Consumer
CUST04448,Michael,Jones,michael.jones4448@example.com,804-103-9126,Norfolk,VA,United States,2024-07-16,Small Business
CUST04449,Sarah,Johnson,sarah.johnson4449@example.com,804-629-9171,Virginia Beach,VA,United States,2024-06-22,Corporate
CUST04450,Michael,Martin,michael.martin4450@example.com,804-679-2783,Jacksonville,FL,United States,2023-02-04,Small Business
CUST04451,Patricia,Jackson,patricia.jackson4451@example.com,804-563-3516,Orlando,FL,United States,2024-11-04,Small Business
CUST04452,Nancy,Smith,nancy.smith4452@example.com,804-423-6138,San Francisco,CA,United States,2023-12-22,Consumer
CUST04453,Karen,Thomas,karen.thomas4453@example.com,804-297-4355,San Jose,CA,United States,2023-11-10,Consumer
CUST04454,Linda,Williams,linda.williams4454@example.com,804-437-7273,Tacoma,WA,United States,2023-09-04,Consumer
CUST04455,Patricia,Anderson,patricia.anderson4455@example.com,804-215-1334,Norfolk,VA,United States,2022-04-14,Consumer
CUST04456,Charles,Wilson,charles.wilson4456@example.com,804-157-1081,Albany,NY,United States,2024-12-04,Corporate
CUST04457,David,Davis,david.davis4457@example.com,804-197-1045,Miami,FL,United States,2024-05-13,Corporate
CUST04458,Joseph,Martin,joseph.martin4458@example.com,804-748-3748,Dallas,TX,United States,2025-02-13,Small Business
CUST04459,Elizabeth,Gonzalez,elizabeth.gonzalez4459@example.com,804-627-8794,Tacoma,WA,United States,2023-01-02,Corporate
CUST04460,Susan,Garcia,susan.garcia4460@example.com,804-603-3195,Naperville,IL,United States,2023-02-27,Small Business
CUST04461,Nancy,Miller,nancy.miller4461@example.com,804-406-5113,Chicago,IL,United States,2023-09-28,Small Business
CUST04462,Patricia,Jackson,patricia.jackson4462@example.com,804-794-7297,Peoria,IL,United States,2023-07-08,Consumer
CUST04463,Karen,Rodriguez,karen.rodriguez4463@example.com,804-780-2219,San Diego,CA,United States,2024-10-06,Corporate
CUST04464,Jessica,Taylor,jessica.taylor4464@example.com,804-428-2799,New York,NY,United States,2024-06-29,Small Business
CUST04465,Patricia,Smith,patricia.smith4465@example.com,804-563-3139,Houston,TX,United States,2024-12-24,Consumer
CUST04466,William,Rodriguez,william.rodriguez4466@example.com,804-179-7687,Spokane,WA,United States,2024-04-28,Corporate
CUST04467,James,Williams,james.williams4467@example.com,,Naperville,IL,United States,2022-04-22,Consumer
CUST04468,Jennifer,Gonzalez,jennifer.gonzalez4468@example.com,804-487-5982,Naperville,IL,United States,2023-12-02,Corporate
CUST04469,Joseph,Lopez,joseph.lopez4469@example.com,804-702-8808,Peoria,IL,United States,2023-01-30,Corporate
CUST04470,Mary,Hernandez,mary.hernandez4470@example.com,804-729-1344,San Francisco,CA,United States,2024-11-30,Small Business
CUST04471,Nancy,Martinez,nancy.martinez4471@example.com,804-418-8950,Bellevue,WA,United States,2023-01-16,Small Business
CUST04472,Patricia,Gonzalez,patricia.gonzalez4472@example.com,804-325-1207,Spokane,WA,United States,2023-03-28,Corporate
CUST04473,Elizabeth,Garcia,elizabeth.garcia4473@example.com,804-171-7846,Miami,FL,United States,2024-10-02,Consumer
CUST04474,Daniel,Gonzalez,daniel.gonzalez4474@example.com,804-214-1827,San Jose,CA,United States,2022-04-26,Corporate
CUST04475,Mary,Davis,mary.davis4475@example.com,804-690-1960,Alexandria,VA,United States,2022-04-29,Corporate
CUST04476,Daniel,Thomas,daniel.thomas4476@example.com,804-708-5670,Alexandria,VA,United States,2023-02-20,Corporate
CUST04477,Nancy,Gonzalez,nancy.gonzalez4477@example.com,804-377-7884,Chicago,IL,United States,2025-01-30,Consumer
CUST04478,Charles,Davis,charles.davis4478@example.com,804-418-8685,San Francisco,CA,United States,2025-01-13,Corporate
CUST04479,Charles,Jones,charles.jones4479@example.com,804-736-7607,Buffalo,NY,United States,2024-07-21,Small Business
CUST04480,Jessica,Garcia,jessica.garcia4480@example.com,804-812-4839,Norfolk,VA,United States,2024-10-25,Consumer
CUST04481,Daniel,Anderson,daniel.anderson4481@example.com,804-933-6455,San Jose,CA,United States,2023-06-12,Small Business
CUST04482,Michael,Miller,michael.miller4482@example.com,804-189-2075,Alexandria,VA,United States,2022-11-07,Corporate
CUST04483,Charles,Williams,charles.williams4483@example.com,804-647-3990,New York,NY,United States,2025-01-02,Corporate
CUST04484,Nancy,Brown,nancy.brown4484@example.com,804-530-6342,Springfield,IL,United States,2024-07-09,Consumer
CUST04485,Jennifer,Miller,jennifer.miller4485@example.com,804-518-4863,Chicago,IL,United States,2024-02-05,Corporate
CUST04486,Linda,Brown,linda.brown4486@example.com,804-624-2221,Chicago,IL,United States,2024-01-17,Small Business
CUST04487,James,Smith,james.smith4487@example.com,804-542-6001,Rochester,NY,United States,2022-04-09,Corporate
CUST04488,Susan,Moore,susan.moore4488@example.com,804-878-4649,San Jose,CA,United States,2022-07-21,Small Business
CUST04489,Karen,Jackson,karen.jackson4489@example.com,804-908-9763,Los Angeles,CA,United States,2022-11-25,Small Business
CUST04490,Jessica,Johnson,jessica.johnson4490@example.com,804-952-5775,Peoria,IL,United States,2024-12-06,Corporate
CUST04491,Jessica,Gonzalez,jessica.gonzalez4491@example.com,804-801-3492,Los Angeles,CA,United States,2024-09-03,Small Business
CUST04492,Jessica,Thomas,jessica.thomas4492@example.com,804-861-6646,Los Angeles,CA,United States,2023-12-03,Small Business
CUST04493,James,Rodriguez,james.rodriguez4493@example.com,804-819-6280,Jacksonville,FL,United States,2024-09-19,Small Business
CUST04494,James,Johnson,james.johnson4494@example.com,804-474-2056,Houston,TX,United States,2023-02-09,Small Business
CUST04495,John,Anderson,john.anderson4495@example.com,804-802-6080,Rochester,NY,United States,2022-12-31,Small Business
CUST04496,Jessica,Rodriguez,jessica.rodriguez4496@example.com,804-963-6672,Chicago,IL,United States,2023-07-08,Small Business
CUST04497,Susan,Williams,susan.williams4497@example.com,804-239-7611,Miami,FL,United States,2022-06-19,Consumer
CUST04498,Robert,Jones,robert.jones4498@example.com,804-644-6363,Alexandria,VA,United States,2024-08-27,Small Business
CUST04499,Jessica,Taylor,jessica.taylor4499@example.com,804-370-4252,Dallas,TX,United States,2024-01-09,Small Business
CUST04500,Jennifer,Williams,jennifer.williams4500@example.com,804-420-6552,Houston,TX,United States,2022-08-29,Corporate
CUST04501,Patricia,Lopez,patricia.lopez4501@example.com,804-658-6939,Seattle,WA,United States,2023-03-08,Corporate
CUST04502,Michael,Thomas,michael.thomas4502@example.com,804-724-9109,New York,NY,United States,2024-10-29,Consumer
CUST04503,Jennifer,Hernandez,jennifer.hernandez4503@example.com,804-340-5114,Dallas,TX,United States,2022-10-29,Small Business
CUST04504,Daniel,Lopez,daniel.lopez4504@example.com,804-433-8162,Bellevue,WA,United States,2025-03-25,Consumer
CUST04505,Linda,Lopez,linda.lopez4505@example.com,804-977-6336,Los Angeles,CA,United States,2024-05-10,Corporate
CUST04506,Elizabeth,Taylor,elizabeth.taylor4506@example.com,804-978-9864,Austin,TX,United States,2022-03-27,Consumer
CUST04507,Susan,Taylor,susan.taylor4507@example.com,804-988-8402,Virginia Beach,VA,United States,2025-03-26,Consumer
CUST04508,Jennifer,Lopez,jennifer.lopez4508@example.com,804-119-9578,Bellevue,WA,United States,2023-03-22,Consumer
CUST04509,Robert,Wilson,robert.wilson4509@example.com,804-571-7115,Dallas,TX,United States,2022-06-19,Consumer
CUST04510,Robert,Anderson,robert.anderson4510@example.com,804-885-2563,Chicago,IL,United States,2023-03-17,Corporate
CUST04511,David,Gonzalez,david.gonzalez4511@example.com,804-191-4872,Bellevue,WA,United States,2023-03-10,Corporate
CUST04512,Sarah,Smith,sarah.smith4512@example.com,804-618-4019,Miami,FL,United States,2023-11-13,Small Business
CUST04513,John,Garcia,john.garcia4513@example.com,804-989-7395,Springfield,IL,United States,2023-04-02,Corporate
CUST04514,Michael,Thomas,michael.thomas4514@example.com,804-440-2864,Bellevue,WA,United States,2023-07-07,Consumer
CUST04515,Robert,Garcia,robert.garcia4515@example.com,804-310-5597,Houston,TX,United States,2025-01-14,Corporate
CUST04516,Robert,Jackson,robert.jackson4516@example.com,804-630-1931,Jacksonville,FL,United States,2022-09-07,Corporate
CUST04517,Joseph,Johnson,joseph.johnson4517@example.com,804-916-4316,Peoria,IL,United States,2025-03-13,Small Business
CUST04518,Mary,Gonzalez,mary.gonzalez4518@example.com,804-731-3308,Springfield,IL,United States,2024-11-28,Consumer
CUST04519,Charles,Gonzalez,charles.gonzalez4519@example.com,804-619-7115,San Jose,CA,United States,2023-01-15,Small Business
CUST04520,Mary,Davis,mary.davis4520@example.com,804-485-6456,Virginia Beach,VA,United States,2022-01-26,Small Business
CUST04521,Jennifer,Hernandez,jennifer.hernandez4521@example.com,804-407-2201,Chicago,IL,United States,2024-02-25,Consumer
CUST04522,Charles,Moore,charles.moore4522@example.com,804-877-9503,Miami,FL,United States,2025-01-28,Corporate
CUST04523,John,Smith,john.smith4523@example.com,804-862-3857,Richmond,VA,United States,2023-08-02,Consumer
CUST04524,Jessica,Taylor,jessica.taylor4524@example.com,804-393-5277,San Jose,CA,United States,2025-02-17,Corporate
CUST04525,Robert,Brown,robert.brown4525@example.com,804-979-9099,Tacoma,WA,United States,2022-12-22,Corporate
CUST04526,Karen,Davis,karen.davis4526@example.com,804-156-5987,Seattle,WA,United States,2022-06-05,Consumer
CUST04527,Linda,Johnson,linda.johnson4527@example.com,804-437-7157,Bellevue,WA,United States,2025-03-13,Small Business
CUST04528,Patricia,Moore,patricia.moore4528@example.com,804-968-8741,Los Angeles,CA,United States,2022-05-15,Corporate
CUST04529,Linda,Brown,linda.brown4529@example.com,804-733-8221,San Diego,CA,United States,2024-03-02,Corporate
CUST04530,Robert,Miller,robert.miller4530@example.com,804-640-2856,San Diego,CA,United States,2022-05-28,Corporate
CUST04531,Jennifer,Davis,jennifer.davis4531@example.com,804-638-9920,Tacoma,WA,United States,2024-10-08,Small Business
CUST04532,David,Martin,david.martin4532@example.com,804-323-1398,Tacoma,WA,United States,2022-02-19,Corporate
CUST04533,Thomas,Garcia,thomas.garcia4533@example.com,804-205-1158,Richmond,VA,United States,2025-02-07,Small Business
CUST04534,Mary,Smith,mary.smith4534@example.com,804-774-3963,Seattle,WA,United States,2024-07-30,Corporate
CUST04535,Jennifer,Jones,jennifer.jones4535@example.com,804-778-8352,Houston,TX,United States,2022-06-03,Consumer
CUST04536,Karen,Williams,karen.williams4536@example.com,804-986-5542,Spokane,WA,United States,2022-01-11,Corporate
CUST04537,Linda,Gonzalez,linda.gonzalez4537@example.com,804-602-3567,San Francisco,CA,United States,2024-10-11,Consumer
CUST04538,Mary,Jackson,mary.jackson4538@example.com,804-806-6748,Miami,FL,United States,2024-06-07,Consumer
CUST04539,James,Brown,james.brown4539@example.com,804-433-2117,Virginia Beach,VA,United States,2024-05-12,Consumer
CUST04540,William,Gonzalez,william.gonzalez4540@example.com,804-999-6950,San Francisco,CA,United States,2023-05-16,Small Business
CUST04541,David,Brown,david.brown4541@example.com,804-705-7484,Dallas,TX,United States,2022-09-15,Corporate
CUST04542,Daniel,Jones,daniel.jones4542@example.com,804-195-4301,New York,NY,United States,2024-09-05,Corporate
CUST04543,Jessica,Hernandez,jessica.hernandez4543@example.com,804-327-7289,Dallas,TX,United States,2025-02-27,Consumer
CUST04544,Susan,Thomas,susan.thomas4544@example.com,804-203-6244,Buffalo,NY,United States,2023-03-30,Small Business
CUST04545,Karen,Martinez,karen.martinez4545@example.com,804-599-6907,San Francisco,CA,United States,2022-10-18,Consumer
CUST04546,Charles,Davis,charles.davis4546@example.com,804-471-1089,Chicago,IL,United States,2023-07-03,Consumer
CUST04547,Susan,Lopez,susan.lopez4547@example.com,804-758-3643,Tampa,FL,United States,2024-03-06,Consumer
CUST04548,Nancy,Smith,nancy.smith4548@example.com,804-197-7148,Dallas,TX,United States,2022-12-13,Corporate
CUST04549,Nancy,Smith,nancy.smith4549@example.com,804-884-6718,Richmond,VA,United States,2022-08-18,Consumer
CUST04550,Daniel,Garcia,daniel.garcia4550@example.com,804-462-1342,Alexandria,VA,United States,2024-08-27,Corporate
CUST04551,Jennifer,Jones,jennifer.jones4551@example.com,804-790-8066,Naperville,IL,United States,2023-02-06,Corporate
CUST04552,Karen,Thomas,karen.thomas4552@example.com,804-103-5212,Tacoma,WA,United States,2022-01-21,Small Business
CUST04553,James,Davis,james.davis4553@example.com,804-599-7170,Norfolk,VA,United States,2023-04-11,Corporate
CUST04554,Robert,Thomas,robert.thomas4554@example.com,804-323-2055,San Francisco,CA,United States,2023-08-29,Corporate
CUST04555,James,Moore,james.moore4555@example.com,804-732-1302,Los Angeles,CA,United States,2022-10-25,Corporate
CUST04556,Sarah,Miller,sarah.miller4556@example.com,804-930-8357,Rochester,NY,United States,2023-06-05,Small Business
CUST04557,Jessica,Williams,jessica.williams4557@example.com,804-263-5277,Los Angeles,CA,United States,2025-03-04,Corporate
CUST04558,William,Wilson,william.wilson4558@example.com,804-254-4245,Naperville,IL,United States,2024-06-24,Corporate
CUST04559,Sarah,Johnson,sarah.johnson4559@example.com,804-277-6947,Bellevue,WA,United States,2022-01-27,Consumer
CUST04560,Michael,Williams,michael.williams4560@example.com,804-531-4055,Austin,TX,United States,2022-07-11,Consumer
CUST04561,Susan,Martinez,susan.martinez4561@example.com,804-795-1517,San Francisco,CA,United States,2024-01-28,Consumer
CUST04562,Thomas,Martin,thomas.martin4562@example.com,804-667-3698,San Jose,CA,United States,2025-01-30,Small Business
CUST04563,Michael,Miller,michael.miller4563@example.com,804-879-9899,Bellevue,WA,United States,2022-07-31,Consumer
CUST04564,Susan,Wilson,susan.wilson4564@example.com,804-391-7331,San Diego,CA,United States,2022-05-05,Corporate
CUST04565,Sarah,Gonzalez,sarah.gonzalez4565@example.com,804-491-3778,Rochester,NY,United States,2025-02-10,Corporate
CUST04566,Susan,Johnson,susan.johnson4566@example.com,804-913-3543,Chicago,IL,United States,2023-09-19,Corporate
CUST04567,Daniel,Jackson,daniel.jackson4567@example.com,804-247-9535,San Antonio,TX,United States,2022-09-03,Corporate
CUST04568,Patricia,Rodriguez,patricia.rodriguez4568@example.com,804-244-1183,Dallas,TX,United States,2023-10-23,Consumer
CUST04569,Karen,Wilson,karen.wilson4569@example.com,804-981-9668,New York,NY,United States,2025-01-04,Consumer
CUST04570,Michael,Martin,michael.martin4570@example.com,804-115-8095,Seattle,WA,United States,2023-11-25,Corporate
CUST04571,Karen,Davis,karen.davis4571@example.com,804-639-5743,Seattle,WA,United States,2023-04-10,Consumer
CUST04572,Sarah,Anderson,sarah.anderson4572@example.com,804-695-3015,Bellevue,WA,United States,2022-10-19,Small Business
CUST04573,Sarah,Brown,sarah.brown4573@example.com,804-462-8946,Jacksonville,FL,United States,2022-03-13,Corporate
CUST04574,Susan,Rodriguez,susan.rodriguez4574@example.com,804-353-9353,San Francisco,CA,United States,2022-08-27,Corporate
CUST04575,Karen,Martinez,karen.martinez4575@example.com,804-523-9115,Houston,TX,United States,2023-10-13,Corporate
CUST04576,Thomas,Martin,thomas.martin4576@example.com,804-332-3688,San Antonio,TX,United States,2023-01-04,Small Business
CUST04577,William,Davis,william.davis4577@example.com,804-730-2291,Richmond,VA,United States,2023-01-26,Small Business
CUST04578,Jessica,Gonzalez,jessica.gonzalez4578@example.com,804-164-4826,Spokane,WA,United States,2022-08-12,Corporate
CUST04579,Joseph,Taylor,joseph.taylor4579@example.com,804-898-9306,Springfield,IL,United States,2022-11-04,Corporate
CUST04580,John,Wilson,john.wilson4580@example.com,804-205-8713,San Jose,CA,United States,2022-06-27,Consumer
CUST04581,Linda,Wilson,linda.wilson4581@example.com,804-846-4522,Springfield,IL,United States,2024-06-23,Corporate
CUST04582,Michael,Williams,michael.williams4582@example.com,804-176-4087,Tampa,FL,United States,2023-01-30,Corporate
CUST04583,Patricia,Wilson,patricia.wilson4583@example.com,804-166-2780,Springfield,IL,United States,2024-04-27,Small Business
CUST04584,Jennifer,Smith,jennifer.smith4584@example.com,804-651-8888,Virginia Beach,VA,United States,2023-06-07,Consumer
CUST04585,William,Hernandez,william.hernandez4585@example.com,804-298-2052,Rochester,NY,United States,2023-09-18,Small Business
CUST04586,Karen,Hernandez,karen.hernandez4586@example.com,804-336-8756,Orlando,FL,United States,2024-04-08,Small Business
CUST04587,Charles,Martin,charles.martin4587@example.com,804-146-3041,Buffalo,NY,United States,2025-01-28,Corporate
CUST04588,Charles,Brown,charles.brown4588@example.com,804-631-9675,Norfolk,VA,United States,2024-06-06,Consumer
CUST04589,William,Williams,william.williams4589@example.com,804-391-7588,Miami,FL,United States,2022-09-23,Small Business
CUST04590,Jennifer,Wilson,jennifer.wilson4590@example.com,804-809-7185,San Francisco,CA,United States,2023-02-25,Consumer
CUST04591,Thomas,Miller,thomas.miller4591@example.com,804-368-4197,Bellevue,WA,United States,2023-02-17,Small Business
CUST04592,Thomas,Jones,thomas.jones4592@example.com,804-862-1113,Tacoma,WA,United States,2023-02-17,Corporate
CUST04593,James,Taylor,james.taylor4593@example.com,804-214-2325,Tacoma,WA,United States,2023-07-22,Corporate
CUST04594,Daniel,Garcia,daniel.garcia4594@example.com,804-807-7670,Peoria,IL,United States,2023-02-09,Small Business
CUST04595,Linda,Thomas,linda.thomas4595@example.com,804-599-2691,Springfield,IL,United States,2022-11-27,Small Business
CUST04596,Michael,Jackson,michael.jackson4596@example.com,804-355-1559,Austin,TX,United States,2024-10-28,Consumer
CUST04597,John,Wilson,john.wilson4597@example.com,804-418-2190,San Diego,CA,United States,2023-05-16,Small Business
CUST04598,Joseph,Smith,joseph.smith4598@example.com,804-114-8734,San Antonio,TX,United States,2023-09-27,Consumer
CUST04599,William,Taylor,william.taylor4599@example.com,804-811-1496,Miami,FL,United States,2022-01-08,Consumer
CUST04600,Karen,Williams,karen.williams4600@example.com,804-748-4627,Dallas,TX,United States,2024-06-28,Small Business
CUST04601,Daniel,Davis,daniel.davis4601@example.com,804-911-4011,Seattle,WA,United States,2025-02-13,Corporate
CUST04602,William,Wilson,william.wilson4602@example.com,804-424-5015,Tampa,FL,United States,2023-05-27,Corporate
CUST04603,Linda,Garcia,linda.garcia4603@example.com,804-407-9383,San Francisco,CA,United States,2022-12-09,Corporate
CUST04604,David,Wilson,david.wilson4604@example.com,804-937-7370,Tacoma,WA,United States,2023-04-19,Corporate
CUST04605,Daniel,Rodriguez,daniel.rodriguez4605@example.com,804-383-2269,Alexandria,VA,United States,2022-03-18,Consumer
CUST04606,William,Martinez,william.martinez4606@example.com,804-675-4302,Richmond,VA,United States,2022-11-21,Corporate
CUST04607,Elizabeth,Taylor,elizabeth.taylor4607@example.com,804-935-8351,Rochester,NY,United States,2023-01-16,Small Business
CUST04608,John,Thomas,john.thomas4608@example.com,804-517-1415,Dallas,TX,United States,2024-07-14,Small Business
CUST04609,Nancy,Hernandez,nancy.hernandez4609@example.com,804-670-1806,Chicago,IL,United States,2023-05-07,Corporate
CUST04610,John,Wilson,john.wilson4610@example.com,804-514-4992,Tampa,FL,United States,2023-03-26,Small Business
CUST04611,Susan,Wilson,susan.wilson4611@example.com,804-462-4627,Seattle,WA,United States,2024-11-04,Corporate
CUST04612,Sarah,Taylor,sarah.taylor4612@example.com,804-617-4829,Buffalo,NY,United States,2023-07-21,Corporate
CUST04613,Charles,Miller,charles.miller4613@example.com,804-997-3722,Norfolk,VA,United States,2023-10-02,Consumer
CUST04614,Joseph,Johnson,joseph.johnson4614@example.com,804-432-1071,Buffalo,NY,United States,2023-07-05,Consumer
CUST04615,Sarah,Johnson,sarah.johnson4615@example.com,804-277-6453,Houston,TX,United States,2024-09-08,Small Business
CUST04616,Joseph,Brown,joseph.brown4616@example.com,804-838-7734,Chicago,IL,United States,2023-04-25,Consumer
CUST04617,James,Davis,james.davis4617@example.com,804-602-5185,Seattle,WA,United States,2023-09-15,Consumer
CUST04618,Karen,Smith,karen.smith4618@example.com,804-979-2968,Jacksonville,FL,United States,2023-10-15,Consumer
CUST04619,Patricia,Martin,patricia.martin4619@example.com,804-968-9231,Bellevue,WA,United States,2022-01-07,Consumer
CUST04620,John,Davis,john.davis4620@example.com,804-792-8716,Austin,TX,United States,2022-03-08,Corporate
CUST04621,Mary,Williams,mary.williams4621@example.com,804-473-6232,Norfolk,VA,United States,2024-07-07,Corporate
CUST04622,Robert,Moore,robert.moore4622@example.com,804-903-6584,Los Angeles,CA,United States,2024-10-11,Corporate
CUST04623,David,Thomas,david.thomas4623@example.com,804-685-7631,Austin,TX,United States,2022-08-26,Consumer
CUST04624,Joseph,Brown,joseph.brown4624@example.com,804-181-8217,Richmond,VA,United States,2023-12-04,Corporate
CUST04625,Jennifer,Martinez,jennifer.martinez4625@example.com,804-574-2497,Albany,NY,United States,2024-02-11,Small Business
CUST04626,Joseph,Martin,joseph.martin4626@example.com,804-967-6930,Norfolk,VA,United States,2024-07-27,Corporate
CUST04627,Karen,Miller,karen.miller4627@example.com,804-481-4184,Buffalo,NY,United States,2024-05-05,Consumer
CUST04628,Elizabeth,Martin,elizabeth.martin4628@example.com,804-843-1822,Peoria,IL,United States,2024-03-30,Small Business
CUST04629,Patricia,Taylor,patricia.taylor4629@example.com,804-137-5725,Norfolk,VA,United States,2024-11-25,Consumer
CUST04630,Jessica,Davis,jessica.davis4630@example.com,804-207-3262,Rochester,NY,United States,2023-06-17,Small Business
CUST04631,Linda,Anderson,linda.anderson4631@example.com,804-770-4412,Miami,FL,United States,2022-12-04,Consumer
CUST04632,Elizabeth,Miller,elizabeth.miller4632@example.com,804-381-6300,San Diego,CA,United States,2022-06-23,Corporate
CUST04633,Nancy,Smith,nancy.smith4633@example.com,804-510-7346,San Francisco,CA,United States,2023-01-15,Small Business
CUST04634,Mary,Gonzalez,mary.gonzalez4634@example.com,804-557-9632,Springfield,IL,United States,2024-05-08,Consumer
CUST04635,Susan,Brown,susan.brown4635@example.com,804-341-7536,Seattle,WA,United States,2023-08-07,Corporate
CUST04636,Sarah,Martin,sarah.martin4636@example.com,804-377-7275,Buffalo,NY,United States,2022-09-21,Corporate
CUST04637,Jessica,Thomas,jessica.thomas4637@example.com,804-221-3165,Albany,NY,United States,2024-07-13,Consumer
CUST04638,William,Smith,william.smith4638@example.com,804-673-9656,Austin,TX,United States,2023-09-03,Consumer
CUST04639,Joseph,Jackson,joseph.jackson4639@example.com,804-496-8977,New York,NY,United States,2023-04-28,Corporate
CUST04640,Charles,Martin,charles.martin4640@example.com,804-884-8846,Jacksonville,FL,United States,2022-01-17,Small Business
CUST04641,John,Martinez,john.martinez4641@example.com,804-139-5674,San Diego,CA,United States,2023-10-25,Small Business
CUST04642,Elizabeth,Rodriguez,elizabeth.rodriguez4642@example.com,804-154-8417,Norfolk,VA,United States,2023-01-17,Consumer
CUST04643,Robert,Thomas,robert.thomas4643@example.com,804-716-6473,Jacksonville,FL,United States,2022-05-11,Corporate
CUST04644,Karen,Thomas,karen.thomas4644@example.com,804-192-5025,New York,NY,United States,2024-07-23,Small Business
CUST04645,James,Davis,james.davis4645@example.com,804-333-6146,Virginia Beach,VA,United States,2025-02-18,Corporate
CUST04646,Patricia,Smith,patricia.smith4646@example.com,804-591-8521,Tampa,FL,United States,2024-12-31,Consumer
CUST04647,James,Brown,james.brown4647@example.com,804-503-8403,Dallas,TX,United States,2022-12-22,Small Business
CUST04648,Sarah,Martinez,sarah.martinez4648@example.com,804-881-8851,Bellevue,WA,United States,2023-05-17,Corporate
CUST04649,Jessica,Wilson,jessica.wilson4649@example.com,804-171-7615,Peoria,IL,United States,2024-12-16,Consumer
CUST04650,Joseph,Miller,joseph.miller4650@example.com,804-302-3333,Seattle,WA,United States,2023-05-11,Small Business
CUST04651,Nancy,Taylor,nancy.taylor4651@example.com,804-358-7592,Norfolk,VA,United States,2022-02-25,Corporate
CUST04652,Daniel,Thomas,daniel.thomas4652@example.com,804-503-5865,Richmond,VA,United States,2023-10-03,Corporate
CUST04653,William,Jackson,william.jackson4653@example.com,804-235-2784,Naperville,IL,United States,2023-08-12,Small Business
CUST04654,Karen,Johnson,karen.johnson4654@example.com,804-730-5088,Seattle,WA,United States,2022-12-28,Corporate
CUST04655,James,Smith,james.smith4655@example.com,804-352-7313,Tacoma,WA,United States,2022-02-08,Corporate
CUST04656,Joseph,Taylor,joseph.taylor4656@example.com,804-181-3775,Alexandria,VA,United States,2022-03-22,Consumer
CUST04657,David,Jones,david.jones4657@example.com,804-225-6132,Spokane,WA,United States,2022-01-30,Small Business
CUST04658,William,Jones,william.jones4658@example.com,804-965-2526,Alexandria,VA,United States,2024-11-25,Small Business
CUST04659,Daniel,Miller,daniel.miller4659@example.com,804-948-6385,Tacoma,WA,United States,2023-04-09,Corporate
CUST04660,Robert,Smith,robert.smith4660@example.com,804-558-7451,San Jose,CA,United States,2023-06-10,Corporate
CUST04661,Jennifer,Jackson,jennifer.jackson4661@example.com,804-388-2070,Spokane,WA,United States,2022-04-19,Consumer
CUST04662,John,Thomas,john.thomas4662@example.com,804-946-3302,Dallas,TX,United States,2024-04-15,Consumer
CUST04663,Susan,Lopez,susan.lopez4663@example.com,804-937-2008,Rochester,NY,United States,2022-05-11,Consumer
CUST04664,Jessica,Anderson,jessica.anderson4664@example.com,804-409-1848,Springfield,IL,United States,2024-06-11,Consumer
CUST04665,Charles,Martin,charles.martin4665@example.com,804-947-6471,Houston,TX,United States,2023-09-07,Consumer
CUST04666,William,Garcia,william.garcia4666@example.com,804-784-7927,Rochester,NY,United States,2022-09-14,Small Business
CUST04667,Charles,Williams,charles.williams4667@example.com,804-828-8448,Tacoma,WA,United States,2024-11-03,Corporate
CUST04668,William,Johnson,william.johnson4668@example.com,804-990-6198,Norfolk,VA,United States,2022-06-30,Consumer
CUST04669,Robert,Rodriguez,robert.rodriguez4669@example.com,804-527-6756,San Jose,CA,United States,2023-10-08,Consumer
CUST04670,James,Wilson,james.wilson4670@example.com,804-565-4580,Los Angeles,CA,United States,2023-12-16,Small Business
CUST04671,James,Davis,james.davis4671@example.com,804-487-6068,San Jose,CA,United States,2024-12-31,Consumer
CUST04672,William,Rodriguez,william.rodriguez4672@example.com,804-804-6249,Tacoma,WA,United States,2025-01-25,Corporate
CUST04673,Jennifer,Miller,jennifer.miller4673@example.com,804-673-9134,San Jose,CA,United States,2022-04-08,Consumer
CUST04674,Michael,Jackson,michael.jackson4674@example.com,804-749-4427,Los Angeles,CA,United States,2023-05-07,Consumer
CUST04675,Joseph,Jones,joseph.jones4675@example.com,804-823-6672,San Jose,CA,United States,2024-01-17,Small Business
CUST04676,Charles,Martinez,charles.martinez4676@example.com,804-915-6654,Jacksonville,FL,United States,2024-01-31,Small Business
CUST04677,Linda,Davis,linda.davis4677@example.com,804-173-1483,Orlando,FL,United States,2023-08-16,Small Business
CUST04678,Karen,Taylor,karen.taylor4678@example.com,804-550-9695,Tampa,FL,United States,2024-06-30,Consumer
CUST04679,James,Jackson,james.jackson4679@example.com,804-348-8302,Rochester,NY,United States,2023-01-04,Small Business
CUST04680,John,Moore,john.moore4680@example.com,804-758-9562,Jacksonville,FL,United States,2024-01-11,Corporate
CUST04681,James,Anderson,james.anderson4681@example.com,804-261-6232,Spokane,WA,United States,2023-12-01,Small Business
CUST04682,James,Miller,james.miller4682@example.com,804-926-9316,San Antonio,TX,United States,2022-07-23,Corporate
CUST04683,David,Johnson,david.johnson4683@example.com,804-597-6593,Seattle,WA,United States,2022-09-28,Small Business
CUST04684,Joseph,Jackson,joseph.jackson4684@example.com,804-694-1341,San Francisco,CA,United States,2023-08-12,Small Business
CUST04685,Karen,Rodriguez,karen.rodriguez4685@example.com,804-271-1678,Alexandria,VA,United States,2023-01-25,Consumer
CUST04686,William,Smith,william.smith4686@example.com,804-203-8926,Peoria,IL,United States,2023-04-28,Consumer
CUST04687,James,Brown,james.brown4687@example.com,804-875-7513,San Diego,CA,United States,2022-04-29,Corporate
CUST04688,John,Gonzalez,john.gonzalez4688@example.com,804-184-7427,Tampa,FL,United States,2022-09-14,Corporate
CUST04689,John,Smith,john.smith4689@example.com,804-553-6597,Virginia Beach,VA,United States,2023-12-11,Corporate
CUST04690,James,Moore,james.moore4690@example.com,804-767-1084,Houston,TX,United States,2023-01-30,Consumer
CUST04691,Charles,Davis,charles.davis4691@example.com,804-682-1765,Houston,TX,United States,2023-11-08,Consumer
CUST04692,John,Gonzalez,john.gonzalez4692@example.com,804-663-7189,Norfolk,VA,United States,2023-03-08,Consumer
CUST04693,Linda,Brown,linda.brown4693@example.com,804-233-5926,Alexandria,VA,United States,2022-10-15,Corporate
CUST04694,William,Thomas,william.thomas4694@example.com,804-909-7446,Los Angeles,CA,United States,2024-02-19,Consumer
CUST04695,Linda,Thomas,linda.thomas4695@example.com,804-225-9902,Virginia Beach,VA,United States,2022-05-29,Consumer
CUST04696,Nancy,Smith,nancy.smith4696@example.com,804-929-9733,Tampa,FL,United States,2024-08-22,Small Business
CUST04697,Patricia,Anderson,patricia.anderson4697@example.com,804-576-8021,San Jose,CA,United States,2024-03-11,Small Business
CUST04698,Thomas,Lopez,thomas.lopez4698@example.com,804-508-8555,Richmond,VA,United States,2023-04-07,Small Business
CUST04699,William,Thomas,william.thomas4699@example.com,804-879-4562,Miami,FL,United States,2022-02-12,Small Business
CUST04700,Elizabeth,Moore,,804-322-1704,Peoria,IL,United States,2023-10-07,Small Business
CUST04701,Michael,Miller,michael.miller4701@example.com,804-726-9922,Buffalo,NY,United States,2022-02-20,Consumer
CUST04702,Mary,Smith,mary.smith4702@example.com,804-457-6530,San Diego,CA,United States,2024-03-15,Corporate
CUST04703,Nancy,Wilson,nancy.wilson4703@example.com,804-315-9667,Spokane,WA,United States,2022-07-03,Consumer
CUST04704,Robert,Miller,robert.miller4704@example.com,804-267-2470,San Diego,CA,United States,2023-12-16,Corporate
CUST04705,Joseph,Davis,joseph.davis4705@example.com,804-885-1867,Springfield,IL,United States,2022-03-01,Small Business
CUST04706,James,Moore,james.moore4706@example.com,804-270-7018,Peoria,IL,United States,2022-06-11,Small Business
CUST04707,Linda,Johnson,linda.johnson4707@example.com,804-229-2519,Norfolk,VA,United States,2024-08-09,Consumer
CUST04708,Joseph,Taylor,joseph.taylor4708@example.com,804-197-8436,Los Angeles,CA,United States,2025-03-02,Corporate
CUST04709,Susan,Jones,susan.jones4709@example.com,804-595-4309,San Jose,CA,United States,2022-11-08,Small Business
CUST04710,Thomas,Smith,thomas.smith4710@example.com,804-543-5490,Alexandria,VA,United States,2024-12-13,Corporate
CUST04711,Patricia,Martinez,patricia.martinez4711@example.com,804-960-6093,Virginia Beach,VA,United States,2023-12-18,Corporate
CUST04712,Thomas,Martinez,thomas.martinez4712@example.com,804-570-8278,Austin,TX,United States,2022-12-20,Corporate
CUST04713,Sarah,Thomas,sarah.thomas4713@example.com,804-190-7357,Tacoma,WA,United States,2025-03-18,Small Business
CUST04714,Jennifer,Davis,jennifer.davis4714@example.com,804-371-1278,Peoria,IL,United States,2022-03-03,Small Business
CUST04715,Mary,Anderson,mary.anderson4715@example.com,804-886-2599,Seattle,WA,United States,2023-12-21,Small Business
CUST04716,Linda,Jones,linda.jones4716@example.com,804-603-3473,Houston,TX,United States,2023-09-21,Corporate
CUST04717,John,Lopez,john.lopez4717@example.com,804-923-9275,Naperville,IL,United States,2023-04-16,Corporate
CUST04718,Daniel,Smith,daniel.smith4718@example.com,804-189-6257,Virginia Beach,VA,United States,2025-01-26,Small Business
CUST04719,Mary,Miller,mary.miller4719@example.com,804-754-9552,Los Angeles,CA,United States,2023-12-21,Consumer
CUST04720,Daniel,Miller,daniel.miller4720@example.com,804-640-2003,Virginia Beach,VA,United States,2023-10-21,Small Business
CUST04721,Thomas,Martin,thomas.martin4721@example.com,804-248-5829,Springfield,IL,United States,2023-08-06,Small Business
CUST04722,Thomas,Gonzalez,thomas.gonzalez4722@example.com,804-863-5755,Houston,TX,United States,2025-01-04,Consumer
CUST04723,Sarah,Martinez,sarah.martinez4723@example.com,804-640-4870,Dallas,TX,United States,2022-10-14,Small Business
CUST04724,Nancy,Garcia,nancy.garcia4724@example.com,804-788-3765,Tampa,FL,United States,2022-08-02,Small Business
CUST04725,Elizabeth,Lopez,elizabeth.lopez4725@example.com,804-548-8811,Buffalo,NY,United States,2024-02-13,Consumer
CUST04726,Jennifer,Hernandez,jennifer.hernandez4726@example.com,804-576-7444,Miami,FL,United States,2022-09-25,Corporate
CUST04727,Patricia,Martin,patricia.martin4727@example.com,804-535-6588,Norfolk,VA,United States,2023-06-20,Small Business
CUST04728,Elizabeth,Gonzalez,elizabeth.gonzalez4728@example.com,804-880-2881,Bellevue,WA,United States,2024-11-22,Corporate
CUST04729,Susan,Williams,susan.williams4729@example.com,804-804-3352,Richmond,VA,United States,2023-05-22,Small Business
CUST04730,Thomas,Smith,thomas.smith4730@example.com,804-123-6807,Naperville,IL,United States,2022-01-15,Corporate
CUST04731,Charles,Johnson,charles.johnson4731@example.com,804-647-8530,Alexandria,VA,United States,2024-05-09,Small Business
CUST04732,Linda,Brown,linda.brown4732@example.com,804-607-9778,San Antonio,TX,United States,2024-06-11,Consumer
CUST04733,Karen,Garcia,karen.garcia4733@example.com,804-229-5701,Springfield,IL,United States,2023-06-09,Small Business
CUST04734,James,Miller,james.miller4734@example.com,804-598-7945,Buffalo,NY,United States,2023-09-26,Small Business
CUST04735,Patricia,Rodriguez,patricia.rodriguez4735@example.com,804-211-1534,Los Angeles,CA,United States,2025-03-31,Small Business
CUST04736,Thomas,Davis,thomas.davis4736@example.com,804-618-4855,Miami,FL,United States,2022-12-13,Corporate
CUST04737,James,Brown,james.brown4737@example.com,804-238-8248,San Antonio,TX,United States,2024-08-30,Corporate
CUST04738,Joseph,Taylor,joseph.taylor4738@example.com,804-198-8387,Buffalo,NY,United States,2022-01-10,Corporate
CUST04739,William,Smith,william.smith4739@example.com,804-912-9812,Miami,FL,United States,2023-01-29,Small Business
CUST04740,Mary,Gonzalez,mary.gonzalez4740@example.com,804-669-5840,New York,NY,United States,2024-03-07,Consumer
CUST04741,Thomas,Wilson,thomas.wilson4741@example.com,804-755-6226,Albany,NY,United States,2022-09-17,Small Business
CUST04742,James,Garcia,james.garcia4742@example.com,804-282-7783,San Antonio,TX,United States,2023-10-18,Consumer
CUST04743,Susan,Jackson,susan.jackson4743@example.com,804-886-9379,Miami,FL,United States,2022-09-04,Consumer
CUST04744,James,Hernandez,james.hernandez4744@example.com,804-659-7509,San Antonio,TX,United States,2025-01-06,Small Business
CUST04745,Robert,Johnson,robert.johnson4745@example.com,804-172-2006,Tacoma,WA,United States,2022-01-21,Small Business
CUST04746,Daniel,Garcia,daniel.garcia4746@example.com,804-763-7415,Dallas,TX,United States,2024-08-15,Consumer
CUST04747,Susan,Williams,susan.williams4747@example.com,804-958-3078,Miami,FL,United States,2024-07-01,Corporate
CUST04748,Jennifer,Martin,jennifer.martin4748@example.com,804-321-6441,Buffalo,NY,United States,2025-02-18,Small Business
CUST04749,Daniel,Garcia,daniel.garcia4749@example.com,804-696-9857,Peoria,IL,United States,2023-02-15,Corporate
CUST04750,David,Lopez,david.lopez4750@example.com,804-244-4763,Miami,FL,United States,2022-04-19,Consumer
CUST04751,Charles,Lopez,charles.lopez4751@example.com,804-326-5301,Virginia Beach,VA,United States,2024-11-21,Corporate
CUST04752,Nancy,Brown,nancy.brown4752@example.com,804-428-8999,Richmond,VA,United States,2022-02-24,Corporate
CUST04753,Robert,Jackson,robert.jackson4753@example.com,804-715-1935,Richmond,VA,United States,2023-07-11,Small Business
CUST04754,Elizabeth,Williams,elizabeth.williams4754@example.com,804-742-3569,Alexandria,VA,United States,2025-03-05,Small Business
CUST04755,Charles,Martin,charles.martin4755@example.com,804-971-5313,Chicago,IL,United States,2023-07-17,Small Business
CUST04756,Nancy,Brown,nancy.brown4756@example.com,804-445-9455,Virginia Beach,VA,United States,2024-11-17,Corporate
CUST04757,Daniel,Rodriguez,daniel.rodriguez4757@example.com,804-530-4012,Los Angeles,CA,United States,2025-03-26,Small Business
CUST04758,Joseph,Lopez,joseph.lopez4758@example.com,804-289-1350,Chicago,IL,United States,2024-10-07,Consumer
CUST04759,Susan,Anderson,susan.anderson4759@example.com,804-609-5673,Seattle,WA,United States,2022-06-14,Consumer
CUST04760,David,Anderson,david.anderson4760@example.com,804-452-7121,Buffalo,NY,United States,2022-09-21,Small Business
CUST04761,Karen,Rodriguez,karen.rodriguez4761@example.com,804-447-2822,Richmond,VA,United States,2022-01-03,Consumer
CUST04762,Robert,Rodriguez,robert.rodriguez4762@example.com,,Springfield,IL,United States,2023-08-24,Corporate
CUST04763,Susan,Brown,susan.brown4763@example.com,804-559-3277,Miami,FL,United States,2024-03-16,Corporate
CUST04764,Mary,Martin,mary.martin4764@example.com,804-957-5706,Rochester,NY,United States,2024-09-19,Small Business
CUST04765,Joseph,Davis,joseph.davis4765@example.com,804-235-9791,San Diego,CA,United States,2023-11-14,Small Business
CUST04766,Mary,Johnson,mary.johnson4766@example.com,804-756-8539,Peoria,IL,United States,2023-05-27,Corporate
CUST04767,Charles,Smith,charles.smith4767@example.com,804-794-3522,Spokane,WA,United States,2022-10-03,Consumer
CUST04768,Daniel,Thomas,daniel.thomas4768@example.com,804-895-8089,Rochester,NY,United States,2023-05-26,Small Business
CUST04769,Charles,Thomas,charles.thomas4769@example.com,804-845-6852,Norfolk,VA,United States,2024-07-09,Corporate
CUST04770,Karen,Hernandez,karen.hernandez4770@example.com,804-880-7299,Norfolk,VA,United States,2022-02-20,Corporate
CUST04771,Charles,Garcia,charles.garcia4771@example.com,804-584-2827,Peoria,IL,United States,2023-09-27,Consumer
CUST04772,David,Lopez,david.lopez4772@example.com,804-968-5084,Rochester,NY,United States,2023-06-27,Consumer
CUST04773,Susan,Jones,susan.jones4773@example.com,804-394-8456,Tampa,FL,United States,2024-11-07,Consumer
CUST04774,Elizabeth,Lopez,elizabeth.lopez4774@example.com,804-883-4208,San Jose,CA,United States,2024-02-29,Corporate
CUST04775,David,Brown,david.brown4775@example.com,804-704-7453,Seattle,WA,United States,2024-12-06,Small Business
CUST04776,Thomas,Lopez,thomas.lopez4776@example.com,804-386-3679,Naperville,IL,United States,2023-10-30,Consumer
CUST04777,Michael,Davis,michael.davis4777@example.com,804-730-8540,Springfield,IL,United States,2023-08-15,Corporate
CUST04778,James,Brown,james.brown4778@example.com,804-401-4173,Peoria,IL,United States,2024-06-23,Corporate
CUST04779,Nancy,Smith,nancy.smith4779@example.com,804-201-5231,Spokane,WA,United States,2022-11-14,Consumer
CUST04780,William,Thomas,william.thomas4780@example.com,804-499-9466,Buffalo,NY,United States,2023-09-19,Small Business
CUST04781,Jessica,Williams,jessica.williams4781@example.com,804-924-8526,Richmond,VA,United States,2024-12-14,Corporate
CUST04782,Charles,Johnson,charles.johnson4782@example.com,804-908-7787,Tampa,FL,United States,2023-01-23,Small Business
CUST04783,Thomas,Jackson,thomas.jackson4783@example.com,804-298-2061,Chicago,IL,United States,2022-02-26,Consumer
CUST04784,David,Thomas,david.thomas4784@example.com,804-918-9708,New York,NY,United States,2022-10-14,Corporate
CUST04785,Karen,Anderson,karen.anderson4785@example.com,804-991-2541,Norfolk,VA,United States,2024-02-06,Small Business
CUST04786,Linda,Johnson,linda.johnson4786@example.com,804-211-9523,Virginia Beach,VA,United States,2024-07-12,Small Business
CUST04787,Elizabeth,Brown,elizabeth.brown4787@example.com,804-696-3825,Dallas,TX,United States,2023-06-20,Consumer
CUST04788,Charles,Johnson,charles.johnson4788@example.com,804-426-9191,Springfield,IL,United States,2023-08-15,Consumer
CUST04789,Jennifer,Anderson,jennifer.anderson4789@example.com,804-902-5636,Buffalo,NY,United States,2023-11-13,Small Business
CUST04790,Michael,Jones,michael.jones4790@example.com,804-202-8613,Richmond,VA,United States,2022-11-12,Corporate
CUST04791,Robert,Taylor,robert.taylor4791@example.com,804-102-8939,Chicago,IL,United States,2022-04-02,Corporate
CUST04792,Michael,Miller,michael.miller4792@example.com,804-765-7149,Rochester,NY,United States,2022-01-05,Consumer
CUST04793,William,Williams,william.williams4793@example.com,804-924-9966,Peoria,IL,United States,2023-01-03,Small Business
CUST04794,Jennifer,Hernandez,jennifer.hernandez4794@example.com,804-375-4731,Houston,TX,United States,2024-01-08,Corporate
CUST04795,Robert,Miller,robert.miller4795@example.com,804-144-5312,Peoria,IL,United States,2024-11-05,Small Business
CUST04796,Karen,Lopez,karen.lopez4796@example.com,804-869-3321,San Antonio,TX,United States,2022-04-16,Small Business
CUST04797,Sarah,Jones,sarah.jones4797@example.com,804-841-6901,Austin,TX,United States,2022-03-14,Consumer
CUST04798,John,Brown,john.brown4798@example.com,804-474-9697,Houston,TX,United States,2022-01-09,Small Business
CUST04799,Jennifer,Miller,jennifer.miller4799@example.com,804-136-7128,New York,NY,United States,2024-11-03,Corporate
CUST04800,Linda,Davis,linda.davis4800@example.com,804-345-9341,Albany,NY,United States,2024-01-03,Corporate
CUST04801,Robert,Moore,robert.moore4801@example.com,804-404-9681,Buffalo,NY,United States,2025-02-28,Corporate
CUST04802,Susan,Lopez,susan.lopez4802@example.com,804-103-8550,Virginia Beach,VA,United States,2023-02-19,Small Business
CUST04803,Joseph,Gonzalez,joseph.gonzalez4803@example.com,804-357-8470,San Jose,CA,United States,2022-01-21,Corporate
CUST04804,David,Smith,david.smith4804@example.com,804-900-6295,Rochester,NY,United States,2024-03-13,Small Business
CUST04805,Mary,Gonzalez,mary.gonzalez4805@example.com,804-267-4308,Rochester,NY,United States,2024-10-14,Consumer
CUST04806,Linda,Smith,linda.smith4806@example.com,804-687-2720,San Francisco,CA,United States,2023-05-05,Consumer
CUST04807,Sarah,Brown,sarah.brown4807@example.com,804-448-2286,Springfield,IL,United States,2024-02-21,Small Business
CUST04808,Elizabeth,Jones,elizabeth.jones4808@example.com,804-507-2782,Seattle,WA,United States,2022-11-12,Consumer
CUST04809,Karen,Wilson,karen.wilson4809@example.com,804-832-3156,Chicago,IL,United States,2023-07-07,Small Business
CUST04810,Robert,Jones,robert.jones4810@example.com,804-345-1366,Buffalo,NY,United States,2022-12-16,Consumer
CUST04811,Mary,Smith,mary.smith4811@example.com,804-558-9624,Los Angeles,CA,United States,2023-01-26,Small Business
CUST04812,Jennifer,Rodriguez,jennifer.rodriguez4812@example.com,804-756-9000,Springfield,IL,United States,2023-11-13,Small Business
CUST04813,David,Davis,david.davis4813@example.com,804-219-8941,Tacoma,WA,United States,2023-10-23,Corporate
CUST04814,Charles,Rodriguez,charles.rodriguez4814@example.com,804-157-9804,Alexandria,VA,United States,2024-02-09,Small Business
CUST04815,Susan,Miller,susan.miller4815@example.com,804-665-4100,Richmond,VA,United States,2023-07-18,Consumer
CUST04816,Mary,Gonzalez,mary.gonzalez4816@example.com,804-231-8948,Dallas,TX,United States,2024-02-11,Consumer
CUST04817,David,Wilson,david.wilson4817@example.com,804-601-4240,Virginia Beach,VA,United States,2024-05-13,Corporate
CUST04818,David,Martin,david.martin4818@example.com,804-300-9911,Peoria,IL,United States,2024-07-11,Small Business
CUST04819,Michael,Taylor,michael.taylor4819@example.com,804-270-3621,Houston,TX,United States,2023-07-27,Consumer
CUST04820,Charles,Davis,charles.davis4820@example.com,804-433-3893,Houston,TX,United States,2023-02-08,Small Business
CUST04821,James,Gonzalez,james.gonzalez4821@example.com,804-982-5772,San Antonio,TX,United States,2022-02-26,Consumer
CUST04822,William,Martinez,william.martinez4822@example.com,804-264-4039,San Diego,CA,United States,2023-09-30,Small Business
CUST04823,Susan,Gonzalez,susan.gonzalez4823@example.com,804-680-4612,Richmond,VA,United States,2024-12-05,Small Business
CUST04824,Susan,Johnson,susan.johnson4824@example.com,804-808-4099,Rochester,NY,United States,2022-11-17,Consumer
CUST04825,Patricia,Lopez,patricia.lopez4825@example.com,804-312-9557,Austin,TX,United States,2025-02-06,Corporate
CUST04826,Susan,Martin,susan.martin4826@example.com,804-880-1528,Los Angeles,CA,United States,2023-11-29,Small Business
CUST04827,Karen,Thomas,karen.thomas4827@example.com,804-816-4033,Albany,NY,United States,2022-05-02,Corporate
CUST04828,Linda,Garcia,linda.garcia4828@example.com,804-593-1073,Springfield,IL,United States,2022-01-29,Small Business
CUST04829,Karen,Wilson,karen.wilson4829@example.com,804-503-8477,Tampa,FL,United States,2024-10-27,Corporate
CUST04830,Susan,Garcia,susan.garcia4830@example.com,804-355-7008,Chicago,IL,United States,2023-07-05,Small Business
CUST04831,Karen,Gonzalez,karen.gonzalez4831@example.com,804-964-1011,Orlando,FL,United States,2022-10-13,Small Business
CUST04832,Susan,Rodriguez,susan.rodriguez4832@example.com,804-868-7028,Chicago,IL,United States,2022-08-15,Corporate
CUST04833,Elizabeth,Williams,elizabeth.williams4833@example.com,804-530-9313,San Antonio,TX,United States,2024-04-15,Consumer
CUST04834,William,Johnson,william.johnson4834@example.com,804-409-8927,Naperville,IL,United States,2025-03-10,Consumer
CUST04835,William,Garcia,william.garcia4835@example.com,804-832-3553,Spokane,WA,United States,2023-10-28,Consumer
CUST04836,Linda,Jones,linda.jones4836@example.com,804-405-1961,Richmond,VA,United States,2023-08-28,Small Business
CUST04837,Michael,Thomas,michael.thomas4837@example.com,804-294-2962,San Jose,CA,United States,2022-11-02,Consumer
CUST04838,Jessica,Moore,jessica.moore4838@example.com,804-844-2278,Houston,TX,United States,2024-01-18,Small Business
CUST04839,Susan,Garcia,susan.garcia4839@example.com,804-554-5615,Peoria,IL,United States,2023-07-19,Corporate
CUST04840,Thomas,Gonzalez,thomas.gonzalez4840@example.com,804-523-4813,Albany,NY,United States,2022-12-01,Consumer
CUST04841,James,Anderson,james.anderson4841@example.com,804-850-1600,Miami,FL,United States,2022-03-23,Consumer
CUST04842,Elizabeth,Taylor,elizabeth.taylor4842@example.com,804-720-5871,Seattle,WA,United States,2024-02-01,Consumer
CUST04843,Sarah,Martinez,sarah.martinez4843@example.com,804-362-2139,Chicago,IL,United States,2022-02-22,Consumer
CUST04844,Mary,Anderson,mary.anderson4844@example.com,804-683-3834,Dallas,TX,United States,2022-05-27,Consumer
CUST04845,James,Wilson,james.wilson4845@example.com,804-233-2202,New York,NY,United States,2023-06-27,Consumer
CUST04846,William,Miller,william.miller4846@example.com,804-904-1152,Los Angeles,CA,United States,2023-12-14,Consumer
CUST04847,Charles,Anderson,charles.anderson4847@example.com,804-525-1252,Tampa,FL,United States,2022-03-21,Corporate
CUST04848,Patricia,Rodriguez,patricia.rodriguez4848@example.com,804-453-2179,San Jose,CA,United States,2024-12-05,Corporate
CUST04849,Patricia,Rodriguez,patricia.rodriguez4849@example.com,804-152-3557,Springfield,IL,United States,2024-07-26,Consumer
CUST04850,Joseph,Brown,joseph.brown4850@example.com,804-181-8117,San Jose,CA,United States,2022-09-08,Consumer
CUST04851,Patricia,Rodriguez,patricia.rodriguez4851@example.com,804-214-1585,Austin,TX,United States,2023-01-30,Corporate
CUST04852,David,Smith,david.smith4852@example.com,804-425-6697,Naperville,IL,United States,2024-10-18,Consumer
CUST04853,Sarah,Miller,sarah.miller4853@example.com,804-107-8187,Richmond,VA,United States,2023-01-18,Consumer
CUST04854,Elizabeth,Hernandez,elizabeth.hernandez4854@example.com,804-661-9479,Tacoma,WA,United States,2023-09-08,Corporate
CUST04855,Nancy,Wilson,nancy.wilson4855@example.com,804-932-4846,Springfield,IL,United States,2023-10-13,Corporate
CUST04856,Daniel,Martin,daniel.martin4856@example.com,804-200-5405,Orlando,FL,United States,2022-06-02,Consumer
CUST04857,Charles,Brown,charles.brown4857@example.com,804-238-4026,San Antonio,TX,United States,2022-08-15,Small Business
CUST04858,Elizabeth,Williams,elizabeth.williams4858@example.com,804-371-4141,Albany,NY,United States,2022-11-04,Corporate
CUST04859,Robert,Gonzalez,robert.gonzalez4859@example.com,804-348-9725,Norfolk,VA,United States,2022-12-22,Small Business
CUST04860,Joseph,Wilson,joseph.wilson4860@example.com,804-442-2148,New York,NY,United States,2022-06-20,Consumer
CUST04861,Thomas,Jones,thomas.jones4861@example.com,804-853-7980,Spokane,WA,United States,2023-01-23,Corporate
CUST04862,Linda,Gonzalez,linda.gonzalez4862@example.com,804-111-9080,Alexandria,VA,United States,2024-11-05,Consumer
CUST04863,William,Johnson,william.johnson4863@example.com,804-833-4587,Orlando,FL,United States,2024-01-05,Consumer
CUST04864,Susan,Anderson,susan.anderson4864@example.com,804-284-5078,Orlando,FL,United States,2022-04-23,Corporate
CUST04865,Joseph,Garcia,joseph.garcia4865@example.com,804-703-6331,Los Angeles,CA,United States,2024-07-02,Small Business
CUST04866,Joseph,Johnson,joseph.johnson4866@example.com,804-189-1326,Peoria,IL,United States,2024-05-16,Small Business
CUST04867,Nancy,Smith,nancy.smith4867@example.com,804-595-4544,Springfield,IL,United States,2024-09-04,Corporate
CUST04868,Linda,Miller,linda.miller4868@example.com,804-500-7625,Austin,TX,United States,2022-04-01,Small Business
CUST04869,David,Lopez,david.lopez4869@example.com,804-951-1797,Los Angeles,CA,United States,2022-03-17,Small Business
CUST04870,Mary,Wilson,mary.wilson4870@example.com,804-808-9274,Springfield,IL,United States,2024-01-09,Consumer
CUST04871,Susan,Wilson,susan.wilson4871@example.com,804-687-5717,Albany,NY,United States,2022-06-09,Consumer
CUST04872,Jessica,Williams,jessica.williams4872@example.com,804-815-3950,Richmond,VA,United States,2024-02-01,Small Business
CUST04873,Nancy,Johnson,nancy.johnson4873@example.com,804-220-9269,Alexandria,VA,United States,2022-07-08,Consumer
CUST04874,Nancy,Moore,nancy.moore4874@example.com,804-369-1235,San Antonio,TX,United States,2024-10-07,Consumer
CUST04875,Thomas,Anderson,thomas.anderson4875@example.com,804-545-8190,New York,NY,United States,2022-09-01,Corporate
CUST04876,Mary,Rodriguez,mary.rodriguez4876@example.com,804-991-4261,San Antonio,TX,United States,2023-11-26,Small Business
CUST04877,Thomas,Lopez,thomas.lopez4877@example.com,804-429-1859,Springfield,IL,United States,2022-12-30,Small Business
CUST04878,Joseph,Johnson,joseph.johnson4878@example.com,804-607-5769,Houston,TX,United States,2023-03-13,Small Business
CUST04879,Joseph,Thomas,joseph.thomas4879@example.com,804-423-5068,Buffalo,NY,United States,2023-10-28,Corporate
CUST04880,Sarah,Martinez,sarah.martinez4880@example.com,804-630-2714,Dallas,TX,United States,2024-10-13,Consumer
CUST04881,James,Miller,james.miller4881@example.com,804-103-5080,Richmond,VA,United States,2022-01-05,Small Business
CUST04882,Charles,Jones,charles.jones4882@example.com,804-932-7635,Tacoma,WA,United States,2023-06-11,Consumer
CUST04883,Daniel,Anderson,daniel.anderson4883@example.com,804-925-6792,Rochester,NY,United States,2024-12-01,Consumer
CUST04884,Daniel,Smith,daniel.smith4884@example.com,804-372-1786,Alexandria,VA,United States,2023-06-18,Corporate
CUST04885,Joseph,Williams,joseph.williams4885@example.com,804-577-8273,Virginia Beach,VA,United States,2022-09-14,Consumer
CUST04886,William,Johnson,william.johnson4886@example.com,804-635-5952,San Antonio,TX,United States,2022-02-09,Corporate
CUST04887,Robert,Williams,robert.williams4887@example.com,804-619-7565,Naperville,IL,United States,2024-02-24,Corporate
CUST04888,Michael,Miller,michael.miller4888@example.com,804-294-2038,Peoria,IL,United States,2023-07-17,Small Business
CUST04889,Elizabeth,Moore,elizabeth.moore4889@example.com,804-411-5975,Alexandria,VA,United States,2022-06-22,Corporate
CUST04890,Linda,Anderson,linda.anderson4890@example.com,804-965-2014,San Antonio,TX,United States,2022-03-17,Small Business
CUST04891,Thomas,Martin,thomas.martin4891@example.com,804-207-9661,Rochester,NY,United States,2024-03-14,Small Business
CUST04892,Daniel,Smith,daniel.smith4892@example.com,804-269-8982,San Diego,CA,United States,2023-08-08,Small Business
CUST04893,Michael,Martinez,michael.martinez4893@example.com,804-908-3615,Richmond,VA,United States,2023-10-12,Consumer
CUST04894,Joseph,Smith,joseph.smith4894@example.com,804-120-7194,Bellevue,WA,United States,2022-04-01,Corporate
CUST04895,Nancy,Anderson,nancy.anderson4895@example.com,804-852-7054,Orlando,FL,United States,2023-09-28,Corporate
CUST04896,Daniel,Miller,daniel.miller4896@example.com,804-142-5924,Tampa,FL,United States,2023-05-29,Small Business
CUST04897,Linda,Jackson,linda.jackson4897@example.com,804-303-5157,Jacksonville,FL,United States,2023-02-01,Corporate
CUST04898,Nancy,Smith,nancy.smith4898@example.com,804-721-9700,Miami,FL,United States,2023-06-12,Corporate
CUST04899,Joseph,Hernandez,joseph.hernandez4899@example.com,804-986-2257,Dallas,TX,United States,2025-02-12,Corporate
CUST04900,Sarah,Smith,sarah.smith4900@example.com,804-822-9632,Richmond,VA,United States,2022-03-28,Small Business
CUST04901,James,Williams,james.williams4901@example.com,804-920-4701,New York,NY,United States,2024-11-21,Consumer
CUST04902,David,Williams,david.williams4902@example.com,804-379-2424,Dallas,TX,United States,2023-05-31,Small Business
CUST04903,Karen,Taylor,karen.taylor4903@example.com,804-248-6735,San Jose,CA,United States,2024-10-03,Consumer
CUST04904,Linda,Taylor,linda.taylor4904@example.com,804-709-6825,Tacoma,WA,United States,2022-04-04,Small Business
CUST04905,Mary,Anderson,,804-987-6454,Jacksonville,FL,United States,2024-07-04,Corporate
CUST04906,Michael,Hernandez,michael.hernandez4906@example.com,804-325-7430,Alexandria,VA,United States,2022-05-03,Corporate
CUST04907,John,Rodriguez,john.rodriguez4907@example.com,804-186-6837,Austin,TX,United States,2024-08-24,Consumer
CUST04908,Robert,Martin,robert.martin4908@example.com,804-756-5509,Rochester,NY,United States,2024-05-01,Small Business
CUST04909,Jennifer,Rodriguez,jennifer.rodriguez4909@example.com,804-658-6603,Springfield,IL,United States,2024-05-03,Consumer
CUST04910,Thomas,Lopez,thomas.lopez4910@example.com,804-161-7337,Peoria,IL,United States,2024-08-28,Consumer
CUST04911,James,Williams,james.williams4911@example.com,804-486-6022,Norfolk,VA,United States,2022-06-26,Consumer
CUST04912,Daniel,Jones,daniel.jones4912@example.com,804-969-6407,Rochester,NY,United States,2024-11-12,Small Business
CUST04913,Robert,Anderson,robert.anderson4913@example.com,,Orlando,FL,United States,2025-02-14,Corporate
CUST04914,Linda,Martinez,linda.martinez4914@example.com,804-217-4166,Richmond,VA,United States,2023-08-03,Corporate
CUST04915,Robert,Moore,robert.moore4915@example.com,804-916-8070,Springfield,IL,United States,2024-05-06,Corporate
CUST04916,Joseph,Thomas,joseph.thomas4916@example.com,804-478-5125,Rochester,NY,United States,2023-01-02,Corporate
CUST04917,Linda,Martinez,linda.martinez4917@example.com,804-735-6865,Orlando,FL,United States,2024-07-08,Corporate
CUST04918,Jennifer,Garcia,jennifer.garcia4918@example.com,804-548-1550,Chicago,IL,United States,2025-03-30,Corporate
CUST04919,Joseph,Lopez,joseph.lopez4919@example.com,804-675-8675,Orlando,FL,United States,2022-01-23,Corporate
CUST04920,Jennifer,Anderson,jennifer.anderson4920@example.com,804-653-6425,San Jose,CA,United States,2023-05-07,Small Business
CUST04921,Thomas,Williams,thomas.williams4921@example.com,804-377-5366,Spokane,WA,United States,2024-11-26,Consumer
CUST04922,Nancy,Anderson,nancy.anderson4922@example.com,804-418-5428,Springfield,IL,United States,2025-01-29,Consumer
CUST04923,Nancy,Rodriguez,nancy.rodriguez4923@example.com,804-627-9604,Seattle,WA,United States,2023-09-10,Corporate
CUST04924,Nancy,Moore,nancy.moore4924@example.com,804-510-4266,Chicago,IL,United States,2025-01-09,Corporate
CUST04925,Jennifer,Martinez,jennifer.martinez4925@example.com,804-459-8297,Alexandria,VA,United States,2022-08-01,Small Business
CUST04926,Karen,Williams,karen.williams4926@example.com,804-260-2064,Rochester,NY,United States,2022-09-09,Small Business
CUST04927,Sarah,Williams,sarah.williams4927@example.com,804-398-1328,San Antonio,TX,United States,2023-02-09,Small Business
CUST04928,John,Jackson,john.jackson4928@example.com,804-525-2970,Chicago,IL,United States,2024-03-25,Corporate
CUST04929,Joseph,Martin,joseph.martin4929@example.com,804-276-2245,Peoria,IL,United States,2024-09-09,Small Business
CUST04930,Daniel,Garcia,daniel.garcia4930@example.com,804-767-7940,Austin,TX,United States,2024-10-08,Corporate
CUST04931,Patricia,Gonzalez,patricia.gonzalez4931@example.com,804-374-9500,Bellevue,WA,United States,2022-07-08,Small Business
CUST04932,Robert,Hernandez,robert.hernandez4932@example.com,804-423-3479,Norfolk,VA,United States,2022-12-20,Small Business
CUST04933,James,Martin,james.martin4933@example.com,804-895-8233,Austin,TX,United States,2022-05-24,Consumer
CUST04934,Elizabeth,Thomas,elizabeth.thomas4934@example.com,804-996-6155,Seattle,WA,United States,2022-05-15,Small Business
CUST04935,John,Moore,john.moore4935@example.com,804-194-1031,San Jose,CA,United States,2022-06-22,Corporate
CUST04936,Sarah,Wilson,sarah.wilson4936@example.com,804-199-7409,Springfield,IL,United States,2022-08-28,Corporate
CUST04937,Michael,Gonzalez,michael.gonzalez4937@example.com,804-108-4652,Buffalo,NY,United States,2023-12-16,Corporate
CUST04938,Jennifer,Williams,jennifer.williams4938@example.com,804-407-7610,Los Angeles,CA,United States,2022-11-25,Corporate
CUST04939,John,Martinez,john.martinez4939@example.com,804-582-1692,Tampa,FL,United States,2025-03-15,Consumer
CUST04940,James,Lopez,james.lopez4940@example.com,804-300-4057,Virginia Beach,VA,United States,2024-01-28,Consumer
CUST04941,Michael,Hernandez,michael.hernandez4941@example.com,804-904-7488,Albany,NY,United States,2024-03-06,Corporate
CUST04942,Linda,Wilson,linda.wilson4942@example.com,804-747-5920,Jacksonville,FL,United States,2023-04-27,Small Business
CUST04943,Daniel,Taylor,daniel.taylor4943@example.com,804-869-3167,Los Angeles,CA,United States,2024-04-06,Corporate
CUST04944,Daniel,Jones,daniel.jones4944@example.com,804-381-3303,Chicago,IL,United States,2024-02-12,Small Business
CUST04945,Robert,Williams,robert.williams4945@example.com,804-368-4481,San Diego,CA,United States,2023-06-30,Small Business
CUST04946,Mary,Wilson,mary.wilson4946@example.com,804-161-4392,Jacksonville,FL,United States,2025-01-13,Small Business
CUST04947,Patricia,Jones,patricia.jones4947@example.com,804-840-9278,San Diego,CA,United States,2024-11-13,Consumer
CUST04948,Nancy,Johnson,nancy.johnson4948@example.com,804-736-6724,San Jose,CA,United States,2022-01-06,Corporate
CUST04949,Jessica,Moore,jessica.moore4949@example.com,804-135-4890,Seattle,WA,United States,2024-03-06,Consumer
CUST04950,James,Smith,james.smith4950@example.com,804-633-1277,Spokane,WA,United States,2023-07-08,Consumer
CUST04951,Patricia,Rodriguez,patricia.rodriguez4951@example.com,804-466-9087,Dallas,TX,United States,2024-05-02,Corporate
CUST04952,Patricia,Brown,patricia.brown4952@example.com,804-734-3130,Albany,NY,United States,2025-03-22,Small Business
CUST04953,Nancy,Brown,nancy.brown4953@example.com,804-985-2088,Jacksonville,FL,United States,2022-04-07,Consumer
CUST04954,Jessica,Hernandez,jessica.hernandez4954@example.com,804-687-5958,Springfield,IL,United States,2022-02-07,Small Business
CUST04955,James,Jackson,james.jackson4955@example.com,804-113-2759,Los Angeles,CA,United States,2024-05-11,Consumer
CUST04956,Michael,Wilson,michael.wilson4956@example.com,804-723-5905,San Francisco,CA,United States,2023-08-21,Corporate
CUST04957,William,Martin,william.martin4957@example.com,804-103-7783,Virginia Beach,VA,United States,2022-09-16,Consumer
CUST04958,David,Miller,david.miller4958@example.com,804-283-6634,Seattle,WA,United States,2024-01-05,Corporate
CUST04959,Karen,Moore,karen.moore4959@example.com,804-607-1707,Chicago,IL,United States,2023-09-08,Corporate
CUST04960,David,Hernandez,david.hernandez4960@example.com,804-849-4445,New York,NY,United States,2024-04-08,Consumer
CUST04961,David,Anderson,david.anderson4961@example.com,804-755-4356,Spokane,WA,United States,2022-07-24,Corporate
CUST04962,James,Davis,james.davis4962@example.com,804-609-8218,Miami,FL,United States,2024-03-22,Small Business
CUST04963,Susan,Jones,susan.jones4963@example.com,804-643-1701,San Jose,CA,United States,2024-10-29,Corporate
CUST04964,William,Jones,william.jones4964@example.com,804-793-9701,Miami,FL,United States,2022-03-08,Small Business
CUST04965,Karen,Hernandez,karen.hernandez4965@example.com,804-296-8835,Virginia Beach,VA,United States,2025-01-19,Consumer
CUST04966,John,Jones,john.jones4966@example.com,804-519-6011,San Jose,CA,United States,2025-02-04,Small Business
CUST04967,Thomas,Rodriguez,thomas.rodriguez4967@example.com,804-923-4094,Jacksonville,FL,United States,2025-02-02,Corporate
CUST04968,Susan,Brown,susan.brown4968@example.com,804-861-2177,New York,NY,United States,2023-10-17,Small Business
CUST04969,Joseph,Williams,joseph.williams4969@example.com,804-382-9432,Richmond,VA,United States,2022-01-05,Corporate
CUST04970,Robert,Miller,robert.miller4970@example.com,804-108-5659,Naperville,IL,United States,2024-11-02,Small Business
CUST04971,Linda,Jackson,linda.jackson4971@example.com,804-541-2283,Virginia Beach,VA,United States,2023-10-24,Corporate
CUST04972,Daniel,Moore,daniel.moore4972@example.com,804-726-4125,Richmond,VA,United States,2022-05-09,Small Business
CUST04973,Daniel,Rodriguez,daniel.rodriguez4973@example.com,804-213-2576,San Francisco,CA,United States,2024-06-02,Corporate
CUST04974,William,Johnson,william.johnson4974@example.com,804-793-7739,Jacksonville,FL,United States,2023-12-04,Consumer
CUST04975,Jessica,Jackson,jessica.jackson4975@example.com,804-178-2053,New York,NY,United States,2022-05-04,Consumer
CUST04976,James,Brown,james.brown4976@example.com,804-477-7392,Alexandria,VA,United States,2024-02-21,Small Business
CUST04977,Linda,Moore,linda.moore4977@example.com,804-414-2629,Springfield,IL,United States,2024-03-06,Corporate
CUST04978,Jennifer,Garcia,jennifer.garcia4978@example.com,804-778-1913,Seattle,WA,United States,2024-09-23,Corporate
CUST04979,Daniel,Smith,daniel.smith4979@example.com,804-881-5429,Albany,NY,United States,2022-01-16,Consumer
CUST04980,Karen,Davis,karen.davis4980@example.com,804-603-3934,Virginia Beach,VA,United States,2023-11-10,Consumer
CUST04981,Jennifer,Anderson,jennifer.anderson4981@example.com,804-696-2303,New York,NY,United States,2022-04-14,Corporate
CUST04982,Daniel,Taylor,daniel.taylor4982@example.com,804-444-2492,Chicago,IL,United States,2024-02-04,Small Business
CUST04983,Susan,Garcia,susan.garcia4983@example.com,804-741-6200,Jacksonville,FL,United States,2023-06-09,Consumer
CUST04984,Robert,Moore,robert.moore4984@example.com,804-591-3811,Buffalo,NY,United States,2023-06-26,Small Business
CUST04985,James,Jones,james.jones4985@example.com,804-493-6150,Miami,FL,United States,2024-07-28,Consumer
CUST04986,William,Jones,william.jones4986@example.com,804-628-2822,San Jose,CA,United States,2023-11-19,Consumer
CUST04987,Joseph,Jones,joseph.jones4987@example.com,804-323-1990,Naperville,IL,United States,2023-04-11,Consumer
CUST04988,James,Smith,james.smith4988@example.com,804-388-7951,Los Angeles,CA,United States,2023-03-08,Corporate
CUST04989,Elizabeth,Davis,elizabeth.davis4989@example.com,804-968-7083,Alexandria,VA,United States,2024-10-25,Corporate
CUST04990,Robert,Thomas,robert.thomas4990@example.com,804-154-6009,Richmond,VA,United States,2022-09-17,Small Business
CUST04991,Sarah,Martin,sarah.martin4991@example.com,804-512-8144,Jacksonville,FL,United States,2023-01-12,Small Business
CUST04992,Michael,Lopez,michael.lopez4992@example.com,804-732-7231,San Francisco,CA,United States,2024-06-08,Corporate
CUST04993,Joseph,Miller,joseph.miller4993@example.com,804-141-8256,San Antonio,TX,United States,2024-11-02,Consumer
CUST04994,Elizabeth,Thomas,elizabeth.thomas4994@example.com,804-288-3099,New York,NY,United States,2023-12-31,Consumer
CUST04995,Sarah,Smith,sarah.smith4995@example.com,804-816-7051,Naperville,IL,United States,2022-10-19,Small Business
CUST04996,Robert,Miller,robert.miller4996@example.com,804-317-2830,Seattle,WA,United States,2023-09-16,Corporate
CUST04997,Jessica,Gonzalez,jessica.gonzalez4997@example.com,804-998-7771,Peoria,IL,United States,2023-09-22,Small Business
CUST04998,Patricia,Martin,patricia.martin4998@example.com,804-220-7063,Tampa,FL,United States,2022-05-20,Corporate
CUST04999,Linda,Jackson,linda.jackson4999@example.com,804-429-7044,San Diego,CA,United States,2024-10-10,Small Business
CUST05000,Elizabeth,Jones,elizabeth.jones5000@example.com,804-447-9347,San Antonio,TX,United States,2022-12-31,Small Business
